mtllib DefaultLayer.mtl
# vertices
v -576 192 -1984
v -576 192 -336
v -576 200 -336
v -576 200 -1984
v 464 200 -336
v 464 192 -336
v 464 192 -1984
v 464 200 -1984
v -464 208 -328
v -464 208 -320
v -464 232 -320
v -464 232 -328
v 464 232 -320
v 464 208 -320
v 464 208 -328
v 464 232 -328
v -576 8 -2136
v -576 8 -1992
v -576 16 -1992
v -576 16 -2136
v 424 16 -1992
v 424 8 -1992
v 424 8 -2136
v 424 16 -2136
v 32 0 -1992
v 32 0 -1984
v 32 16 -1984
v 32 16 -1992
v 112 16 -1984
v 112 0 -1984
v 112 0 -1992
v 112 16 -1992
v 24 -544 -2136
v 24 -544 -1992
v 24 -536 -1992
v 24 -536 -2136
v 120 -536 -1992
v 120 -544 -1992
v 120 -544 -2136
v 120 -536 -2136
v 32 80 -2008
v 32 80 -2000
v 32 120 -2000
v 32 120 -2008
v 112 120 -2000
v 112 80 -2000
v 112 80 -2008
v 112 120 -2008
v 24 -544 -1912
v 24 -544 -1712
v 24 -536 -1712
v 24 -536 -1912
v 120 -536 -1712
v 120 -544 -1712
v 120 -544 -1912
v 120 -536 -1912
v 352 -552 124
v 352 -552 236
v 352 -528 236
v 352 -528 124
v 364 -528 236
v 364 -552 236
v 364 -552 124
v 364 -528 124
v 1064 -528 48
v 1064 -528 320
v 1064 -524 320
v 1064 -524 48
v 1408 -524 320
v 1408 -528 320
v 1408 -528 48
v 1408 -524 48
v 1408 -528 320
v 1408 -524 320
v 1408 -524 48
v 1408 -528 48
v 2176 -396 48
v 2176 -396 320
v 2176 -400 320
v 2176 -400 48
v 2176 -400 -764
v 2176 -400 724
v 2176 -376 724
v 2176 -376 -764
v 3204 -376 724
v 3204 -400 724
v 3204 -400 -764
v 3204 -376 -764
v 128 -612 220
v 128 -612 228
v 128 -572 228
v 128 -572 220
v 208 -572 228
v 208 -612 228
v 208 -612 220
v 208 -572 220
v 2288 -404 204
v 2288 -408 208
v 2288 -404 212
v 2288 -400 208
v 2292 -408 208
v 2292 -400 208
v 2292 -404 204
v 2296 -404 196
v 2296 -408 200
v 2296 -404 204
v 2296 -400 200
v 2300 -408 200
v 2300 -400 200
v 2300 -404 196
v 2516 -404 148
v 2516 -408 152
v 2516 -404 156
v 2516 -400 152
v 2520 -404 156
v 2520 -408 152
v 2520 -400 152
v 2520 -404 156
v 2520 -408 160
v 2520 -404 164
v 2520 -400 160
v 2524 -404 164
v 2524 -408 160
v 2524 -400 160
v 2636 -404 172
v 2636 -408 176
v 2636 -404 180
v 2636 -400 176
v 2640 -404 180
v 2640 -408 176
v 2640 -400 176
v 40 -552 -256
v 40 -552 -248
v 40 -544 -248
v 40 -544 -256
v 120 -544 -248
v 120 -552 -248
v 120 -552 -256
v 120 -544 -256
v 24 -548 -1992
v 24 -552 -1988
v 24 -548 -1984
v 24 -544 -1988
v 120 -548 -1984
v 120 -552 -1988
v 120 -544 -1988
v 120 -548 -1992
v 120 -552 -1660
v 116 -548 -1660
v 116 -548 -1988
v 120 -552 -1988
v 120 -544 -1988
v 120 -544 -1660
v 124 -548 -1660
v 124 -548 -1988
v 24 -548 -1692
v 24 -552 -1688
v 24 -548 -1684
v 24 -544 -1688
v 120 -548 -1684
v 120 -552 -1688
v 120 -544 -1688
v 120 -548 -1692
v 2928 -532 -756
v 2928 -532 740
v 2928 -396 740
v 2928 -396 -756
v 2936 -396 740
v 2936 -532 740
v 2936 -532 -756
v 2936 -396 -756
v 2880 -532 672
v 2880 -532 724
v 2880 -400 724
v 2880 -400 672
v 2928 -400 724
v 2928 -532 724
v 2928 -532 672
v 2928 -400 672
v 2176 -532 312
v 2176 -532 740
v 2176 -396 740
v 2176 -396 312
v 2184 -396 740
v 2184 -532 740
v 2184 -532 312
v 2184 -396 312
v 2184 -532 676
v 2184 -532 724
v 2184 -396 724
v 2184 -396 676
v 2228 -396 724
v 2228 -532 724
v 2228 -532 676
v 2228 -396 676
v 2176 -532 -756
v 2176 -532 56
v 2176 -396 56
v 2176 -396 -756
v 2188 -396 56
v 2188 -532 56
v 2188 -532 -756
v 2188 -396 -756
v 2188 -532 -280
v 2188 -532 -236
v 2188 -396 -236
v 2188 -396 -280
v 2236 -396 -236
v 2236 -532 -236
v 2236 -532 -280
v 2236 -396 -280
v 2176 -532 -432
v 2176 -532 -284
v 2176 -396 -284
v 2176 -396 -432
v 3204 -396 -284
v 3204 -532 -284
v 3204 -532 -432
v 3204 -396 -432
v 2884 -532 -284
v 2884 -532 -236
v 2884 -396 -236
v 2884 -396 -284
v 2928 -396 -236
v 2928 -532 -236
v 2928 -532 -284
v 2928 -396 -284
v 1408 -672 320
v 1408 -528 320
v 1408 -528 312
v 1408 -672 312
v 2176 -397.2765957446809 312
v 2176 -397.27659574468095 320
v 2176 -541.2765957446809 320
v 2176 -541.2765957446809 312
v 1056 -672 236
v 1056 -672 316
v 1056 -528 316
v 1056 -528 236
v 1064 -528 316
v 1064 -672 316
v 1064 -672 236
v 1064 -528 236
v 1408 -672 56
v 1408 -528 56
v 1408 -528 48
v 1408 -672 48
v 2176 -397.2765957446836 48
v 2176 -397.27659574468373 56
v 2176 -541.2765957446773 56
v 2176 -541.2765957446809 48
v 1056 -672 52
v 1056 -672 124
v 1056 -528 124
v 1056 -528 52
v 1064 -528 124
v 1064 -672 124
v 1064 -672 52
v 1064 -528 52
v 352 -672 124
v 352 -672 144
v 352 -552 144
v 352 -552 124
v 364 -552 144
v 364 -672 144
v 364 -672 124
v 364 -552 124
v 352 -672 216
v 352 -672 236
v 352 -552 236
v 352 -552 216
v 364 -552 236
v 364 -672 236
v 364 -672 216
v 364 -552 216
v 1064 -672 312
v 1064 -672 320
v 1064 -528 320
v 1064 -528 312
v 1408 -528 320
v 1408 -672 320
v 1408 -672 312
v 1408 -528 312
v 1064 -672 48
v 1064 -672 56
v 1064 -528 56
v 1064 -528 48
v 1408 -528 56
v 1408 -672 56
v 1408 -672 48
v 1408 -528 48
v 120 -664 224
v 120 -664 232
v 120 -544 232
v 120 -544 224
v 352 -544 232
v 352 -664 232
v 352 -664 224
v 352 -544 224
v 16 -672 -96
v 16 -672 240
v 16 -544 240
v 16 -544 -96
v 32 -544 240
v 32 -672 240
v 32 -672 -96
v 32 -544 -96
v 128 -664 120
v 144 -664 136
v 144 -544 136
v 128 -544 120
v 352 -544 136
v 352 -664 136
v 352 -664 120
v 352 -544 120
v 128 -664 -104
v 128 -664 120
v 128 -544 120
v 128 -544 -104
v 136 -544 120
v 136 -664 120
v 136 -664 -104
v 136 -544 -104
v 24 -664 -248
v 24 -664 -104
v 24 -536 -104
v 24 -536 -248
v 32 -536 -104
v 32 -664 -104
v 32 -664 -248
v 32 -536 -248
v -144 -664 -104
v -144 -664 -96
v -144 -536 -96
v -144 -536 -104
v 32 -536 -96
v 32 -664 -96
v 32 -664 -104
v 32 -536 -104
v 128 -664 -248
v 128 -664 -104
v 128 -536 -104
v 128 -536 -248
v 136 -536 -104
v 136 -664 -104
v 136 -664 -248
v 136 -536 -248
v 120 -664 -256
v 120 -664 -248
v 120 -536 -248
v 120 -536 -256
v 288 -536 -248
v 288 -664 -248
v 288 -664 -256
v 288 -536 -256
v -144 -664 -256
v -144 -664 -248
v -144 -536 -248
v -144 -536 -256
v 40 -536 -248
v 40 -664 -248
v 40 -664 -256
v 40 -536 -256
v 40 -664 -256
v 40 -664 -248
v 40 -552 -248
v 40 -552 -256
v 48 -552 -248
v 48 -664 -248
v 48 -664 -256
v 48 -552 -256
v 112 -664 -256
v 112 -664 -248
v 112 -552 -248
v 112 -552 -256
v 120 -552 -248
v 120 -664 -248
v 120 -664 -256
v 120 -552 -256
v -224 16 -1992
v -224 16 -1984
v -224 200 -1984
v -224 200 -1992
v 400 200 -1984
v 400 16 -1984
v 400 16 -1992
v 400 200 -1992
v 400 16 -1992
v 400 16 -440
v 400 192 -440
v 400 192 -1992
v 424 192 -440
v 424 16 -440
v 424 16 -1992
v 424 192 -1992
v -240 16 -1992
v -240 16 -1480
v -240 192 -1480
v -240 192 -1992
v -224 192 -1480
v -224 16 -1480
v -224 16 -1992
v -224 192 -1992
v -576 16 -1992
v -576 16 -760
v -576 192 -760
v -576 192 -1992
v -552 192 -760
v -552 16 -760
v -552 16 -1992
v -552 192 -1992
v -552 16 -1480
v -552 16 -1456
v -552 192 -1456
v -552 192 -1480
v -224 192 -1456
v -224 16 -1456
v -224 16 -1480
v -224 192 -1480
v -552 88 -1392
v -552 88 -808
v -552 96 -808
v -552 96 -1392
v -504 96 -808
v -504 88 -808
v -504 88 -1392
v -504 96 -1392
v -504 88 -1440
v -504 88 -1392
v -504 96 -1392
v -504 96 -1440
v -224 96 -1392
v -224 88 -1392
v -224 88 -1440
v -224 96 -1440
v 224 16 -516
v 224 16 -440
v 224 192 -440
v 224 192 -512
v 400 192 -440
v 400 16 -440
v 400 16 -516
v 400 192 -512
v 224 80 -544
v 224 80 -512
v 224 84 -512
v 224 84 -544
v 400 84 -512
v 400 80 -512
v 400 80 -544
v 400 84 -544
v 224 56 -544
v 224 56 -512
v 224 60 -512
v 224 60 -544
v 400 60 -512
v 400 56 -512
v 400 56 -544
v 400 60 -544
v 224 32 -544
v 224 32 -512
v 224 36 -512
v 224 36 -544
v 400 36 -512
v 400 32 -512
v 400 32 -544
v 400 36 -544
v 216 16 -544
v 216 16 -440
v 216 192 -440
v 216 192 -544
v 224 192 -440
v 224 16 -440
v 224 16 -544
v 224 192 -544
v 144 136 -352
v 144 136 -320
v 144 208 -320
v 144 208 -352
v 424 208 -320
v 424 136 -320
v 424 136 -352
v 424 208 -352
v 64 152 -352
v 64 152 -320
v 64 208 -320
v 64 208 -352
v 144 208 -320
v 144 152 -320
v 144 152 -352
v 144 208 -352
v 64 128 -352
v 64 128 -320
v 64 152 -320
v 64 152 -352
v 144 152 -320
v 144 128 -320
v 144 128 -352
v 144 152 -352
v 80 64 -352
v 80 64 -320
v 80 128 -320
v 80 128 -352
v 144 128 -320
v 144 64 -320
v 144 64 -352
v 144 128 -352
v 80 0 -352
v 80 0 -320
v 80 64 -320
v 80 64 -352
v 144 64 -320
v 144 0 -320
v 144 0 -352
v 144 64 -352
v 144 0 -352
v 144 0 -320
v 144 48 -320
v 144 48 -352
v 424 48 -320
v 424 0 -320
v 424 0 -352
v 424 48 -352
v 416 16 -440
v 416 16 -352
v 416 192 -352
v 416 192 -436
v 424 192 -352
v 424 16 -352
v 424 16 -440
v 424 192 -436
v 216 48 -352
v 216 48 -320
v 216 136 -320
v 216 136 -352
v 424 136 -320
v 424 48 -320
v 424 48 -352
v 424 136 -352
v 64 0 -352
v 64 0 -320
v 64 128 -320
v 64 128 -352
v 80 128 -320
v 80 0 -320
v 80 0 -352
v 80 128 -352
v -80 0 -352
v -80 0 -320
v -80 128 -320
v -80 128 -352
v -64 128 -320
v -64 0 -320
v -64 0 -352
v -64 128 -352
v -144 64 -352
v -144 64 -320
v -144 128 -320
v -144 128 -352
v -80 128 -320
v -80 64 -320
v -80 64 -352
v -80 128 -352
v -144 128 -352
v -144 128 -320
v -144 152 -320
v -144 152 -352
v -64 152 -320
v -64 128 -320
v -64 128 -352
v -64 152 -352
v -144 152 -352
v -144 152 -320
v -144 208 -320
v -144 208 -352
v -64 208 -320
v -64 152 -320
v -64 152 -352
v -64 208 -352
v -216 128 -352
v -216 128 -320
v -216 208 -320
v -216 208 -352
v -144 208 -320
v -144 128 -320
v -144 128 -352
v -144 208 -352
v -464 64 -352
v -464 64 -320
v -464 152 -320
v -464 152 -352
v -216 152 -320
v -216 64 -320
v -216 64 -352
v -216 152 -352
v -216 0 -352
v -216 0 -320
v -216 48 -320
v -216 48 -352
v -144 48 -320
v -144 0 -320
v -144 0 -352
v -144 48 -352
v -240 16 -448
v -240 16 -352
v -240 192 -352
v -240 192 -448
v -224 192 -352
v -224 16 -352
v -224 16 -448
v -224 192 -448
v -144 0 -352
v -144 0 -320
v -144 64 -320
v -144 64 -352
v -80 64 -320
v -80 0 -320
v -80 0 -352
v -80 64 -352
v -464 0 -352
v -464 0 -320
v -464 64 -320
v -464 64 -352
v -216 64 -320
v -216 0 -320
v -216 0 -352
v -216 64 -352
v -464 152 -352
v -464 152 -320
v -464 208 -320
v -464 208 -352
v -216 208 -320
v -216 152 -320
v -216 152 -352
v -216 208 -352
v -240 16 -744
v -240 16 -448
v -240 192 -448
v -240 192 -744
v -224 192 -448
v -224 16 -448
v -224 16 -744
v -224 192 -744
v -576 16 -760
v -576 16 -744
v -576 192 -744
v -576 192 -760
v -224 192 -744
v -224 16 -744
v -224 16 -760
v -224 192 -760
v -552 16 -808
v -552 16 -760
v -552 192 -760
v -552 192 -808
v -504 192 -760
v -504 16 -760
v -504 16 -808
v -504 192 -808
v -144 16 -824
v -144 16 -608
v -144 72 -608
v -144 72 -824
v -128 72 -608
v -128 16 -608
v -128 16 -824
v -128 72 -824
v 160 16 -752
v 160 16 -688
v 160 64 -688
v 160 72 -752
v 176 64 -688
v 176 16 -688
v 176 72 -752
v 176 16 -752
v -416 16 -880
v -416 16 -872
v -416 48 -872
v -416 48 -880
v -264 48 -872
v -264 16 -872
v -264 16 -880
v -264 48 -880
v -416 16 -1056
v -416 16 -880
v -416 48 -880
v -416 48 -1056
v -408 48 -880
v -408 16 -880
v -408 16 -1056
v -408 48 -1056
v -272 16 -1056
v -272 16 -880
v -272 48 -880
v -272 48 -1056
v -264 48 -880
v -264 16 -880
v -264 16 -1056
v -264 48 -1056
v -416 16 -1064
v -416 16 -1056
v -416 48 -1056
v -416 48 -1064
v -264 48 -1056
v -264 16 -1056
v -264 16 -1064
v -264 48 -1064
v -416 16 -1136
v -416 16 -1128
v -416 48 -1128
v -416 48 -1136
v -264 48 -1128
v -264 16 -1128
v -264 16 -1136
v -264 48 -1136
v -416 16 -1312
v -416 16 -1136
v -416 48 -1136
v -416 48 -1312
v -408 48 -1136
v -408 16 -1136
v -408 16 -1312
v -408 48 -1312
v -416 16 -1320
v -416 16 -1312
v -416 48 -1312
v -416 48 -1320
v -264 48 -1312
v -264 16 -1312
v -264 16 -1320
v -264 48 -1320
v -272 16 -1312
v -272 16 -1136
v -272 48 -1136
v -272 48 -1312
v -264 48 -1136
v -264 16 -1136
v -264 16 -1312
v -264 48 -1312
v -504 16 -1396
v -504 16 -1392
v -504 32 -1392
v -504 32 -1396
v -232 32 -1392
v -232 16 -1392
v -232 16 -1396
v -232 32 -1396
v -552 16 -1456
v -552 16 -1440
v -552 96 -1440
v -552 96 -1456
v -224 96 -1440
v -224 16 -1440
v -224 16 -1456
v -224 96 -1456
v -508 16 -1392
v -508 16 -804
v -508 32 -804
v -508 32 -1392
v -504 32 -804
v -504 16 -804
v -504 16 -1392
v -504 32 -1392
v -552 16 -1392
v -552 16 -804
v -552 28 -804
v -552 28 -1392
v -508 28 -804
v -508 16 -804
v -508 16 -1392
v -508 28 -1392
v -552 56 -1392
v -552 48 -1392
v -552 48 -800
v -552 56 -800
v -512 52 -800
v -512 48 -800
v -512 48 -1392
v -512 52 -1392
v -552 72 -1392
v -552 64 -1392
v -552 64 -800
v -552 72 -800
v -512 68 -800
v -512 64 -800
v -512 64 -1392
v -512 68 -1392
v -552 16 -1440
v -552 16 -1392
v -552 96 -1392
v -552 96 -1440
v -504 96 -1392
v -504 16 -1392
v -504 16 -1440
v -504 96 -1440
v -504 64 -1440
v -504 64 -1400
v -504 68 -1400
v -504 72 -1440
v -232 68 -1400
v -232 64 -1400
v -232 72 -1440
v -232 64 -1440
v -504 48 -1440
v -504 48 -1400
v -504 52 -1400
v -504 56 -1440
v -232 52 -1400
v -232 48 -1400
v -232 56 -1440
v -232 48 -1440
v -508 16 -1440
v -508 16 -1396
v -508 28 -1396
v -508 28 -1440
v -232 28 -1396
v -232 16 -1396
v -232 16 -1440
v -232 28 -1440
v -232 32 -1440
v -232 32 -1392
v -232 88 -1392
v -232 88 -1440
v -224 88 -1392
v -224 32 -1392
v -224 32 -1440
v -224 88 -1440
v -232 16 -1440
v -232 16 -1392
v -232 32 -1392
v -232 32 -1440
v -224 32 -1392
v -224 16 -1392
v -224 16 -1440
v -224 32 -1440
v 160 16 -832
v 160 16 -752
v 160 80 -752
v 160 80 -832
v 176 80 -752
v 176 16 -752
v 176 16 -832
v 176 80 -832
v -320 8 -320
v -320 8 128
v -320 88 128
v -320 88 -320
v -304 88 128
v -304 8 128
v -304 8 -320
v -304 88 -320
v -312 88 -320
v -312 88 128
v -312 224 128
v -312 224 -320
v -304 224 128
v -304 88 128
v -304 88 -320
v -304 224 -320
v -320 8 128
v -320 8 144
v -320 88 144
v -320 88 128
v 320 88 144
v 320 8 144
v 320 8 128
v 320 88 128
v -312 88 128
v -312 88 144
v -312 224 144
v -312 224 128
v 304 224 144
v 304 88 144
v 304 88 128
v 304 224 128
v 304 8 -320
v 304 8 128
v 304 88 128
v 304 88 -320
v 320 88 128
v 320 8 128
v 320 8 -320
v 320 88 -320
v 304 88 -312
v 304 88 144
v 304 224 144
v 304 224 -312
v 320 224 144
v 320 88 144
v 320 88 -312
v 320 224 -312
v -64 128 -352
v -64 128 -320
v -64 208 -320
v -64 208 -352
v 64 208 -320
v 64 128 -320
v 64 128 -352
v 64 208 -352
v -64 112 -352
v -64 112 -320
v -64 128 -320
v -64 128 -352
v 64 128 -320
v 64 112 -320
v 64 112 -352
v 64 128 -352
v 120 -672 -2136
v 120 -672 -1712
v 120 -544 -1712
v 120 -544 -2136
v 136 -544 -1712
v 136 -672 -1712
v 136 -672 -2136
v 136 -544 -2136
v 8 -672 -2136
v 8 -672 -1712
v 8 -544 -1712
v 8 -544 -2136
v 24 -544 -1712
v 24 -672 -1712
v 24 -672 -2136
v 24 -544 -2136
v 24 -664 -2136
v 24 -664 -2120
v 24 -544 -2120
v 24 -544 -2136
v 120 -544 -2120
v 120 -664 -2120
v 120 -664 -2136
v 120 -544 -2136
v 24 -536 -1984
v 24 -536 -1920
v 24 0 -1920
v 24 0 -1984
v 32 0 -1920
v 32 -536 -1920
v 32 -536 -1984
v 32 0 -1984
v 32 -536 -1920
v 32 -536 -1912
v 32 0 -1912
v 32 0 -1920
v 112 0 -1912
v 112 -536 -1912
v 112 -536 -1920
v 112 0 -1920
v 32 -536 -1992
v 32 -536 -1984
v 32 0 -1984
v 32 0 -1992
v 112 0 -1984
v 112 -536 -1984
v 112 -536 -1992
v 112 0 -1992
v 112 -536 -1984
v 112 -536 -1920
v 112 0 -1920
v 112 0 -1984
v 120 0 -1920
v 120 -536 -1920
v 120 -536 -1984
v 120 0 -1984
v 32 -616 -2120
v 32 -616 -2112
v 32 -576 -2112
v 32 -576 -2120
v 112 -576 -2112
v 112 -616 -2112
v 112 -616 -2120
v 112 -576 -2120
v 24 -593.8564064605489 -1954.641016151374
v 24 -633.8564064605489 -1885.358983848626
v 24 -599.2153903091785 -1865.3589838486296
v 24 -559.2153903091679 -1934.641016151374
v 32 -599.2153903091785 -1865.3589838486296
v 32 -633.8564064605489 -1885.358983848626
v 32 -559.2153903091679 -1934.641016151374
v 32 -593.8564064605489 -1954.641016151374
v 112 -633.8564064605525 -1818.6410161513777
v 112 -593.8564064605562 -1749.3589838486223
v 112 -559.2153903091723 -1769.3589838486264
v 112 -599.2153903091836 -1838.641016151372
v 120 -559.2153903091723 -1769.3589838486264
v 120 -593.8564064605562 -1749.3589838486223
v 120 -633.8564064605525 -1818.6410161513777
v 120 -599.2153903091836 -1838.641016151372
v 24 -616 -1824
v 24 -616 -1744
v 24 -576 -1744
v 24 -576 -1824
v 32 -576 -1744
v 32 -616 -1744
v 32 -616 -1824
v 32 -576 -1824
v 120 -500 -1740
v 116 -500 -1744
v 116 -668 -1744
v 120 -668 -1740
v 120 -668 -1748
v 120 -500 -1748
v 124 -668 -1744
v 124 -500 -1744
v 120 -500 -1656
v 116 -500 -1660
v 116 -668 -1660
v 120 -668 -1656
v 120 -668 -1664
v 120 -500 -1664
v 124 -668 -1660
v 124 -500 -1660
v 24 -500 -1684
v 20 -500 -1688
v 20 -668 -1688
v 24 -668 -1684
v 24 -668 -1692
v 24 -500 -1692
v 28 -668 -1688
v 28 -500 -1688
v 112 -544 -1992
v 112 -544 -1912
v 112 -536 -1912
v 112 -536 -1992
v 120 -536 -1912
v 120 -544 -1912
v 120 -544 -1992
v 120 -536 -1992
v 24 -544 -1992
v 24 -544 -1984
v 24 -536 -1984
v 24 -536 -1992
v 112 -536 -1984
v 112 -544 -1984
v 112 -544 -1992
v 112 -536 -1992
v 24 -544 -1984
v 24 -544 -1920
v 24 -536 -1920
v 24 -536 -1984
v 32 -536 -1920
v 32 -544 -1920
v 32 -544 -1984
v 32 -536 -1984
v 24 -544 -1920
v 24 -544 -1912
v 24 -536 -1912
v 24 -536 -1920
v 112 -536 -1912
v 112 -544 -1912
v 112 -544 -1920
v 112 -536 -1920
v 2176 -556 -764
v 2176 -556 728
v 2176 -532 728
v 2176 -532 -764
v 3204 -532 728
v 3204 -556 728
v 3204 -556 -764
v 3204 -532 -764
v 1408 -672 312
v 1408 -664 312
v 1408 -664 52
v 1408 -672 52
v 2176 -532.2765957446845 52
v 2176 -532.2765957446844 312
v 2176 -540.2765957446701 312
v 2176 -540.2765957446809 52
v 1064 -672 52
v 1064 -672 312
v 1064 -664 312
v 1064 -664 52
v 1408 -664 312
v 1408 -672 312
v 1408 -672 52
v 1408 -664 52
v 24 -672 -2136
v 24 -672 -1712
v 24 -664 -1712
v 24 -664 -2136
v 120 -664 -1712
v 120 -672 -1712
v 120 -672 -2136
v 120 -664 -2136
v -576 0 -1992
v -576 0 -744
v -576 16 -744
v -576 16 -1992
v 32 16 -744
v 32 0 -744
v 32 0 -1992
v 32 16 -1992
v 32 0 -1920
v 32 0 -744
v 32 16 -744
v 32 16 -1920
v 112 16 -744
v 112 0 -744
v 112 0 -1920
v 112 16 -1920
v 112 0 -1992
v 112 0 -744
v 112 16 -744
v 112 16 -1992
v 424 16 -744
v 424 0 -744
v 424 0 -1992
v 424 16 -1992
v -408 16 -1056
v -408 16 -880
v -408 24 -880
v -408 24 -1056
v -272 24 -880
v -272 16 -880
v -272 16 -1056
v -272 24 -1056
v -408 16 -1312
v -408 16 -1136
v -408 24 -1136
v -408 24 -1312
v -272 24 -1136
v -272 16 -1136
v -272 16 -1312
v -272 24 -1312
v -304 0 -192
v -304 0 128
v -304 8 128
v -304 8 -192
v 304 8 128
v 304 0 128
v 304 0 -192
v 304 8 -192
v -304 0 -320
v -304 0 -192
v -304 16 -192
v -304 16 -320
v 304 16 -192
v 304 0 -192
v 304 0 -320
v 304 16 -320
v -240 0 -744
v -240 0 -352
v -240 16 -352
v -240 16 -744
v 424 16 -352
v 424 0 -352
v 424 0 -744
v 424 16 -744
v -64 0 -352
v -64 0 -320
v -64 16 -320
v -64 16 -352
v 64 16 -320
v 64 0 -320
v 64 0 -352
v 64 16 -352
v 128 -672 112
v 128 -672 232
v 128 -664 232
v 128 -664 112
v 1072 -664 232
v 1072 -672 232
v 1072 -672 112
v 1072 -664 112
v 24 -672 -96
v 24 -672 260
v 24 -664 260
v 24 -664 -96
v 128 -664 260
v 128 -672 260
v 128 -672 -96
v 128 -664 -96
v -144 -672 -256
v -144 -672 -96
v -144 -664 -96
v -144 -664 -256
v 288 -664 -96
v 288 -672 -96
v 288 -672 -256
v 288 -664 -256
v 112 -672 240
v 112 -672 260
v 112 -552 260
v 112 -552 240
v 124 -552 260
v 124 -672 260
v 124 -672 240
v 124 -552 240
v 28 -672 240
v 28 -672 260
v 28 -552 260
v 28 -552 240
v 40 -552 260
v 40 -672 260
v 40 -672 240
v 40 -552 240
v 28 -552 240
v 28 -552 260
v 28 -544 260
v 28 -544 240
v 124 -544 260
v 124 -552 260
v 124 -552 240
v 124 -544 240
v 112 -664 224
v 112 -664 240
v 112 -544 240
v 112 -544 224
v 120 -544 240
v 120 -664 240
v 120 -664 224
v 120 -544 224
v 20 -664 260
v 20 -664 496
v 20 -544 496
v 20 -544 260
v 32 -544 496
v 32 -664 496
v 32 -664 260
v 32 -544 260
v 32 -548 260
v 32 -548 280
v 32 -544 280
v 32 -544 260
v 136 -544 280
v 136 -548 280
v 136 -548 260
v 136 -544 260
v 872 -672 232
v 872 -672 496
v 872 -664 496
v 872 -664 232
v 1008 -664 496
v 1008 -672 496
v 1008 -672 232
v 1008 -664 232
v 888 -548 232
v 888 -548 496
v 888 -540 496
v 888 -540 232
v 1004 -540 496
v 1004 -548 496
v 1004 -548 232
v 1004 -540 232
v 1056 -672 216
v 1056 -672 236
v 1056 -552 236
v 1056 -552 216
v 1068 -552 236
v 1068 -672 236
v 1068 -672 216
v 1068 -552 216
v 1056 -552 124
v 1056 -552 236
v 1056 -528 236
v 1056 -528 124
v 1068 -528 236
v 1068 -552 236
v 1068 -552 124
v 1068 -528 124
v 1056 -672 124
v 1056 -672 144
v 1056 -552 144
v 1056 -552 124
v 1068 -552 144
v 1068 -672 144
v 1068 -672 124
v 1068 -552 124
v 20 -664 496
v 20 -664 512
v 20 -544 512
v 20 -544 496
v 264 -544 512
v 264 -664 512
v 264 -664 496
v 264 -544 496
v 20 -672 496
v 20 -672 512
v 20 -664 512
v 20 -664 496
v 136 -664 512
v 136 -672 512
v 136 -672 496
v 136 -664 496
v 20 -672 260
v 20 -672 416
v 20 -664 416
v 20 -664 260
v 136 -664 416
v 136 -672 416
v 136 -672 260
v 136 -664 260
v 120 -664 260
v 120 -664 400
v 120 -548 400
v 120 -548 260
v 144 -548 400
v 144 -664 400
v 144 -664 260
v 144 -548 260
v 1004 -664 232
v 1004 -664 496
v 1004 -544 496
v 1004 -544 232
v 1016 -544 496
v 1016 -664 496
v 1016 -664 232
v 1016 -544 232
v 768 -548 400
v 768 -548 496
v 768 -540 496
v 768 -540 400
v 888 -540 496
v 888 -548 496
v 888 -548 400
v 888 -540 400
v 876 -664 232
v 876 -664 400
v 876 -548 400
v 876 -548 232
v 888 -548 400
v 888 -664 400
v 888 -664 232
v 888 -548 232
v 20 -672 416
v 20 -672 496
v 20 -664 496
v 20 -664 416
v 264 -664 496
v 264 -672 496
v 264 -672 416
v 264 -664 416
v 1004 -664 224
v 1004 -664 232
v 1004 -544 232
v 1004 -544 224
v 1056 -544 232
v 1056 -664 232
v 1056 -664 224
v 1056 -544 224
v 364 -664 128
v 364 -664 136
v 364 -544 136
v 364 -544 128
v 1056 -544 136
v 1056 -664 136
v 1056 -664 128
v 1056 -544 128
v 364 -664 224
v 364 -664 232
v 364 -544 232
v 364 -544 224
v 888 -544 232
v 888 -664 232
v 888 -664 224
v 888 -544 224
v 364 -544 132
v 364 -544 224
v 364 -536 224
v 364 -536 132
v 1056 -536 224
v 1056 -544 224
v 1056 -544 132
v 1056 -536 132
v 28 -548 276
v 28 -548 408
v 28 -540 408
v 28 -540 276
v 136 -540 408
v 136 -548 408
v 136 -548 276
v 136 -540 276
v 32 -664 464
v 32 -664 496
v 32 -544 496
v 32 -544 464
v 64 -544 496
v 64 -664 496
v 764 -664 496
v 764 -664 512
v 764 -544 512
v 764 -544 496
v 1008 -544 512
v 1008 -664 512
v 1008 -664 496
v 1008 -544 496
v 1008 -664 466
v 976 -664 498
v 976 -544 498
v 1008 -544 466
v 1008 -544 498
v 1008 -664 498
v 768 -672 416
v 768 -672 496
v 768 -664 496
v 768 -664 416
v 872 -664 496
v 872 -672 496
v 872 -672 416
v 872 -664 416
v 264 -672 304
v 264 -672 696
v 264 -664 696
v 264 -664 304
v 768 -664 696
v 768 -672 696
v 768 -672 304
v 768 -664 304
v 768 -664 400
v 768 -664 416
v 768 -548 416
v 768 -548 400
v 872 -548 416
v 872 -664 416
v 888 -664 400
v 888 -548 400
v 120 -664 400
v 136 -664 416
v 136 -548 416
v 120 -548 400
v 264 -548 416
v 264 -664 416
v 264 -664 400
v 264 -548 400
v 752 -664 304
v 752 -664 416
v 752 -548 416
v 752 -548 304
v 768 -548 416
v 768 -664 416
v 768 -664 304
v 768 -548 304
v 264 -664 304
v 264 -664 416
v 264 -548 416
v 264 -548 304
v 280 -548 416
v 280 -664 416
v 280 -664 304
v 280 -548 304
v 280 -664 304
v 280 -664 312
v 280 -548 312
v 280 -548 304
v 752 -548 312
v 752 -664 312
v 752 -664 304
v 752 -548 304
v 28 -548 408
v 28 -548 496
v 28 -540 496
v 28 -540 408
v 280 -540 496
v 280 -548 496
v 280 -548 408
v 280 -540 408
v 280 -548 308
v 280 -548 684
v 280 -540 684
v 280 -540 308
v 768 -540 684
v 768 -548 684
v 768 -548 308
v 768 -540 308
v 264 -664 496
v 264 -664 696
v 264 -548 696
v 264 -548 496
v 280 -548 696
v 280 -664 696
v 280 -664 496
v 280 -548 496
v 764 -664 512
v 764 -664 696
v 764 -548 696
v 764 -548 512
v 780 -548 696
v 780 -664 696
v 780 -664 512
v 780 -548 512
v 280 -664 684
v 280 -664 696
v 280 -548 696
v 280 -548 684
v 764 -548 696
v 764 -664 696
v 764 -664 684
v 764 -548 684
v 600 -552 124
v 600 -552 236
v 600 -528 236
v 600 -528 124
v 612 -528 236
v 612 -552 236
v 612 -552 124
v 612 -528 124
v 600 -672 216
v 600 -672 236
v 600 -552 236
v 600 -552 216
v 612 -552 236
v 612 -672 236
v 612 -672 216
v 612 -552 216
v 600 -672 124
v 600 -672 144
v 600 -552 144
v 600 -552 124
v 612 -552 144
v 612 -672 144
v 612 -672 124
v 612 -552 124
v 876 -552 124
v 876 -552 224
v 876 -528 224
v 876 -528 124
v 888 -528 224
v 888 -552 224
v 888 -552 124
v 888 -528 124
v 876 -672 216
v 876 -672 224
v 876 -552 224
v 876 -552 216
v 888 -552 224
v 888 -672 224
v 888 -672 216
v 888 -552 216
v 876 -672 124
v 876 -672 144
v 876 -552 144
v 876 -552 124
v 888 -552 144
v 888 -672 144
v 888 -672 124
v 888 -552 124
v 992 -664 224
v 992 -664 232
v 992 -540 232
v 992 -540 224
v 1004 -540 232
v 1004 -664 232
v 1004 -664 224
v 1004 -540 224
v 888 -664 224
v 888 -664 232
v 888 -540 232
v 888 -540 224
v 900 -540 232
v 900 -664 232
v 900 -664 224
v 900 -540 224
v 900 -548 224
v 900 -548 232
v 900 -540 232
v 900 -540 224
v 992 -540 232
v 992 -548 232
v 992 -548 224
v 992 -540 224
v 2268 -456 744
v 2268 -456 1192
v 2268 -320 1192
v 2268 -320 744
v 2276 -320 1192
v 2276 -456 1192
v 2276 -456 744
v 2276 -320 744
v 2260 -536 744
v 2260 -536 1192
v 2260 -456 1192
v 2260 -456 744
v 2276 -456 1192
v 2276 -536 1192
v 2276 -536 744
v 2276 -456 744
v 2260 -536 1192
v 2260 -536 1208
v 2260 -456 1208
v 2260 -456 1192
v 2900 -456 1208
v 2900 -536 1208
v 2900 -536 1192
v 2900 -456 1192
v 2276 -544 872
v 2276 -544 1192
v 2276 -536 1192
v 2276 -536 872
v 2884 -536 1192
v 2884 -544 1192
v 2884 -544 872
v 2884 -536 872
v 2884 -536 744
v 2884 -536 1192
v 2884 -456 1192
v 2884 -456 744
v 2900 -456 1192
v 2900 -536 1192
v 2900 -536 744
v 2900 -456 744
v 2884 -456 752
v 2884 -456 1208
v 2884 -320 1208
v 2884 -320 752
v 2900 -320 1208
v 2900 -456 1208
v 2900 -456 752
v 2900 -320 752
v 2276 -544 744
v 2276 -544 872
v 2276 -528 872
v 2276 -528 744
v 2884 -528 872
v 2884 -544 872
v 2884 -544 744
v 2884 -528 744
v 2184 -560 724
v 2184 -560 740
v 2184 -416 740
v 2184 -416 724
v 2520 -416 740
v 2520 -560 740
v 2520 -560 724
v 2520 -416 724
v 2184 -416 724
v 2184 -416 740
v 2184 -396 740
v 2184 -396 724
v 2520 -396 740
v 2520 -416 740
v 2520 -416 724
v 2520 -396 724
v 2520 -532 724
v 2520 -532 740
v 2520 -416 740
v 2520 -416 724
v 2528 -416 740
v 2528 -532 740
v 2528 -532 724
v 2528 -416 724
v 2608 -532 724
v 2608 -532 740
v 2608 -416 740
v 2608 -416 724
v 2616 -416 740
v 2616 -532 740
v 2616 -532 724
v 2616 -416 724
v 2520 -416 724
v 2520 -416 740
v 2520 -396 740
v 2520 -396 724
v 2616 -396 740
v 2616 -416 740
v 2616 -416 724
v 2616 -396 724
v 2616 -560 724
v 2616 -560 740
v 2616 -416 740
v 2616 -416 724
v 3196 -416 740
v 3196 -560 740
v 3196 -560 724
v 3196 -416 724
v 2616 -416 724
v 2616 -416 740
v 2616 -396 740
v 2616 -396 724
v 3196 -396 740
v 3196 -416 740
v 3196 -416 724
v 3196 -396 724
v 2520 -552 728
v 2520 -552 740
v 2520 -532 740
v 2520 -532 728
v 2616 -532 740
v 2616 -552 740
v 2616 -552 728
v 2616 -532 728
v 2184 -396 724
v 2184 -396 740
v 2184 -376 740
v 2184 -376 724
v 2616 -376 740
v 2616 -396 740
v 2616 -396 724
v 2616 -376 724
v 2616 -396 724
v 2616 -396 740
v 2616 -376 740
v 2616 -376 724
v 3196 -376 740
v 3196 -396 740
v 3196 -396 724
v 3196 -376 724
v 170.66666666666518 173.33333333333576 -320
v 170.66666666666518 173.33333333333576 -288
v 170.66666666666518 184 -288
v 170.66666666666518 184 -320
v 181.33333333333212 184 -288
v 181.33333333333331 173.33333333333576 -288
v 181.33333333333331 173.33333333333576 -320
v 181.33333333333212 184 -320
v 165.3333333333312 173.33333333333303 -288
v 160 168 -256
v 160 173.33333333332848 -256
v 165.33333333333195 184 -288
v 192 173.33333333332848 -256
v 192 168 -256
v 186.66666666666424 184 -288
v 186.66666666666669 173.33333333333303 -288
v -181.33333333333306 173.33333333333576 -320
v -181.33333333333306 173.33333333333576 -288
v -181.33333333333306 184 -288
v -181.33333333333306 184 -320
v -170.66666666667152 184 -288
v -170.66666666666669 173.33333333333576 -288
v -170.66666666666669 173.33333333333576 -320
v -170.66666666667152 184 -320
v -186.66666666666606 173.33333333333303 -288
v -192 168 -256
v -192 173.33333333332848 -256
v -186.66666666666578 184 -288
v -160 173.33333333332848 -256
v -160 168 -256
v -165.33333333332848 184 -288
v -165.33333333333331 173.33333333333303 -288
v -48 111.34009982828138 -312
v -61.93335800641852 163.34009982827772 -312
v -61.93335800641852 163.34009982827772 -320
v -48 111.34009982827936 -320
v 55.143071198122925 194.71063448635687 -320
v 55.14307119812671 194.71063448635763 -312
v 69.07642920453031 142.71063448641416 -312
v 69.07642920453145 142.71063448641326 -320
v 80 148 -1032
v 80 148 -928
v 80 152 -928
v 80 152 -1032
v 84 152 -928
v 84 148 -928
v 84 148 -1032
v 84 152 -1032
v 52 148 -1032
v 52 148 -928
v 52 152 -928
v 52 152 -1032
v 56 152 -928
v 56 148 -928
v 56 148 -1032
v 56 152 -1032
v 52 152 -1036
v 52 152 -924
v 56 164 -932
v 56 164 -1028
v 80 164 -932
v 84 152 -924
v 84 152 -1036
v 80 164 -1028
v 52 148 -1036
v 52 148 -1032
v 52 152 -1032
v 52 152 -1036
v 84 152 -1032
v 84 148 -1032
v 84 148 -1036
v 84 152 -1036
v 64 164 -1020
v 64 164 -1012
v 64 192 -1012
v 64 192 -1020
v 72 192 -1012
v 72 164 -1012
v 72 164 -1020
v 72 192 -1020
v 52 148 -928
v 52 148 -924
v 52 152 -924
v 52 152 -928
v 84 152 -924
v 84 148 -924
v 84 148 -928
v 84 152 -928
v 64 164 -948
v 64 164 -940
v 64 192 -940
v 64 192 -948
v 72 192 -940
v 72 164 -940
v 72 164 -948
v 72 192 -948
v 300 148 -1032
v 300 148 -928
v 300 152 -928
v 300 152 -1032
v 304 152 -928
v 304 148 -928
v 304 148 -1032
v 304 152 -1032
v 272 148 -1032
v 272 148 -928
v 272 152 -928
v 272 152 -1032
v 276 152 -928
v 276 148 -928
v 276 148 -1032
v 276 152 -1032
v 272 152 -1036
v 272 152 -924
v 276 164 -932
v 276 164 -1028
v 300 164 -932
v 304 152 -924
v 304 152 -1036
v 300 164 -1028
v 272 148 -1036
v 272 148 -1032
v 272 152 -1032
v 272 152 -1036
v 304 152 -1032
v 304 148 -1032
v 304 148 -1036
v 304 152 -1036
v 284 164 -1020
v 284 164 -1012
v 284 192 -1012
v 284 192 -1020
v 292 192 -1012
v 292 164 -1012
v 292 164 -1020
v 292 192 -1020
v 272 148 -928
v 272 148 -924
v 272 152 -924
v 272 152 -928
v 304 152 -924
v 304 148 -924
v 304 148 -928
v 304 152 -928
v 284 164 -948
v 284 164 -940
v 284 192 -940
v 284 192 -948
v 292 192 -940
v 292 164 -940
v 292 164 -948
v 292 192 -948
v -124 148 -1032
v -124 148 -928
v -124 152 -928
v -124 152 -1032
v -120 152 -928
v -120 148 -928
v -120 148 -1032
v -120 152 -1032
v -152 148 -1032
v -152 148 -928
v -152 152 -928
v -152 152 -1032
v -148 152 -928
v -148 148 -928
v -148 148 -1032
v -148 152 -1032
v -152 152 -1036
v -152 152 -924
v -148 164 -932
v -148 164 -1028
v -124 164 -932
v -120 152 -924
v -120 152 -1036
v -124 164 -1028
v -152 148 -1036
v -152 148 -1032
v -152 152 -1032
v -152 152 -1036
v -120 152 -1032
v -120 148 -1032
v -120 148 -1036
v -120 152 -1036
v -140 164 -1020
v -140 164 -1012
v -140 192 -1012
v -140 192 -1020
v -132 192 -1012
v -132 164 -1012
v -132 164 -1020
v -132 192 -1020
v -152 148 -928
v -152 148 -924
v -152 152 -924
v -152 152 -928
v -120 152 -924
v -120 148 -924
v -120 148 -928
v -120 152 -928
v -140 164 -948
v -140 164 -940
v -140 192 -940
v -140 192 -948
v -132 192 -940
v -132 164 -940
v -132 164 -948
v -132 192 -948
v -348 148 -1032
v -348 148 -928
v -348 152 -928
v -348 152 -1032
v -344 152 -928
v -344 148 -928
v -344 148 -1032
v -344 152 -1032
v -376 148 -1032
v -376 148 -928
v -376 152 -928
v -376 152 -1032
v -372 152 -928
v -372 148 -928
v -372 148 -1032
v -372 152 -1032
v -376 152 -1036
v -376 152 -924
v -372 164 -932
v -372 164 -1028
v -348 164 -932
v -344 152 -924
v -344 152 -1036
v -348 164 -1028
v -376 148 -1036
v -376 148 -1032
v -376 152 -1032
v -376 152 -1036
v -344 152 -1032
v -344 148 -1032
v -344 148 -1036
v -344 152 -1036
v -364 164 -1020
v -364 164 -1012
v -364 192 -1012
v -364 192 -1020
v -356 192 -1012
v -356 164 -1012
v -356 164 -1020
v -356 192 -1020
v -376 148 -928
v -376 148 -924
v -376 152 -924
v -376 152 -928
v -344 152 -924
v -344 148 -924
v -344 148 -928
v -344 152 -928
v -364 164 -948
v -364 164 -940
v -364 192 -940
v -364 192 -948
v -356 192 -940
v -356 164 -940
v -356 164 -948
v -356 192 -948
v -348 148 -1276
v -348 148 -1172
v -348 152 -1172
v -348 152 -1276
v -344 152 -1172
v -344 148 -1172
v -344 148 -1276
v -344 152 -1276
v -376 148 -1276
v -376 148 -1172
v -376 152 -1172
v -376 152 -1276
v -372 152 -1172
v -372 148 -1172
v -372 148 -1276
v -372 152 -1276
v -376 152 -1280
v -376 152 -1168
v -372 164 -1176
v -372 164 -1272
v -348 164 -1176
v -344 152 -1168
v -344 152 -1280
v -348 164 -1272
v -376 148 -1280
v -376 148 -1276
v -376 152 -1276
v -376 152 -1280
v -344 152 -1276
v -344 148 -1276
v -344 148 -1280
v -344 152 -1280
v -364 164 -1264
v -364 164 -1256
v -364 192 -1256
v -364 192 -1264
v -356 192 -1256
v -356 164 -1256
v -356 164 -1264
v -356 192 -1264
v -376 148 -1172
v -376 148 -1168
v -376 152 -1168
v -376 152 -1172
v -344 152 -1168
v -344 148 -1168
v -344 148 -1172
v -344 152 -1172
v -364 164 -1192
v -364 164 -1184
v -364 192 -1184
v -364 192 -1192
v -356 192 -1184
v -356 164 -1184
v -356 164 -1192
v -356 192 -1192
v -124 148 -1276
v -124 148 -1172
v -124 152 -1172
v -124 152 -1276
v -120 152 -1172
v -120 148 -1172
v -120 148 -1276
v -120 152 -1276
v -152 148 -1276
v -152 148 -1172
v -152 152 -1172
v -152 152 -1276
v -148 152 -1172
v -148 148 -1172
v -148 148 -1276
v -148 152 -1276
v -152 152 -1280
v -152 152 -1168
v -148 164 -1176
v -148 164 -1272
v -124 164 -1176
v -120 152 -1168
v -120 152 -1280
v -124 164 -1272
v -152 148 -1280
v -152 148 -1276
v -152 152 -1276
v -152 152 -1280
v -120 152 -1276
v -120 148 -1276
v -120 148 -1280
v -120 152 -1280
v -140 164 -1264
v -140 164 -1256
v -140 192 -1256
v -140 192 -1264
v -132 192 -1256
v -132 164 -1256
v -132 164 -1264
v -132 192 -1264
v -152 148 -1172
v -152 148 -1168
v -152 152 -1168
v -152 152 -1172
v -120 152 -1168
v -120 148 -1168
v -120 148 -1172
v -120 152 -1172
v -140 164 -1192
v -140 164 -1184
v -140 192 -1184
v -140 192 -1192
v -132 192 -1184
v -132 164 -1184
v -132 164 -1192
v -132 192 -1192
v 80 148 -1276
v 80 148 -1172
v 80 152 -1172
v 80 152 -1276
v 84 152 -1172
v 84 148 -1172
v 84 148 -1276
v 84 152 -1276
v 52 148 -1276
v 52 148 -1172
v 52 152 -1172
v 52 152 -1276
v 56 152 -1172
v 56 148 -1172
v 56 148 -1276
v 56 152 -1276
v 52 152 -1280
v 52 152 -1168
v 56 164 -1176
v 56 164 -1272
v 80 164 -1176
v 84 152 -1168
v 84 152 -1280
v 80 164 -1272
v 52 148 -1280
v 52 148 -1276
v 52 152 -1276
v 52 152 -1280
v 84 152 -1276
v 84 148 -1276
v 84 148 -1280
v 84 152 -1280
v 64 164 -1264
v 64 164 -1256
v 64 192 -1256
v 64 192 -1264
v 72 192 -1256
v 72 164 -1256
v 72 164 -1264
v 72 192 -1264
v 52 148 -1172
v 52 148 -1168
v 52 152 -1168
v 52 152 -1172
v 84 152 -1168
v 84 148 -1168
v 84 148 -1172
v 84 152 -1172
v 64 164 -1192
v 64 164 -1184
v 64 192 -1184
v 64 192 -1192
v 72 192 -1184
v 72 164 -1184
v 72 164 -1192
v 72 192 -1192
v 300 148 -1276
v 300 148 -1172
v 300 152 -1172
v 300 152 -1276
v 304 152 -1172
v 304 148 -1172
v 304 148 -1276
v 304 152 -1276
v 272 148 -1276
v 272 148 -1172
v 272 152 -1172
v 272 152 -1276
v 276 152 -1172
v 276 148 -1172
v 276 148 -1276
v 276 152 -1276
v 272 152 -1280
v 272 152 -1168
v 276 164 -1176
v 276 164 -1272
v 300 164 -1176
v 304 152 -1168
v 304 152 -1280
v 300 164 -1272
v 272 148 -1280
v 272 148 -1276
v 272 152 -1276
v 272 152 -1280
v 304 152 -1276
v 304 148 -1276
v 304 148 -1280
v 304 152 -1280
v 284 164 -1264
v 284 164 -1256
v 284 192 -1256
v 284 192 -1264
v 292 192 -1256
v 292 164 -1256
v 292 164 -1264
v 292 192 -1264
v 272 148 -1172
v 272 148 -1168
v 272 152 -1168
v 272 152 -1172
v 304 152 -1168
v 304 148 -1168
v 304 148 -1172
v 304 152 -1172
v 284 164 -1192
v 284 164 -1184
v 284 192 -1184
v 284 192 -1192
v 292 192 -1184
v 292 164 -1184
v 292 164 -1192
v 292 192 -1192
v 80 148 -1580
v 80 148 -1476
v 80 152 -1476
v 80 152 -1580
v 84 152 -1476
v 84 148 -1476
v 84 148 -1580
v 84 152 -1580
v 52 148 -1580
v 52 148 -1476
v 52 152 -1476
v 52 152 -1580
v 56 152 -1476
v 56 148 -1476
v 56 148 -1580
v 56 152 -1580
v 52 152 -1584
v 52 152 -1472
v 56 164 -1480
v 56 164 -1576
v 80 164 -1480
v 84 152 -1472
v 84 152 -1584
v 80 164 -1576
v 52 148 -1584
v 52 148 -1580
v 52 152 -1580
v 52 152 -1584
v 84 152 -1580
v 84 148 -1580
v 84 148 -1584
v 84 152 -1584
v 64 164 -1568
v 64 164 -1560
v 64 192 -1560
v 64 192 -1568
v 72 192 -1560
v 72 164 -1560
v 72 164 -1568
v 72 192 -1568
v 52 148 -1476
v 52 148 -1472
v 52 152 -1472
v 52 152 -1476
v 84 152 -1472
v 84 148 -1472
v 84 148 -1476
v 84 152 -1476
v 64 164 -1496
v 64 164 -1488
v 64 192 -1488
v 64 192 -1496
v 72 192 -1488
v 72 164 -1488
v 72 164 -1496
v 72 192 -1496
v 300 148 -1580
v 300 148 -1476
v 300 152 -1476
v 300 152 -1580
v 304 152 -1476
v 304 148 -1476
v 304 148 -1580
v 304 152 -1580
v 272 148 -1580
v 272 148 -1476
v 272 152 -1476
v 272 152 -1580
v 276 152 -1476
v 276 148 -1476
v 276 148 -1580
v 276 152 -1580
v 272 152 -1584
v 272 152 -1472
v 276 164 -1480
v 276 164 -1576
v 300 164 -1480
v 304 152 -1472
v 304 152 -1584
v 300 164 -1576
v 272 148 -1584
v 272 148 -1580
v 272 152 -1580
v 272 152 -1584
v 304 152 -1580
v 304 148 -1580
v 304 148 -1584
v 304 152 -1584
v 284 164 -1568
v 284 164 -1560
v 284 192 -1560
v 284 192 -1568
v 292 192 -1560
v 292 164 -1560
v 292 164 -1568
v 292 192 -1568
v 272 148 -1476
v 272 148 -1472
v 272 152 -1472
v 272 152 -1476
v 304 152 -1472
v 304 148 -1472
v 304 148 -1476
v 304 152 -1476
v 284 164 -1496
v 284 164 -1488
v 284 192 -1488
v 284 192 -1496
v 292 192 -1488
v 292 164 -1488
v 292 164 -1496
v 292 192 -1496
v -124 148 -1580
v -124 148 -1476
v -124 152 -1476
v -124 152 -1580
v -120 152 -1476
v -120 148 -1476
v -120 148 -1580
v -120 152 -1580
v -152 148 -1580
v -152 148 -1476
v -152 152 -1476
v -152 152 -1580
v -148 152 -1476
v -148 148 -1476
v -148 148 -1580
v -148 152 -1580
v -152 152 -1584
v -152 152 -1472
v -148 164 -1480
v -148 164 -1576
v -124 164 -1480
v -120 152 -1472
v -120 152 -1584
v -124 164 -1576
v -152 148 -1584
v -152 148 -1580
v -152 152 -1580
v -152 152 -1584
v -120 152 -1580
v -120 148 -1580
v -120 148 -1584
v -120 152 -1584
v -140 164 -1568
v -140 164 -1560
v -140 192 -1560
v -140 192 -1568
v -132 192 -1560
v -132 164 -1560
v -132 164 -1568
v -132 192 -1568
v -152 148 -1476
v -152 148 -1472
v -152 152 -1472
v -152 152 -1476
v -120 152 -1472
v -120 148 -1472
v -120 148 -1476
v -120 152 -1476
v -140 164 -1496
v -140 164 -1488
v -140 192 -1488
v -140 192 -1496
v -132 192 -1488
v -132 164 -1488
v -132 164 -1496
v -132 192 -1496
v 80 148 -1844
v 80 148 -1740
v 80 152 -1740
v 80 152 -1844
v 84 152 -1740
v 84 148 -1740
v 84 148 -1844
v 84 152 -1844
v 52 148 -1844
v 52 148 -1740
v 52 152 -1740
v 52 152 -1844
v 56 152 -1740
v 56 148 -1740
v 56 148 -1844
v 56 152 -1844
v 52 152 -1848
v 52 152 -1736
v 56 164 -1744
v 56 164 -1840
v 80 164 -1744
v 84 152 -1736
v 84 152 -1848
v 80 164 -1840
v 52 148 -1848
v 52 148 -1844
v 52 152 -1844
v 52 152 -1848
v 84 152 -1844
v 84 148 -1844
v 84 148 -1848
v 84 152 -1848
v 64 164 -1832
v 64 164 -1824
v 64 192 -1824
v 64 192 -1832
v 72 192 -1824
v 72 164 -1824
v 72 164 -1832
v 72 192 -1832
v 52 148 -1740
v 52 148 -1736
v 52 152 -1736
v 52 152 -1740
v 84 152 -1736
v 84 148 -1736
v 84 148 -1740
v 84 152 -1740
v 64 164 -1760
v 64 164 -1752
v 64 192 -1752
v 64 192 -1760
v 72 192 -1752
v 72 164 -1752
v 72 164 -1760
v 72 192 -1760
v 300 148 -1844
v 300 148 -1740
v 300 152 -1740
v 300 152 -1844
v 304 152 -1740
v 304 148 -1740
v 304 148 -1844
v 304 152 -1844
v 272 148 -1844
v 272 148 -1740
v 272 152 -1740
v 272 152 -1844
v 276 152 -1740
v 276 148 -1740
v 276 148 -1844
v 276 152 -1844
v 272 152 -1848
v 272 152 -1736
v 276 164 -1744
v 276 164 -1840
v 300 164 -1744
v 304 152 -1736
v 304 152 -1848
v 300 164 -1840
v 272 148 -1848
v 272 148 -1844
v 272 152 -1844
v 272 152 -1848
v 304 152 -1844
v 304 148 -1844
v 304 148 -1848
v 304 152 -1848
v 284 164 -1832
v 284 164 -1824
v 284 192 -1824
v 284 192 -1832
v 292 192 -1824
v 292 164 -1824
v 292 164 -1832
v 292 192 -1832
v 272 148 -1740
v 272 148 -1736
v 272 152 -1736
v 272 152 -1740
v 304 152 -1736
v 304 148 -1736
v 304 148 -1740
v 304 152 -1740
v 284 164 -1760
v 284 164 -1752
v 284 192 -1752
v 284 192 -1760
v 292 192 -1752
v 292 164 -1752
v 292 164 -1760
v 292 192 -1760
v -124 148 -1844
v -124 148 -1740
v -124 152 -1740
v -124 152 -1844
v -120 152 -1740
v -120 148 -1740
v -120 148 -1844
v -120 152 -1844
v -152 148 -1844
v -152 148 -1740
v -152 152 -1740
v -152 152 -1844
v -148 152 -1740
v -148 148 -1740
v -148 148 -1844
v -148 152 -1844
v -152 152 -1848
v -152 152 -1736
v -148 164 -1744
v -148 164 -1840
v -124 164 -1744
v -120 152 -1736
v -120 152 -1848
v -124 164 -1840
v -152 148 -1848
v -152 148 -1844
v -152 152 -1844
v -152 152 -1848
v -120 152 -1844
v -120 148 -1844
v -120 148 -1848
v -120 152 -1848
v -140 164 -1832
v -140 164 -1824
v -140 192 -1824
v -140 192 -1832
v -132 192 -1824
v -132 164 -1824
v -132 164 -1832
v -132 192 -1832
v -152 148 -1740
v -152 148 -1736
v -152 152 -1736
v -152 152 -1740
v -120 152 -1736
v -120 148 -1736
v -120 148 -1740
v -120 152 -1740
v -140 164 -1760
v -140 164 -1752
v -140 192 -1752
v -140 192 -1760
v -132 192 -1752
v -132 164 -1752
v -132 164 -1760
v -132 192 -1760
v 80 -564 -1844
v 80 -564 -1740
v 80 -560 -1740
v 80 -560 -1844
v 84 -560 -1740
v 84 -564 -1740
v 84 -564 -1844
v 84 -560 -1844
v 52 -564 -1844
v 52 -564 -1740
v 52 -560 -1740
v 52 -560 -1844
v 56 -560 -1740
v 56 -564 -1740
v 56 -564 -1844
v 56 -560 -1844
v 52 -560 -1848
v 52 -560 -1736
v 56 -548 -1744
v 56 -548 -1840
v 80 -548 -1744
v 84 -560 -1736
v 84 -560 -1848
v 80 -548 -1840
v 52 -564 -1848
v 52 -564 -1844
v 52 -560 -1844
v 52 -560 -1848
v 84 -560 -1844
v 84 -564 -1844
v 84 -564 -1848
v 84 -560 -1848
v 64 -548 -1832
v 64 -548 -1824
v 64 -520 -1824
v 64 -520 -1832
v 72 -520 -1824
v 72 -548 -1824
v 72 -548 -1832
v 72 -520 -1832
v 52 -564 -1740
v 52 -564 -1736
v 52 -560 -1736
v 52 -560 -1740
v 84 -560 -1736
v 84 -564 -1736
v 84 -564 -1740
v 84 -560 -1740
v 64 -548 -1760
v 64 -548 -1752
v 64 -520 -1752
v 64 -520 -1760
v 72 -520 -1752
v 72 -548 -1752
v 72 -548 -1760
v 72 -520 -1760
v -136 -544 -256
v -136 -544 -96
v -136 -528 -96
v -136 -528 -256
v 40 -528 -96
v 40 -544 -96
v 40 -544 -256
v 40 -528 -256
v 112 -544 -256
v 112 -544 -96
v 112 -528 -96
v 112 -528 -256
v 288 -528 -96
v 288 -544 -96
v 288 -544 -256
v 288 -528 -256
v 24 -544 -96
v 24 -544 260
v 24 -536 260
v 24 -536 -96
v 136 -536 260
v 136 -544 260
v 136 -544 -96
v 136 -536 -96
v 40 -544 -256
v 40 -544 -96
v 40 -536 -96
v 40 -536 -256
v 120 -536 -96
v 120 -544 -96
v 120 -544 -256
v 120 -536 -256
v 132 -544 128
v 132 -544 232
v 132 -536 232
v 132 -536 128
v 352 -536 232
v 352 -544 232
v 352 -544 128
v 352 -536 128
v -16 -564 -228
v -16 -564 -124
v -16 -560 -124
v -16 -560 -228
v -12 -560 -124
v -12 -564 -124
v -12 -564 -228
v -12 -560 -228
v -44 -564 -228
v -44 -564 -124
v -44 -560 -124
v -44 -560 -228
v -40 -560 -124
v -40 -564 -124
v -40 -564 -228
v -40 -560 -228
v -44 -560 -232
v -44 -560 -120
v -40 -548 -128
v -40 -548 -224
v -16 -548 -128
v -12 -560 -120
v -12 -560 -232
v -16 -548 -224
v -44 -564 -232
v -44 -564 -228
v -44 -560 -228
v -44 -560 -232
v -12 -560 -228
v -12 -564 -228
v -12 -564 -232
v -12 -560 -232
v -32 -548 -216
v -32 -548 -208
v -32 -520 -208
v -32 -520 -216
v -24 -520 -208
v -24 -548 -208
v -24 -548 -216
v -24 -520 -216
v -44 -564 -124
v -44 -564 -120
v -44 -560 -120
v -44 -560 -124
v -12 -560 -120
v -12 -564 -120
v -12 -564 -124
v -12 -560 -124
v -32 -548 -144
v -32 -548 -136
v -32 -520 -136
v -32 -520 -144
v -24 -520 -136
v -24 -548 -136
v -24 -548 -144
v -24 -520 -144
v 80 -564 28
v 80 -564 132
v 80 -560 132
v 80 -560 28
v 84 -560 132
v 84 -564 132
v 84 -564 28
v 84 -560 28
v 52 -564 28
v 52 -564 132
v 52 -560 132
v 52 -560 28
v 56 -560 132
v 56 -564 132
v 56 -564 28
v 56 -560 28
v 52 -560 24
v 52 -560 136
v 56 -548 128
v 56 -548 32
v 80 -548 128
v 84 -560 136
v 84 -560 24
v 80 -548 32
v 52 -564 24
v 52 -564 28
v 52 -560 28
v 52 -560 24
v 84 -560 28
v 84 -564 28
v 84 -564 24
v 84 -560 24
v 64 -548 40
v 64 -548 48
v 64 -520 48
v 64 -520 40
v 72 -520 48
v 72 -548 48
v 72 -548 40
v 72 -520 40
v 52 -564 132
v 52 -564 136
v 52 -560 136
v 52 -560 132
v 84 -560 136
v 84 -564 136
v 84 -564 132
v 84 -560 132
v 64 -548 112
v 64 -548 120
v 64 -520 120
v 64 -520 112
v 72 -520 120
v 72 -548 120
v 72 -548 112
v 72 -520 112
v 176 -564 -228
v 176 -564 -124
v 176 -560 -124
v 176 -560 -228
v 180 -560 -124
v 180 -564 -124
v 180 -564 -228
v 180 -560 -228
v 148 -564 -228
v 148 -564 -124
v 148 -560 -124
v 148 -560 -228
v 152 -560 -124
v 152 -564 -124
v 152 -564 -228
v 152 -560 -228
v 148 -560 -232
v 148 -560 -120
v 152 -548 -128
v 152 -548 -224
v 176 -548 -128
v 180 -560 -120
v 180 -560 -232
v 176 -548 -224
v 148 -564 -232
v 148 -564 -228
v 148 -560 -228
v 148 -560 -232
v 180 -560 -228
v 180 -564 -228
v 180 -564 -232
v 180 -560 -232
v 160 -548 -216
v 160 -548 -208
v 160 -520 -208
v 160 -520 -216
v 168 -520 -208
v 168 -548 -208
v 168 -548 -216
v 168 -520 -216
v 148 -564 -124
v 148 -564 -120
v 148 -560 -120
v 148 -560 -124
v 180 -560 -120
v 180 -564 -120
v 180 -564 -124
v 180 -560 -124
v 160 -548 -144
v 160 -548 -136
v 160 -520 -136
v 160 -520 -144
v 168 -520 -136
v 168 -548 -136
v 168 -548 -144
v 168 -520 -144
v 64 80 -412
v 64 80 -372
v 64 88 -372
v 64 88 -412
v 72 88 -372
v 72 80 -372
v 72 80 -412
v 72 88 -412
v 64 32 -380
v 64 32 -372
v 64 80 -372
v 64 80 -380
v 72 80 -372
v 72 32 -372
v 72 32 -380
v 72 80 -380
v 64 32 -412
v 64 32 -404
v 64 80 -404
v 64 80 -412
v 72 80 -404
v 72 32 -404
v 72 32 -412
v 72 80 -412
v 64 24 -412
v 64 24 -372
v 64 32 -372
v 64 32 -412
v 72 32 -372
v 72 24 -372
v 72 24 -412
v 72 32 -412
v 64 16 -404
v 64 16 -380
v 64 24 -380
v 64 24 -404
v 72 24 -380
v 72 16 -380
v 72 16 -404
v 72 24 -404
v 64 32 -396
v 64 32 -388
v 64 80 -388
v 64 80 -396
v 72 80 -388
v 72 32 -388
v 72 32 -396
v 72 80 -396
v -72 32 -412
v -72 32 -404
v -72 80 -404
v -72 80 -412
v -64 80 -404
v -64 32 -404
v -64 32 -412
v -64 80 -412
v -72 80 -412
v -72 80 -372
v -72 88 -372
v -72 88 -412
v -64 88 -372
v -64 80 -372
v -64 80 -412
v -64 88 -412
v -72 32 -380
v -72 32 -372
v -72 80 -372
v -72 80 -380
v -64 80 -372
v -64 32 -372
v -64 32 -380
v -64 80 -380
v -72 24 -412
v -72 24 -372
v -72 32 -372
v -72 32 -412
v -64 32 -372
v -64 24 -372
v -64 24 -412
v -64 32 -412
v -72 16 -404
v -72 16 -380
v -72 24 -380
v -72 24 -404
v -64 24 -380
v -64 16 -380
v -64 16 -404
v -64 24 -404
v -72 32 -396
v -72 32 -388
v -72 80 -388
v -72 80 -396
v -64 80 -388
v -64 32 -388
v -64 32 -396
v -64 80 -396
v -24 16 -824
v -24 16 -760
v -24 48 -760
v -24 48 -824
v 16 48 -760
v 16 16 -760
v 16 16 -824
v 16 48 -824
v -64 32 -824
v -64 32 -688
v -64 40 -688
v -64 40 -824
v -24 40 -688
v -24 32 -688
v -24 32 -824
v -24 40 -824
v -64 16 -824
v -64 16 -688
v -64 32 -688
v -64 32 -824
v -24 32 -688
v -24 16 -688
v -24 16 -824
v -24 32 -824
v 120 16 -824
v 120 16 -760
v 120 48 -760
v 120 48 -824
v 160 48 -760
v 160 16 -760
v 160 16 -824
v 160 48 -824
v 80 32 -824
v 80 32 -688
v 80 40 -688
v 80 40 -824
v 120 40 -688
v 120 32 -688
v 120 32 -824
v 120 40 -824
v 80 16 -824
v 80 16 -688
v 80 32 -688
v 80 32 -824
v 120 32 -688
v 120 16 -688
v 120 16 -824
v 120 32 -824
v 176 16 -824
v 176 16 -760
v 176 48 -760
v 176 48 -824
v 216 48 -760
v 216 16 -760
v 216 16 -824
v 216 48 -824
v 216 32 -824
v 216 32 -688
v 216 40 -688
v 216 40 -824
v 256 40 -688
v 256 32 -688
v 256 32 -824
v 256 40 -824
v 216 16 -824
v 216 16 -688
v 216 32 -688
v 216 32 -824
v 256 32 -688
v 256 16 -688
v 256 16 -824
v 256 32 -824
v 360 16 -824
v 360 16 -760
v 360 48 -760
v 360 48 -824
v 400 48 -760
v 400 16 -760
v 400 16 -824
v 400 48 -824
v 320 32 -824
v 320 32 -688
v 320 40 -688
v 320 40 -824
v 360 40 -688
v 360 32 -688
v 360 32 -824
v 360 40 -824
v 320 16 -824
v 320 16 -688
v 320 32 -688
v 320 32 -824
v 360 32 -688
v 360 16 -688
v 360 16 -824
v 360 32 -824
v -232 32 -808
v -232 32 -760
v -232 88 -760
v -232 88 -808
v -224 88 -760
v -224 32 -760
v -224 32 -808
v -224 88 -808
v -504 48 -800
v -504 48 -760
v -504 56 -760
v -504 52 -800
v -232 56 -760
v -232 48 -760
v -232 48 -800
v -232 52 -800
v -504 64 -800
v -504 64 -760
v -504 72 -760
v -504 68 -800
v -232 72 -760
v -232 64 -760
v -232 64 -800
v -232 68 -800
v -508 16 -804
v -508 16 -760
v -508 28 -760
v -508 28 -804
v -232 28 -760
v -232 16 -760
v -232 16 -804
v -232 28 -804
v -504 88 -808
v -504 88 -760
v -504 96 -760
v -504 96 -808
v -224 96 -760
v -224 88 -760
v -224 88 -808
v -224 96 -808
v -232 16 -808
v -232 16 -760
v -232 32 -760
v -232 32 -808
v -224 32 -760
v -224 16 -760
v -224 16 -808
v -224 32 -808
v -504 16 -808
v -504 16 -804
v -504 32 -804
v -504 32 -808
v -232 32 -804
v -232 16 -804
v -232 16 -808
v -232 32 -808
v 167.25483399593577 40.62741699796243 -318
v 157.8822509939055 50 -318
v 157.8822509939055 50 -320
v 167.25483399593386 40.62741699796433 -320
v 229.88225099394913 122 -320
v 229.88225099394953 122 -318
v 239.2548339959581 112.62741699798478 -318
v 239.25483399595396 112.6274169979879 -320
v 136.74516600400966 129.37258300203393 -318
v 127.3725830020303 120 -318
v 127.3725830020303 120 -316
v 136.74516600400878 129.37258300203519 -316
v 202 45.37258300202666 -316
v 202 45.372583002024726 -318
v 211.37258300203393 54.74516600406059 -316
v 211.37258300203348 54.745166004058106 -318
v 135.25483399593577 72.62741699796243 -318
v 125.8822509939055 82 -318
v 125.8822509939055 82 -320
v 135.25483399593386 72.62741699796433 -320
v 197.88225099394913 154 -320
v 197.88225099394955 154 -318
v 207.2548339959581 144.6274169979848 -318
v 207.25483399595396 144.6274169979879 -320
v 156.74516600400966 153.37258300203393 -318
v 147.3725830020303 144 -318
v 147.3725830020303 144 -316
v 156.74516600400878 153.37258300203516 -316
v 222 69.37258300202666 -316
v 222 69.3725830020247 -318
v 231.3725830020303 78.7451660040606 -316
v 231.3725830020335 78.74516600405808 -318
v 142.6274169979697 48 -318
v 133.2548339959394 57.37258300202846 -318
v 133.2548339959394 57.37258300202846 -320
v 142.6274169979687 48 -320
v 213.88225099395277 138 -320
v 213.88225099395123 138 -318
v 223.25483399595814 128.62741699798482 -318
v 223.2548339959576 128.6274169979879 -320
v -192.7451660040606 32.62741699795879 -318
v -202.11774900609632 42 -318
v -202.11774900609632 42 -320
v -192.7451660040661 32.62741699796432 -320
v -130.11774900605087 114 -320
v -130.1177490060523 114 -318
v -120.74516600403827 104.62741699798113 -318
v -120.74516600404604 104.6274169979879 -320
v -223.25483399599034 121.37258300203757 -318
v -232.6274169979697 112 -318
v -232.6274169979697 112 -316
v -223.2548339959921 121.37258300203611 -316
v -158 37.37258300202666 -316
v -158 37.372583002025635 -318
v -148.6274169979588 46.74516600405332 -316
v -148.6274169979647 46.745166004059925 -318
v -224.74516600407514 64.62741699797334 -318
v -234.1177490060982 74 -318
v -234.1177490060982 74 -320
v -224.7451660040661 64.6274169979643 -320
v -162.11774900605087 146 -320
v -162.11774900605417 146 -318
v -152.7451660040528 136.62741699799565 -318
v -152.74516600404604 136.6274169979879 -320
v -203.25483399599034 145.37258300203757 -318
v -212.62741699796786 136 -318
v -212.62741699796786 136 -316
v -203.2548339959903 145.37258300203428 -316
v -138 61.37258300202666 -316
v -138 61.37258300202565 -318
v -128.62741699796607 70.7451660040606 -316
v -128.6274169979647 70.7451660040599 -318
v -213.37258300202666 44 -318
v -222.7451660040642 53.372583002033934 -318
v -222.7451660040642 53.372583002033934 -320
v -213.37258300203038 44 -320
v -146.1177490060545 130 -320
v -146.11774900605454 130 -318
v -136.7451660040419 120.62741699798478 -318
v -136.7451660040424 120.6274169979879 -320
v 360 120 -974
v 360 0 -974
v 360 0 -970
v 360 120 -970
v 362 0 -968
v 362 120 -968
v 362 0 -976
v 362 120 -976
v 366 120 -968
v 366 0 -968
v 368 0 -970
v 366 0 -976
v 368 0 -974
v 368 120 -974
v 366 120 -976
v 368 120 -970
v 352 104 -1984
v 352 104 -960
v 352 108 -960
v 352 108 -1984
v 400 108 -960
v 400 104 -960
v 400 104 -1984
v 400 108 -1984
v 352 32 -1984
v 352 32 -960
v 352 36 -960
v 352 36 -1984
v 400 36 -960
v 400 32 -960
v 400 32 -1984
v 400 36 -1984
v 384 120 -974
v 384 0 -974
v 384 0 -970
v 384 120 -970
v 386 0 -968
v 386 120 -968
v 386 0 -976
v 386 120 -976
v 390 120 -968
v 390 0 -968
v 392 0 -970
v 390 0 -976
v 392 0 -974
v 392 120 -974
v 390 120 -976
v 392 120 -970
v 352 80 -1984
v 352 80 -960
v 352 84 -960
v 352 84 -1984
v 400 84 -960
v 400 80 -960
v 400 80 -1984
v 400 84 -1984
v 352 56 -1984
v 352 56 -960
v 352 60 -960
v 352 60 -1984
v 400 60 -960
v 400 56 -960
v 400 56 -1984
v 400 60 -1984
v 384 120 -1974
v 384 0 -1974
v 384 0 -1970
v 384 120 -1970
v 386 0 -1968
v 386 120 -1968
v 386 0 -1976
v 386 120 -1976
v 390 120 -1968
v 390 0 -1968
v 392 0 -1970
v 390 0 -1976
v 392 0 -1974
v 392 120 -1974
v 390 120 -1976
v 392 120 -1970
v 360 120 -1974
v 360 0 -1974
v 360 0 -1970
v 360 120 -1970
v 362 0 -1968
v 362 120 -1968
v 362 0 -1976
v 362 120 -1976
v 366 120 -1968
v 366 0 -1968
v 368 0 -1970
v 366 0 -1976
v 368 0 -1974
v 368 120 -1974
v 366 120 -1976
v 368 120 -1970
v 168 120 -1870
v 168 0 -1870
v 168 0 -1866
v 168 120 -1866
v 170 0 -1864
v 170 120 -1864
v 170 0 -1872
v 170 120 -1872
v 174 120 -1864
v 174 0 -1864
v 176 0 -1866
v 174 0 -1872
v 176 0 -1870
v 176 120 -1870
v 174 120 -1872
v 176 120 -1866
v 160 104 -1880
v 160 104 -960
v 160 108 -960
v 160 108 -1880
v 208 108 -960
v 208 104 -960
v 208 104 -1880
v 208 108 -1880
v 160 32 -1880
v 160 32 -960
v 160 36 -960
v 160 36 -1880
v 208 36 -960
v 208 32 -960
v 208 32 -1880
v 208 36 -1880
v 192 120 -1870
v 192 0 -1870
v 192 0 -1866
v 192 120 -1866
v 194 0 -1864
v 194 120 -1864
v 194 0 -1872
v 194 120 -1872
v 198 120 -1864
v 198 0 -1864
v 200 0 -1866
v 198 0 -1872
v 200 0 -1870
v 200 120 -1870
v 198 120 -1872
v 200 120 -1866
v 160 80 -1880
v 160 80 -960
v 160 84 -960
v 160 84 -1880
v 208 84 -960
v 208 80 -960
v 208 80 -1880
v 208 84 -1880
v 160 56 -1880
v 160 56 -960
v 160 60 -960
v 160 60 -1880
v 208 60 -960
v 208 56 -960
v 208 56 -1880
v 208 60 -1880
v 168 120 -974
v 168 0 -974
v 168 0 -970
v 168 120 -970
v 170 0 -968
v 170 120 -968
v 170 0 -976
v 170 120 -976
v 174 120 -968
v 174 0 -968
v 176 0 -970
v 174 0 -976
v 176 0 -974
v 176 120 -974
v 174 120 -976
v 176 120 -970
v 192 120 -974
v 192 0 -974
v 192 0 -970
v 192 120 -970
v 194 0 -968
v 194 120 -968
v 194 0 -976
v 194 120 -976
v 198 120 -968
v 198 0 -968
v 200 0 -970
v 198 0 -976
v 200 0 -974
v 200 120 -974
v 198 120 -976
v 200 120 -970
v -40 120 -1870
v -40 0 -1870
v -40 0 -1866
v -40 120 -1866
v -38 0 -1864
v -38 120 -1864
v -38 0 -1872
v -38 120 -1872
v -34 120 -1864
v -34 0 -1864
v -32 0 -1866
v -34 0 -1872
v -32 0 -1870
v -32 120 -1870
v -34 120 -1872
v -32 120 -1866
v -48 104 -1880
v -48 104 -960
v -48 108 -960
v -48 108 -1880
v 0 108 -960
v 0 104 -960
v 0 104 -1880
v 0 108 -1880
v -48 32 -1880
v -48 32 -960
v -48 36 -960
v -48 36 -1880
v 0 36 -960
v 0 32 -960
v 0 32 -1880
v 0 36 -1880
v -16 120 -1870
v -16 0 -1870
v -16 0 -1866
v -16 120 -1866
v -14 0 -1864
v -14 120 -1864
v -14 0 -1872
v -14 120 -1872
v -10 120 -1864
v -10 0 -1864
v -8 0 -1866
v -10 0 -1872
v -8 0 -1870
v -8 120 -1870
v -10 120 -1872
v -8 120 -1866
v -48 80 -1880
v -48 80 -960
v -48 84 -960
v -48 84 -1880
v 0 84 -960
v 0 80 -960
v 0 80 -1880
v 0 84 -1880
v -48 56 -1880
v -48 56 -960
v -48 60 -960
v -48 60 -1880
v 0 60 -960
v 0 56 -960
v 0 56 -1880
v 0 60 -1880
v -40 120 -974
v -40 0 -974
v -40 0 -970
v -40 120 -970
v -38 0 -968
v -38 120 -968
v -38 0 -976
v -38 120 -976
v -34 120 -968
v -34 0 -968
v -32 0 -970
v -34 0 -976
v -32 0 -974
v -32 120 -974
v -34 120 -976
v -32 120 -970
v -16 120 -974
v -16 0 -974
v -16 0 -970
v -16 120 -970
v -14 0 -968
v -14 120 -968
v -14 0 -976
v -14 120 -976
v -10 120 -968
v -10 0 -968
v -8 0 -970
v -10 0 -976
v -8 0 -974
v -8 120 -974
v -10 120 -976
v -8 120 -970
v -216 120 -1470
v -216 0 -1470
v -216 0 -1466
v -216 120 -1466
v -214 0 -1464
v -214 120 -1464
v -214 0 -1472
v -214 120 -1472
v -210 120 -1464
v -210 0 -1464
v -208 0 -1466
v -210 0 -1472
v -208 0 -1470
v -208 120 -1470
v -210 120 -1472
v -208 120 -1466
v -224 104 -1984
v -224 104 -1456
v -224 108 -1456
v -224 108 -1984
v -176 108 -1456
v -176 104 -1456
v -176 104 -1984
v -176 108 -1984
v -224 32 -1984
v -224 32 -1456
v -224 36 -1456
v -224 36 -1984
v -176 36 -1456
v -176 32 -1456
v -176 32 -1984
v -176 36 -1984
v -192 120 -1470
v -192 0 -1470
v -192 0 -1466
v -192 120 -1466
v -190 0 -1464
v -190 120 -1464
v -190 0 -1472
v -190 120 -1472
v -186 120 -1464
v -186 0 -1464
v -184 0 -1466
v -186 0 -1472
v -184 0 -1470
v -184 120 -1470
v -186 120 -1472
v -184 120 -1466
v -224 80 -1984
v -224 80 -1456
v -224 84 -1456
v -224 84 -1984
v -176 84 -1456
v -176 80 -1456
v -176 80 -1984
v -176 84 -1984
v -224 56 -1984
v -224 56 -1456
v -224 60 -1456
v -224 60 -1984
v -176 60 -1456
v -176 56 -1456
v -176 56 -1984
v -176 60 -1984
v -192 120 -1974
v -192 0 -1974
v -192 0 -1970
v -192 120 -1970
v -190 0 -1968
v -190 120 -1968
v -190 0 -1976
v -190 120 -1976
v -186 120 -1968
v -186 0 -1968
v -184 0 -1970
v -186 0 -1976
v -184 0 -1974
v -184 120 -1974
v -186 120 -1976
v -184 120 -1970
v -216 120 -1974
v -216 0 -1974
v -216 0 -1970
v -216 120 -1970
v -214 0 -1968
v -214 120 -1968
v -214 0 -1976
v -214 120 -1976
v -210 120 -1968
v -210 0 -1968
v -208 0 -1970
v -210 0 -1976
v -208 0 -1974
v -208 120 -1974
v -210 120 -1976
v -208 120 -1970
v 8 -560 -648
v 8 -560 -592
v 8 -544 -592
v 8 -544 -648
v 144 -544 -592
v 144 -560 -592
v 144 -560 -648
v 144 -544 -648
v 8 -672 -648
v 8 -672 -592
v 8 -656 -592
v 8 -656 -648
v 144 -656 -592
v 144 -672 -592
v 144 -672 -648
v 144 -656 -648
v 144 -672 -648
v 144 -672 -592
v 144 -544 -592
v 144 -544 -648
v 160 -544 -592
v 160 -672 -592
v 160 -672 -648
v 160 -544 -648
v 8 -656 -648
v 8 -656 -592
v 8 -560 -592
v 8 -560 -648
v 24 -560 -592
v 24 -656 -592
v 24 -656 -648
v 24 -560 -648
v 56.57437415779714 -520.5743741577971 -424
v -11.424481681891873 -638.3518473286586 -424
v -11.42448168189187 -638.3518473286586 -368
v 56.57437415779642 -520.5743741577961 -368
v 2.430704340993543 -646.3539611887318 -368
v 2.4307043409904843 -646.3539611887342 -424
v 70.43078061834967 -528.5743741577971 -368
v 70.43078061834758 -528.5743741577952 -424
v 153.5692193816576 -576.5743741577899 -424
v 85.5692193816558 -694.3538290724864 -424
v 85.5692193816558 -694.3538290724864 -368
v 153.56921938165232 -576.5743741577959 -368
v 99.4256258422065 -702.3538290724828 -368
v 99.42562584220192 -702.3538290724808 -424
v 167.4256258422065 -584.5743741577971 -368
v 167.4256258422078 -584.5743741577895 -424
v 64.57437415779714 -506.7179676972446 -424
v 56.57437415779714 -520.5743741577971 -424
v 56.57437415779714 -520.5743741577971 -368
v 64.57437415779503 -506.71796769724824 -368
v 167.42562584220286 -584.5743741577971 -368
v 167.42562584220335 -584.5743741577974 -424
v 175.42562584221014 -570.7179676972337 -368
v 175.42562584221466 -570.7179676972285 -424
v 10.430780618346034 -632.4974226119302 -424
v 2.4307806183459872 -646.3538290724811 -424
v 2.4307806183459935 -646.3538290724811 -368
v 10.43078061834788 -632.4974226119289 -368
v 85.56921938165397 -694.3538290724828 -368
v 85.56921938165073 -694.3538290724813 -424
v 93.56921938165397 -680.4974226119302 -368
v 93.56921938165233 -680.4974226119314 -424
v -6.353961188739049 -602.4308568956912 -480
v -14.351847328691266 -588.5732299974279 -480
v -14.351847328691262 -588.5732299974279 -536
v -6.353961188740858 -602.4308568956933 -536
v 103.4256258422065 -520.5743741577935 -536
v 103.42562584220317 -520.5743741577943 -480
v 111.42562584220244 -534.4307806183482 -480
v 111.4256258422065 -534.4307806183497 -536
v 49.64617092750632 -699.425625842181 -480
v 41.64617092751723 -685.5692193816503 -480
v 41.64617092751723 -685.5692193816503 -536
v 49.64617092750963 -699.4256258421829 -536
v 159.4256258422065 -617.569219381654 -536
v 159.42562584220497 -617.5692193816553 -480
v 167.42562584220315 -631.4256258422029 -480
v 167.4256258422065 -631.4256258422029 -536
v 167.42562584220286 -631.4256258422029 -480
v 103.42562584220829 -520.5743741577935 -480
v 103.42562584220829 -520.5743741577935 -536
v 167.42562584220306 -631.4256258422047 -536
v 117.28203230274812 -512.5743741577971 -536
v 117.28203230275136 -512.5743741577971 -480
v 181.28203230277148 -623.425625842198 -480
v 181.2820323027736 -623.4256258421956 -536
v 41.64617092752087 -685.569219381654 -480
v -6.353829072477284 -602.430780618346 -480
v -6.35382907247728 -602.430780618346 -536
v 41.64617092751791 -685.5692193816529 -536
v 7.502577388077043 -594.430780618346 -536
v 7.5025773880716145 -594.4307806183486 -480
v 55.50257738808135 -677.5692193816509 -480
v 55.50257738808068 -677.5692193816503 -536
v -1.970121014275719 -580.2705710695554 -536
v -6.108868031374201 -564.8151261038674 -536
v -6.108868031374203 -564.8151261038674 -592
v -1.9701210142741417 -580.2705710695598 -592
v 125.2548339959394 -529.616328230939 -592
v 125.25483399593928 -529.6163282309391 -536
v 129.39593871757629 -545.0711414515607 -536
v 129.39593871757825 -545.0711414515645 -592
v 27.01775939374602 -688.4542241298623 -536
v 22.876654672108998 -673 -536
v 22.876654672108998 -673 -592
v 27.017759393745415 -688.4542241298597 -592
v 154.2425670474222 -637.8000207753139 -592
v 154.24256704742098 -637.8000207753144 -536
v 158.38367176906215 -653.2548339959436 -536
v 158.38367176906468 -653.2548339959412 -592
v 158.38367176905922 -653.2548339959394 -536
v 125.25483399595124 -529.6163282309371 -536
v 125.25483399595124 -529.6163282309371 -592
v 158.3836717690578 -653.2548339959403 -592
v 140.70964721656128 -525.4752235092983 -592
v 140.70964721656165 -525.4752235092992 -536
v 173.83848498970048 -649.1137292742995 -536
v 173.83848498969746 -649.1137292742987 -592
v 22.87665467210354 -673 -536
v -1.9699736577304214 -580.2705315854982 -536
v -1.969973657730423 -580.2705315854982 -592
v 22.87665467210392 -673 -592
v 13.484839562886918 -576.1294268638594 -592
v 13.484839562888682 -576.1294268638592 -536
v 38.33146789274465 -668.8583061876164 -536
v 38.33146789274542 -668.8583061876143 -592
v -4.85292161486359 -624.9706706209399 -424
v -16.164904154351486 -613.655236162409 -424
v -16.16490415435149 -613.655236162409 -480
v -4.852921614861815 -624.970670620939 -480
v 80 -517.4903320081248 -480
v 80 -517.4903320081206 -424
v 91.31370849898407 -528.8040405071077 -424
v 91.31370849898667 -528.8040405071115 -480
v 159.19595949289578 -596.6862915010133 -480
v 63.02943725152369 -692.8528137423873 -480
v 63.02943725152368 -692.8528137423873 -424
v 159.19595949289436 -596.6862915010166 -424
v 74.34314575049939 -704.1665222413576 -424
v 74.34314575050092 -704.1665222413627 -480
v 170.50966799187506 -608 -424
v 170.50966799187518 -608 -480
v 170.5096679918788 -608 -424
v 80 -517.4903320081248 -424
v 80 -517.4903320081248 -480
v 170.5096679918784 -608 -480
v 91.31370849898303 -506.17662350914543 -480
v 91.31370849898542 -506.176623509143 -424
v 181.82337649087788 -596.6862915010064 -424
v 181.8233764908764 -596.686291501006 -480
v 63.02943725152363 -692.8528137423855 -424
v -4.852813742381841 -624.9705627484782 -424
v -4.852813742381841 -624.9705627484782 -480
v 63.029437251523575 -692.8528137423837 -480
v 6.460894756601192 -613.6568542494933 -480
v 6.460894756601194 -613.6568542494952 -424
v 74.34314575051394 -681.5391052433952 -424
v 74.34314575051387 -681.539105243395 -480
v 34.745166004058774 -529.6163282309353 -368
v -0.45363186891791996 -660.9800302582316 -368
v -0.4536318689179184 -660.9800302582316 -312
v 34.7451660040599 -529.6163282309379 -312
v 15 -665.1234926844209 -312
v 15 -665.1234926844212 -368
v 50.1999792246861 -533.757432952576 -312
v 50.199979224687176 -533.757432952575 -368
v 142.92885854843553 -558.6040612824145 -368
v 107.72946841448902 -689.9699736577404 -368
v 107.72946841448902 -689.9699736577404 -312
v 142.92885854843544 -558.6040612824205 -312
v 123.18428163511271 -694.1110783793793 -312
v 123.18428163511572 -694.1110783793796 -368
v 158.38367176906104 -562.7451660040606 -312
v 158.3836717690632 -562.7451660040557 -368
v 38.88627072569943 -514.1615150103171 -368
v 34.74516600406059 -529.6163282309335 -368
v 34.74516600406059 -529.6163282309335 -312
v 38.88627072569933 -514.1615150103152 -312
v 158.38367176906104 -562.7451660040588 -312
v 158.38367176906235 -562.7451660040582 -368
v 162.52477649070352 -547.290352783426 -312
v 162.52477649070426 -547.290352783428 -368
v 19.141693812382073 -649.6685321072655 -368
v 15 -665.1233453278874 -368
v 15 -665.1233453278874 -312
v 19.141693812383103 -649.6685321072666 -312
v 107.72946841449084 -689.9699736577295 -312
v 107.72946841449415 -689.9699736577307 -368
v 111.87057313613332 -674.5151604371113 -312
v 111.87057313613423 -674.5151604371092 -368
v 16 -680 -312
v 16 -680 -256
v 16 -544 -256
v 16 -544 -312
v 32 -544 -256
v 32 -680 -256
v 32 -680 -312
v 32 -544 -312
v 128 -680 -312
v 128 -680 -256
v 128 -544 -256
v 128 -544 -312
v 144 -544 -256
v 144 -680 -256
v 144 -680 -312
v 144 -544 -312
v 16 -544 -312
v 16 -544 -256
v 16 -528 -256
v 16 -528 -312
v 144 -528 -256
v 144 -544 -256
v 144 -544 -312
v 144 -528 -312
v 32 -680 -312
v 32 -680 -256
v 32 -664 -256
v 32 -664 -312
v 128 -664 -256
v 128 -680 -256
v 128 -680 -312
v 128 -664 -312
v 56.57437415779714 -695.4256258422029 -816
v -11.424481681875477 -577.6481526713288 -816
v -11.424481681875477 -577.6481526713288 -872
v 56.57437415779603 -695.4256258422045 -872
v 2.430704340982629 -569.6460388112682 -872
v 2.4307043409832403 -569.6460388112677 -816
v 70.43078061834774 -687.425625842204 -816
v 70.43078061834967 -687.4256258422029 -872
v 153.56921938165033 -639.4256258422029 -816
v 85.56921938165938 -521.6461709275154 -816
v 85.56921938165938 -521.6461709275154 -872
v 153.5692193816543 -639.4256258422032 -872
v 99.42562584221014 -513.6461709275172 -872
v 99.4256258422093 -513.6461709275169 -816
v 167.4256258422031 -631.4256258422027 -816
v 167.4256258422065 -631.4256258422029 -872
v 64.5743741577935 -709.2820323027554 -816
v 56.574374157795276 -695.425625842201 -816
v 56.574374157795276 -695.425625842201 -872
v 64.57437415779326 -709.28203230275 -872
v 167.42562584220286 -631.4256258422101 -872
v 167.4256258422059 -631.4256258422066 -816
v 175.42562584221884 -645.2820323027815 -816
v 175.4256258422174 -645.2820323027772 -872
v 10.430780618346034 -583.5025773880734 -816
v 2.43078061834417 -569.6461709275154 -816
v 2.430780618344167 -569.6461709275154 -872
v 10.430780618346267 -583.5025773880716 -872
v 85.56921938165397 -521.6461709275209 -872
v 85.5692193816511 -521.6461709275202 -816
v 93.56921938165709 -535.5025773880758 -816
v 93.56921938165397 -535.5025773880734 -872
v -6.353961188749963 -613.5691431043306 -760
v -14.351847328700387 -627.4267700025885 -760
v -14.351847328700387 -627.4267700025885 -704
v -6.353961188749791 -613.5691431043246 -704
v 103.42562584221378 -695.4256258421992 -704
v 103.42562584220735 -695.4256258421989 -760
v 111.42562584221014 -681.5692193816503 -704
v 111.42562584220258 -681.5692193816556 -760
v 49.64617092750268 -516.5743741578335 -760
v 41.646170927515456 -530.4307806183515 -760
v 41.646170927515456 -530.4307806183515 -704
v 49.64617092750024 -516.5743741578326 -704
v 159.4256258422065 -598.430780618346 -704
v 159.42562584220389 -598.4307806183468 -760
v 167.4256258422065 -584.5743741577971 -704
v 167.42562584220474 -584.5743741577927 -760
v 167.4256258422065 -584.5743741577899 -760
v 103.42562584220836 -695.4256258422046 -760
v 103.42562584220836 -695.4256258422046 -704
v 167.4256258422023 -584.5743741577948 -704
v 117.28203230275176 -703.4256258422029 -704
v 117.28203230275187 -703.425625842203 -760
v 181.2820323027663 -592.5743741577971 -704
v 181.28203230277404 -592.5743741577949 -760
v 41.64617092752087 -530.4307806183424 -760
v -6.353829072461024 -613.5692193816667 -760
v -6.353829072461018 -613.5692193816667 -704
v 41.646170927518355 -530.4307806183494 -704
v 7.502577388073405 -621.569219381654 -704
v 7.502577388071052 -621.5692193816534 -760
v 55.50257738807704 -538.4307806183497 -704
v 55.5025773880815 -538.4307806183419 -760
v -1.9701210142739 -635.7294289304409 -704
v -6.10886803136604 -651.1848738961035 -704
v -6.108868031366036 -651.1848738961035 -648
v -1.9701210142733423 -635.7294289304405 -648
v 125.25483399593577 -686.383671769061 -648
v 125.25483399593965 -686.3836717690607 -704
v 129.39593871757825 -670.9288585484355 -648
v 129.39593871757833 -670.9288585484358 -704
v 27.0177593937442 -527.5457758701305 -704
v 22.876654672101722 -543 -704
v 22.876654672101722 -543 -648
v 27.01775939374539 -527.5457758701297 -648
v 154.24256704741856 -578.1999792246861 -648
v 154.242567047421 -578.1999792246868 -704
v 158.38367176906104 -562.7451660040606 -648
v 158.38367176906345 -562.7451660040613 -704
v 158.38367176906104 -562.7451660040679 -704
v 125.25483399593213 -686.3836717690539 -704
v 125.25483399593213 -686.3836717690539 -648
v 158.38367176906124 -562.7451660040606 -648
v 140.70964721656128 -690.5247764907017 -648
v 140.7096472165618 -690.5247764907011 -704
v 173.8384849897011 -566.8862707257013 -648
v 173.83848498969883 -566.8862707257074 -704
v 22.87665467210536 -543 -704
v -1.969973657727678 -635.7294684144982 -704
v -1.969973657727678 -635.7294684144982 -648
v 22.876654672105307 -543 -648
v 13.484839562886918 -639.870573136137 -648
v 13.484839562889968 -639.8705731361359 -704
v 38.33146789274542 -547.1416938123857 -648
v 38.33146789274343 -547.1416938123882 -704
v -4.8529216148890555 -591.0293293790819 -816
v -16.164904154384157 -602.3447638376147 -816
v -16.16490415438416 -602.3447638376147 -760
v -4.852921614885526 -591.0293293790811 -760
v 80 -698.5096679918788 -760
v 80 -698.5096679918768 -816
v 91.31370849898667 -687.1959594928921 -760
v 91.31370849898467 -687.1959594928937 -816
v 159.1959594928885 -619.3137084989794 -760
v 63.02943725154182 -523.1471862576018 -760
v 63.02943725154182 -523.1471862576018 -816
v 159.1959594928935 -619.3137084989844 -816
v 74.3431457504812 -511.83347775866423 -816
v 74.34314575048359 -511.83347775866366 -760
v 170.5096679918788 -608 -760
v 170.50966799187842 -608 -816
v 170.5096679918788 -608 -816
v 80 -698.5096679918861 -816
v 80 -698.5096679918861 -760
v 170.50966799187393 -608 -760
v 91.31370849898303 -709.8233764908546 -760
v 91.3137084989846 -709.8233764908579 -816
v 181.8233764908764 -619.3137084989903 -760
v 181.82337649088248 -619.3137084989892 -816
v 6.460894756597554 -602.3431457505067 -760
v -4.852813742380064 -591.0294372515272 -760
v -4.852813742380067 -591.0294372515272 -816
v 6.460894756599992 -602.3431457505072 -816
v 63.02943725153091 -523.1471862576182 -816
v 63.02943725152676 -523.1471862576203 -760
v 74.3431457505103 -534.4608947566012 -760
v 74.34314575051182 -534.4608947565954 -816
v 34.74516600406423 -686.383671769061 -872
v -0.45363186893061846 -555.0199697417629 -872
v -0.4536318689306169 -555.0199697417629 -928
v 34.74516600406391 -686.3836717690613 -928
v 15 -550.8765073155755 -928
v 15 -550.8765073155754 -872
v 50.19997922468753 -682.2425670474228 -872
v 50.19997922468974 -682.2425670474222 -928
v 142.92885854843917 -657.3959387175819 -872
v 107.72946841447727 -526.0300263422652 -872
v 107.72946841447727 -526.0300263422652 -928
v 142.92885854843757 -657.3959387175793 -928
v 123.1842816351018 -521.8889216206262 -928
v 123.1842816351028 -521.8889216206263 -872
v 158.38367176906297 -653.2548339959399 -872
v 158.38367176906468 -653.2548339959376 -928
v 38.88627072569943 -701.8384849896902 -872
v 34.745166004056955 -686.3836717690484 -872
v 34.745166004056955 -686.3836717690484 -928
v 38.88627072569879 -701.8384849896851 -928
v 158.38367176906104 -653.2548339959376 -928
v 158.38367176906138 -653.2548339959376 -872
v 162.5247764907079 -668.7096472165782 -872
v 162.5247764907108 -668.7096472165722 -928
v 19.141693812382073 -566.3314678927345 -872
v 15 -550.8766546720999 -872
v 15 -550.8766546720999 -928
v 19.14169381238223 -566.3314678927329 -928
v 107.72946841449448 -526.0300263422669 -928
v 107.72946841449301 -526.0300263422672 -872
v 111.87057313613765 -541.4848395629008 -872
v 111.87057313613695 -541.4848395628997 -928
v 16 -672 -984
v 16 -672 -928
v 16 -536 -928
v 16 -536 -984
v 32 -536 -928
v 32 -672 -928
v 32 -672 -984
v 32 -536 -984
v 128 -672 -984
v 128 -672 -928
v 128 -536 -928
v 128 -536 -984
v 144 -536 -928
v 144 -672 -928
v 144 -672 -984
v 144 -536 -984
v 16 -688 -984
v 16 -688 -928
v 16 -672 -928
v 16 -672 -984
v 144 -672 -928
v 144 -688 -928
v 144 -688 -984
v 144 -672 -984
v 32 -552 -984
v 32 -552 -928
v 32 -536 -928
v 32 -536 -984
v 128 -536 -928
v 128 -552 -928
v 128 -552 -984
v 128 -536 -984
v 8 -560 -1376
v 8 -560 -1320
v 8 -544 -1320
v 8 -544 -1376
v 144 -544 -1320
v 144 -560 -1320
v 144 -560 -1376
v 144 -544 -1376
v 8 -672 -1376
v 8 -672 -1320
v 8 -656 -1320
v 8 -656 -1376
v 144 -656 -1320
v 144 -672 -1320
v 144 -672 -1376
v 144 -656 -1376
v -8 -672 -1376
v -8 -672 -1320
v -8 -544 -1320
v -8 -544 -1376
v 8 -544 -1320
v 8 -672 -1320
v 8 -672 -1376
v 8 -544 -1376
v 128 -656 -1376
v 128 -656 -1320
v 128 -560 -1320
v 128 -560 -1376
v 144 -560 -1320
v 144 -656 -1320
v 144 -656 -1376
v 144 -560 -1376
v 149.5692956590101 -646.3539611887281 -1544
v 81.56921938165033 -528.5743741577971 -1544
v 81.56921938165033 -528.5743741577971 -1600
v 149.56929565901245 -646.3539611887315 -1600
v 95.42562584219922 -520.5743741578008 -1600
v 95.42562584220447 -520.574374157797 -1544
v 163.4244816818837 -638.3518473286571 -1544
v 163.4244816818864 -638.3518473286604 -1600
v 52.5743741577935 -702.3538290724791 -1544
v -15.425625842201129 -584.5743741578005 -1544
v -15.425625842201132 -584.5743741578005 -1600
v 52.57437415779738 -702.353829072479 -1600
v -1.5692193816503277 -576.5743741578008 -1600
v -1.5692193816505817 -576.5743741578007 -1544
v 66.43078061834417 -694.3538290724815 -1544
v 66.4307806183424 -694.3538290724864 -1600
v -15.4256258422065 -584.5743741577971 -1544
v -23.425625842213947 -570.7179676972335 -1544
v -23.425625842213954 -570.7179676972335 -1600
v -15.425625842206653 -584.5743741577978 -1600
v 87.42562584220286 -506.71796769724824 -1600
v 87.42562584220603 -506.7179676972481 -1544
v 95.42562584220312 -520.5743741577949 -1544
v 95.42562584219559 -520.5743741577971 -1600
v 66.43078061834603 -694.3538290724791 -1544
v 58.43078061834794 -680.4974226119356 -1544
v 58.43078061834794 -680.4974226119356 -1600
v 66.43078061834652 -694.3538290724802 -1600
v 141.5692193816576 -632.4974226119339 -1600
v 141.56921938165738 -632.4974226119357 -1544
v 149.56921938165323 -646.3538290724774 -1544
v 149.56921938165033 -646.3538290724791 -1600
v 48.5743741577935 -520.5743741577971 -1488
v 40.57437415779888 -534.4307806183477 -1488
v 40.57437415779888 -534.4307806183477 -1432
v 48.57437415779596 -520.574374157796 -1432
v 158.3539611887427 -602.4308568956876 -1432
v 158.35396118874232 -602.4308568956875 -1488
v 166.3518473286931 -588.5732299974297 -1432
v 166.3518473286877 -588.5732299974306 -1488
v -7.425625842202862 -617.5692193816503 -1488
v -15.4256258422065 -631.4256258422082 -1488
v -15.4256258422065 -631.4256258422082 -1432
v -7.425625842204152 -617.5692193816534 -1432
v 102.3538290724864 -699.4256258421847 -1432
v 102.3538290724903 -699.4256258421863 -1488
v 110.35382907248277 -685.569219381654 -1432
v 110.35382907248331 -685.569219381651 -1488
v 34.71796769724824 -512.5743741577971 -1488
v -29.282032302777058 -623.4256258422009 -1488
v -29.282032302777065 -623.4256258422009 -1432
v 34.717967697248014 -512.5743741577978 -1432
v -15.425625842202862 -631.4256258422065 -1432
v -15.425625842205244 -631.4256258422076 -1488
v 48.57437415778986 -520.5743741577935 -1432
v 48.574374157793976 -520.574374157795 -1488
v 144.49742261193387 -594.4307806183424 -1488
v 96.49742261191759 -677.5692193816539 -1488
v 96.49742261191759 -677.5692193816539 -1432
v 144.4974226119298 -594.4307806183473 -1432
v 110.35382907247913 -685.5692193816576 -1432
v 110.35382907247856 -685.5692193816571 -1488
v 158.3538290724755 -602.4307806183388 -1432
v 158.35382907247666 -602.4307806183358 -1488
v 26.745166004060593 -529.6163282309353 -1432
v 22.604061282422702 -545.0711414515628 -1432
v 22.604061282422702 -545.0711414515628 -1376
v 26.745166004059957 -529.6163282309383 -1376
v 153.97012101427026 -580.2705710695573 -1376
v 153.9701210142716 -580.2705710695577 -1432
v 158.10886803137328 -564.8151261038674 -1376
v 158.10886803137308 -564.8151261038635 -1432
v -2.242567047422199 -637.8000207753066 -1432
v -6.383671769063727 -653.2548339959429 -1432
v -6.383671769063729 -653.2548339959429 -1376
v -2.242567047422681 -637.8000207753141 -1376
v 124.9822406062558 -688.4542241298623 -1376
v 124.98224060625718 -688.4542241298628 -1432
v 129.123345327891 -673 -1376
v 129.12334532789578 -673 -1432
v 11.290352783436902 -525.4752235092965 -1432
v -21.83848498970387 -649.1137292742968 -1432
v -21.83848498970387 -649.1137292742968 -1376
v 11.290352783438099 -525.4752235092983 -1376
v -6.3836717690574005 -653.2548339959376 -1376
v -6.383671769059223 -653.2548339959376 -1432
v 26.745166004056955 -529.616328230939 -1376
v 26.74516600405411 -529.6163282309363 -1432
v 138.51516043711126 -576.1294268638667 -1432
v 113.66853210725553 -668.8583061876197 -1432
v 113.66853210725553 -668.8583061876197 -1376
v 138.51516043711055 -576.1294268638661 -1376
v 129.12334532789464 -673 -1376
v 129.12334532789205 -673 -1432
v 153.96997365772768 -580.2705315855055 -1376
v 153.96997365772606 -580.2705315855042 -1432
v 72 -517.4903320081248 -1544
v 60.68629150102234 -528.8040405071042 -1544
v 60.68629150102234 -528.8040405071042 -1488
v 72 -517.4903320081224 -1488
v 156.8529216148745 -624.970670620929 -1488
v 156.85292161487394 -624.9706706209288 -1544
v 168.16490415435692 -613.655236162409 -1488
v 168.16490415435266 -613.6552361624115 -1544
v -7.195959492884867 -596.6862915010133 -1544
v -18.509667991878814 -608 -1544
v -18.509667991878814 -608 -1488
v -7.1959594928914274 -596.6862915010175 -1488
v 77.65685424949697 -704.1665222413649 -1488
v 77.6568542494973 -704.166522241366 -1544
v 88.97056274847976 -692.8528137423848 -1488
v 88.97056274847637 -692.8528137423855 -1544
v 60.68629150101697 -506.17662350913815 -1544
v -29.823376490880037 -596.686291501006 -1544
v -29.823376490880037 -596.686291501006 -1488
v 60.68629150101654 -506.17662350913855 -1488
v -18.509667991875176 -608 -1488
v -18.509667991878793 -608 -1544
v 72 -517.4903320081255 -1488
v 72 -517.4903320081248 -1544
v 88.97056274847637 -692.8528137423891 -1488
v 77.65685424948225 -681.539105243395 -1488
v 77.65685424948225 -681.539105243395 -1544
v 88.9705627484766 -692.8528137423871 -1544
v 145.5391052433988 -613.656854249497 -1544
v 145.53910524340125 -613.6568542494924 -1488
v 156.85281374238548 -624.9705627484764 -1488
v 156.85281374238002 -624.9705627484782 -1544
v 137 -665.1234926844227 -1600
v 101.8000207753139 -533.7574329525722 -1600
v 101.8000207753139 -533.7574329525722 -1656
v 137 -665.1234926844255 -1656
v 117.2548339959394 -529.6163282309335 -1656
v 117.25483399593776 -529.6163282309336 -1600
v 152.45363186891734 -660.9800302582339 -1600
v 152.45363186892064 -660.9800302582371 -1656
v 28.815718364880013 -694.1110783793774 -1600
v -6.383671769060173 -562.7451660040625 -1600
v -6.383671769060175 -562.7451660040625 -1656
v 28.81571836488028 -694.1110783793745 -1656
v 9.071141451564472 -558.6040612824218 -1656
v 9.071141451563735 -558.6040612824222 -1600
v 44.27053158550534 -689.9699736577385 -1600
v 44.27053158550552 -689.969973657735 -1656
v -6.3836717690610385 -562.745166004057 -1600
v -10.524776490703605 -547.2903527834259 -1600
v -10.524776490703609 -547.2903527834259 -1656
v -6.3836717690607045 -562.7451660040615 -1656
v 113.11372927430057 -514.1615150103153 -1656
v 113.11372927429912 -514.1615150103155 -1600
v 117.25483399593742 -529.6163282309323 -1600
v 117.2548339959394 -529.6163282309353 -1656
v 44.270531585503704 -689.969973657735 -1600
v 40.129426863864865 -674.515160437117 -1600
v 40.129426863864865 -674.515160437117 -1656
v 44.27053158550397 -689.9699736577348 -1656
v 132.8583061876161 -649.6685321072746 -1656
v 132.8583061876181 -649.6685321072729 -1600
v 137 -665.1233453278902 -1600
v 137 -665.123345327891 -1656
v 120 -680 -1712
v 120 -680 -1656
v 120 -544 -1656
v 120 -544 -1712
v 136 -544 -1656
v 136 -680 -1656
v 136 -680 -1712
v 136 -544 -1712
v 8 -680 -1712
v 8 -680 -1656
v 8 -544 -1656
v 8 -544 -1712
v 24 -544 -1656
v 24 -680 -1656
v 24 -680 -1712
v 24 -544 -1712
v 8 -544 -1712
v 8 -544 -1656
v 8 -528 -1656
v 8 -528 -1712
v 136 -528 -1656
v 136 -544 -1656
v 136 -544 -1712
v 136 -528 -1712
v 24 -680 -1712
v 24 -680 -1656
v 24 -664 -1656
v 24 -664 -1712
v 120 -664 -1656
v 120 -680 -1656
v 120 -680 -1712
v 120 -664 -1712
v 149.56929565901737 -569.6460388112682 -1152
v 81.5692193816541 -687.4256258422045 -1152
v 81.5692193816541 -687.4256258422045 -1096
v 149.56929565901677 -569.6460388112712 -1096
v 95.42562584220286 -695.4256258422029 -1096
v 95.42562584220441 -695.4256258422032 -1152
v 163.42448168187912 -577.6481526713324 -1096
v 163.4244816818752 -577.648152671329 -1152
v 52.57437415778986 -513.6461709275172 -1152
v -15.425625842202862 -631.4256258422029 -1152
v -15.425625842202862 -631.4256258422029 -1096
v 52.574374157790714 -513.6461709275175 -1096
v -1.5692193816503277 -639.4256258422029 -1096
v -1.5692193816521556 -639.4256258422018 -1152
v 66.4307806183424 -521.6461709275172 -1096
v 66.43078061834126 -521.6461709275166 -1152
v -15.425625842202862 -631.4256258422029 -1152
v -23.42562584221566 -645.2820323027792 -1152
v -23.425625842215656 -645.2820323027792 -1096
v -15.42562584220358 -631.4256258422057 -1096
v 87.4256258422065 -709.2820323027518 -1096
v 87.42562584220653 -709.2820323027512 -1152
v 95.4256258422065 -695.4256258422029 -1096
v 95.42562584220741 -695.4256258421971 -1152
v 66.43078061834967 -521.6461709275245 -1152
v 58.430780618346034 -535.5025773880735 -1152
v 58.430780618346034 -535.5025773880735 -1096
v 66.43078061834949 -521.6461709275222 -1096
v 141.56921938165397 -583.5025773880698 -1096
v 141.56921938165425 -583.5025773880695 -1152
v 149.56921938165033 -569.6461709275136 -1096
v 149.56921938165368 -569.646170927518 -1152
v 48.5743741577935 -695.4256258422065 -1208
v 40.574374157793635 -681.5692193816541 -1208
v 40.57437415779364 -681.5692193816541 -1264
v 48.57437415779358 -695.4256258422055 -1264
v 158.35396118874633 -613.5691431043306 -1264
v 158.35396118875033 -613.5691431043266 -1208
v 166.3518473287034 -627.4267700025949 -1208
v 166.3518473287004 -627.4267700025957 -1264
v -7.425625842202862 -598.430780618346 -1208
v -15.4256258422065 -584.5743741577899 -1208
v -15.4256258422065 -584.5743741577899 -1264
v -7.425625842204118 -598.4307806183465 -1264
v 102.35382907249732 -516.5743741578299 -1264
v 102.3538290724988 -516.5743741578289 -1208
v 110.35382907248538 -530.4307806183508 -1208
v 110.35382907248277 -530.4307806183533 -1264
v 34.71796769724824 -703.4256258422065 -1208
v -29.282032302769814 -592.5743741578009 -1208
v -29.282032302769807 -592.5743741578009 -1264
v 34.71796769724864 -703.4256258422027 -1264
v -15.425625842202862 -584.5743741577971 -1264
v -15.425625842202615 -584.5743741577961 -1208
v 48.5743741577924 -695.4256258422078 -1208
v 48.57437415778986 -695.4256258422029 -1264
v 144.4974226119266 -621.5692193816467 -1208
v 96.49742261192296 -538.4307806183477 -1208
v 96.49742261192296 -538.4307806183477 -1264
v 144.49742261192966 -621.5692193816527 -1264
v 110.35382907248277 -530.430780618346 -1264
v 110.35382907248304 -530.4307806183485 -1208
v 158.353829072459 -613.5692193816599 -1208
v 158.35382907246458 -613.5692193816685 -1264
v 26.745166004060593 -686.383671769061 -1264
v 22.604061282421753 -670.9288585484356 -1264
v 22.604061282421753 -670.9288585484356 -1320
v 26.74516600406068 -686.3836717690615 -1320
v 153.97012101427026 -635.7294289304409 -1320
v 153.97012101427126 -635.7294289304416 -1264
v 158.1088680313639 -651.1848738961044 -1264
v 158.108868031366 -651.1848738961035 -1320
v -2.242567047416742 -578.1999792246897 -1264
v -6.3836717690600935 -562.7451660040625 -1264
v -6.383671769060092 -562.7451660040625 -1320
v -2.2425670474184516 -578.199979224685 -1320
v 124.98224060625944 -527.5457758701323 -1320
v 124.98224060625586 -527.5457758701326 -1264
v 129.12334532789976 -543 -1264
v 129.12334532789828 -543 -1320
v 11.29035278344054 -690.5247764907072 -1264
v -21.838484989700156 -566.8862707257014 -1264
v -21.838484989700156 -566.8862707257014 -1320
v 11.290352783439118 -690.5247764907034 -1320
v -6.3836717690574005 -562.7451660040606 -1320
v -6.383671769062854 -562.7451660040621 -1264
v 26.7451660040677 -686.3836717690606 -1264
v 26.745166004071507 -686.3836717690556 -1320
v 138.51516043710944 -639.870573136137 -1264
v 113.66853210725728 -547.1416938123875 -1264
v 113.66853210725728 -547.1416938123875 -1320
v 138.51516043711044 -639.8705731361341 -1320
v 129.12334532789828 -543 -1320
v 129.1233453278943 -543 -1264
v 153.96997365772683 -635.7294684144994 -1264
v 153.96997365772768 -635.7294684144963 -1320
v 72 -698.5096679918788 -1152
v 60.686291501011446 -687.1959594928902 -1152
v 60.686291501011446 -687.1959594928902 -1208
v 72 -698.5096679918786 -1208
v 156.85292161488178 -591.0293293790783 -1208
v 156.852921614883 -591.0293293790805 -1152
v 168.164904154385 -602.3447638376175 -1152
v 168.16490415438238 -602.3447638376201 -1208
v -7.195959492899419 -619.3137084989794 -1152
v -18.509667991880697 -608 -1152
v -18.5096679918807 -608 -1208
v -7.19595949289393 -619.3137084989849 -1208
v 77.65685424952244 -511.8334777586606 -1208
v 77.65685424952107 -511.8334777586581 -1152
v 88.97056274846182 -523.1471862575927 -1152
v 88.97056274846271 -523.1471862575972 -1208
v 60.68629150101697 -709.8233764908618 -1152
v -29.823376490883547 -619.3137084989887 -1152
v -29.82337649088354 -619.3137084989887 -1208
v 60.68629150101713 -709.8233764908603 -1208
v -18.509667991871538 -608 -1208
v -18.509667991880036 -608 -1152
v 72 -698.5096679918902 -1152
v 72 -698.5096679918934 -1208
v 145.5391052433988 -602.3431457505067 -1152
v 77.65685424948983 -534.4608947565977 -1152
v 77.65685424948983 -534.4608947565977 -1208
v 145.5391052434005 -602.3431457505084 -1208
v 88.97056274847637 -523.1471862576145 -1208
v 88.97056274847705 -523.1471862576141 -1152
v 156.85281374238426 -591.0294372515212 -1152
v 156.85281374238548 -591.02943725152 -1208
v 137 -550.8765073155737 -1096
v 101.8000207753112 -682.2425670474258 -1096
v 101.8000207753112 -682.2425670474258 -1040
v 137 -550.8765073155777 -1040
v 117.25483399593577 -686.3836717690647 -1040
v 117.25483399593811 -686.383671769065 -1096
v 152.45363186893155 -555.0199697417665 -1040
v 152.45363186893394 -555.0199697417619 -1096
v 28.815718364894565 -521.8889216206298 -1096
v -6.383671769063797 -653.2548339959378 -1096
v -6.383671769063795 -653.2548339959378 -1040
v 28.81571836489499 -521.8889216206294 -1040
v 9.071141451557196 -657.3959387175801 -1040
v 9.071141451563038 -657.3959387175806 -1096
v 44.270531585520075 -526.0300263422687 -1040
v 44.27053158552258 -526.0300263422694 -1096
v -6.3836717690664955 -653.2548339959467 -1096
v -10.524776490708094 -668.7096472165687 -1096
v -10.524776490708092 -668.7096472165687 -1040
v -6.38367176906492 -653.2548339959405 -1040
v 113.11372927430057 -701.8384849896811 -1040
v 113.11372927430085 -701.8384849896808 -1096
v 117.2548339959394 -686.383671769052 -1040
v 117.25483399593901 -686.3836717690577 -1096
v 44.27053158550552 -526.0300263422687 -1096
v 40.12942686386211 -541.484839562898 -1096
v 40.12942686386211 -541.484839562898 -1040
v 44.27053158550604 -526.030026342267 -1040
v 132.8583061876161 -566.3314678927309 -1040
v 132.8583061876168 -566.3314678927314 -1096
v 137 -550.8766546720999 -1040
v 137 -550.8766546721013 -1096
v 120 -672 -1040
v 120 -672 -984
v 120 -536 -984
v 120 -536 -1040
v 136 -536 -984
v 136 -672 -984
v 136 -672 -1040
v 136 -536 -1040
v 8 -672 -1040
v 8 -672 -984
v 8 -536 -984
v 8 -536 -1040
v 24 -536 -984
v 24 -672 -984
v 24 -672 -1040
v 24 -536 -1040
v 8 -688 -1040
v 8 -688 -984
v 8 -672 -984
v 8 -672 -1040
v 136 -672 -984
v 136 -688 -984
v 136 -688 -1040
v 136 -672 -1040
v 24 -552 -1040
v 24 -552 -984
v 24 -536 -984
v 24 -536 -1040
v 120 -536 -984
v 120 -552 -984
v 120 -552 -1040
v 120 -536 -1040
v 1068 -532 196
v 1068 -536 200
v 1068 -532 204
v 1068 -528 200
v 1408 -532 204
v 1408 -536 200
v 1408 -528 200
v 1408 -532 196
v 1068 -532 188
v 1068 -536 192
v 1068 -532 196
v 1068 -528 192
v 1408 -532 196
v 1408 -536 192
v 1408 -528 192
v 1408 -532 188
v 1068 -532 204
v 1068 -536 208
v 1068 -532 212
v 1068 -528 208
v 1408 -532 212
v 1408 -536 208
v 1408 -528 208
v 1408 -532 204
v 1408 -536 152
v 1408 -532 156
v 1408 -528 152
v 1408 -532 148
v 2176 -400 152
v 2176 -404 156
v 2176 -404 148
v 2176 -408 152
v 1068 -532 148
v 1068 -536 152
v 1068 -532 156
v 1068 -528 152
v 1408 -532 156
v 1408 -536 152
v 1408 -528 152
v 1408 -532 148
v 1068 -532 172
v 1068 -536 176
v 1068 -532 180
v 1068 -528 176
v 1408 -532 180
v 1408 -536 176
v 1408 -528 176
v 1408 -532 172
v 1408 -536 208
v 1408 -532 212
v 1408 -528 208
v 1408 -532 204
v 2176 -400 208
v 2176 -404 212
v 2176 -404 204
v 2176 -408 208
v 1408 -536 200
v 1408 -532 204
v 1408 -528 200
v 1408 -532 196
v 2176 -400 200
v 2176 -404 204
v 2176 -404 196
v 2176 -408 200
v 1408 -536 168
v 1408 -532 172
v 1408 -528 168
v 1408 -532 164
v 2176 -400 168
v 2176 -404 172
v 2176 -404 164
v 2176 -408 168
v 2176 -404 204
v 2176 -408 208
v 2176 -404 212
v 2176 -400 208
v 2288 -404 212
v 2288 -408 208
v 2288 -400 208
v 2288 -404 204
v 1408 -536 160
v 1408 -532 164
v 1408 -528 160
v 1408 -532 156
v 2176 -400 160
v 2176 -404 164
v 2176 -404 156
v 2176 -408 160
v 1408 -536 176
v 1408 -532 180
v 1408 -528 176
v 1408 -532 172
v 2176 -400 176
v 2176 -404 180
v 2176 -404 172
v 2176 -408 176
v 1408 -536 192
v 1408 -532 196
v 1408 -528 192
v 1408 -532 188
v 2176 -400 192
v 2176 -404 196
v 2176 -404 188
v 2176 -408 192
v 1068 -532 164
v 1068 -536 168
v 1068 -532 172
v 1068 -528 168
v 1408 -532 172
v 1408 -536 168
v 1408 -528 168
v 1408 -532 164
v 1408 -536 184
v 1408 -532 188
v 1408 -528 184
v 1408 -532 180
v 2176 -400 184
v 2176 -404 188
v 2176 -404 180
v 2176 -408 184
v 2292 -408 208
v 2288 -404 212
v 2292 -404 204
v 2292 -400 208
v 2308 -404 228
v 2312 -408 228
v 2312 -400 228
v 2316 -404 228
v 1068 -532 156
v 1068 -536 160
v 1068 -532 164
v 1068 -528 160
v 1408 -532 164
v 1408 -536 160
v 1408 -528 160
v 1408 -532 156
v 1068 -532 180
v 1068 -536 184
v 1068 -532 188
v 1068 -528 184
v 1408 -532 188
v 1408 -536 184
v 1408 -528 184
v 1408 -532 180
v 2560 -404 164
v 2560 -408 168
v 2560 -404 172
v 2560 -400 168
v 2564 -404 172
v 2564 -408 168
v 2564 -400 168
v 2660 -408 156
v 2656 -404 156
v 2656 -404 -344
v 2660 -408 -344
v 2660 -400 -344
v 2660 -400 156
v 2664 -404 156
v 2664 -404 -344
v 2564 -404 172
v 2560 -404 164
v 2564 -408 168
v 2564 -400 168
v 2584 -408 148
v 2580 -404 148
v 2584 -400 148
v 2588 -404 148
v 2524 -404 164
v 2520 -404 156
v 2524 -408 160
v 2524 -400 160
v 2544 -408 140
v 2540 -404 140
v 2544 -400 140
v 2548 -404 140
v 2544 -408 140
v 2540 -404 140
v 2540 -404 -360
v 2544 -408 -360
v 2544 -400 -360
v 2544 -400 140
v 2548 -404 140
v 2548 -404 -360
v 2520 -404 156
v 2516 -404 148
v 2520 -408 152
v 2520 -400 152
v 2540 -408 132
v 2536 -404 132
v 2540 -400 132
v 2544 -404 132
v 2584 -408 148
v 2580 -404 148
v 2580 -404 -352
v 2584 -408 -352
v 2584 -400 -352
v 2584 -400 148
v 2588 -404 148
v 2588 -404 -352
v 2540 -408 132
v 2536 -404 132
v 2536 -404 -368
v 2540 -408 -368
v 2540 -400 -368
v 2540 -400 132
v 2544 -404 132
v 2544 -404 -368
v 2176 -404 148
v 2176 -408 152
v 2176 -404 156
v 2176 -400 152
v 2516 -404 156
v 2516 -408 152
v 2516 -400 152
v 2516 -404 148
v 2640 -404 180
v 2636 -404 172
v 2640 -408 176
v 2640 -400 176
v 2660 -408 156
v 2656 -404 156
v 2660 -400 156
v 2664 -404 156
v 2312 -408 728
v 2308 -404 728
v 2308 -404 228
v 2312 -408 228
v 2312 -400 228
v 2312 -400 728
v 2316 -404 728
v 2316 -404 228
v 2176 -404 196
v 2176 -408 200
v 2176 -404 204
v 2176 -400 200
v 2296 -404 204
v 2296 -408 200
v 2296 -400 200
v 2296 -404 196
v 2176 -404 188
v 2176 -408 192
v 2176 -404 196
v 2176 -400 192
v 2932 -404 196
v 2932 -408 192
v 2932 -400 192
v 2932 -404 188
v 2176 -404 164
v 2176 -408 168
v 2176 -404 172
v 2176 -400 168
v 2560 -404 172
v 2560 -408 168
v 2560 -400 168
v 2560 -404 164
v 2320 -408 764
v 2316 -404 764
v 2316 -404 220
v 2320 -408 220
v 2320 -400 220
v 2320 -400 764
v 2324 -404 764
v 2324 -404 220
v 2300 -408 200
v 2296 -404 204
v 2300 -404 196
v 2300 -400 200
v 2316 -404 220
v 2320 -408 220
v 2320 -400 220
v 2324 -404 220
v 2176 -404 180
v 2176 -408 184
v 2176 -404 188
v 2176 -400 184
v 2932 -404 188
v 2932 -408 184
v 2932 -400 184
v 2932 -404 180
v 2176 -404 172
v 2176 -408 176
v 2176 -404 180
v 2176 -400 176
v 2636 -404 180
v 2636 -408 176
v 2636 -400 176
v 2636 -404 172
v 2176 -404 156
v 2176 -408 160
v 2176 -404 164
v 2176 -400 160
v 2520 -404 164
v 2520 -408 160
v 2520 -400 160
v 2520 -404 156
v 1072 -540 66
v 1072 -660 66
v 1072 -660 70
v 1072 -540 70
v 1074 -660 72
v 1074 -540 72
v 1074 -660 64
v 1074 -540 64
v 1078 -540 72
v 1078 -660 72
v 1080 -660 70
v 1078 -660 64
v 1080 -660 66
v 1080 -540 66
v 1078 -540 64
v 1080 -540 70
v 1064 -556 56
v 1064 -556 104
v 1064 -552 104
v 1064 -552 56
v 1412 -552 104
v 1412 -556 104
v 1412 -556 56
v 1412 -552 56
v 1064 -628 56
v 1064 -628 104
v 1064 -624 104
v 1064 -624 56
v 1412 -624 104
v 1412 -628 104
v 1412 -628 56
v 1412 -624 56
v 1072 -540 90
v 1072 -660 90
v 1072 -660 94
v 1072 -540 94
v 1074 -660 96
v 1074 -540 96
v 1074 -660 88
v 1074 -540 88
v 1078 -540 96
v 1078 -660 96
v 1080 -660 94
v 1078 -660 88
v 1080 -660 90
v 1080 -540 90
v 1078 -540 88
v 1080 -540 94
v 1064 -580 56
v 1064 -580 104
v 1064 -576 104
v 1064 -576 56
v 1412 -576 104
v 1412 -580 104
v 1412 -580 56
v 1412 -576 56
v 1064 -604 56
v 1064 -604 104
v 1064 -600 104
v 1064 -600 56
v 1412 -600 104
v 1412 -604 104
v 1412 -604 56
v 1412 -600 56
v 2680 -412 -110
v 2680 -532 -110
v 2680 -532 -106
v 2680 -412 -106
v 2682 -532 -104
v 2682 -412 -104
v 2682 -532 -112
v 2682 -412 -112
v 2686 -412 -104
v 2686 -532 -104
v 2688 -532 -106
v 2686 -532 -112
v 2688 -532 -110
v 2688 -412 -110
v 2686 -412 -112
v 2688 -412 -106
v 2672 -428 -120
v 2672 -428 -72
v 2672 -424 -72
v 2672 -424 -120
v 2824 -424 -72
v 2824 -428 -72
v 2824 -428 -120
v 2824 -424 -120
v 2672 -500 -120
v 2672 -500 -72
v 2672 -496 -72
v 2672 -496 -120
v 2824 -496 -72
v 2824 -500 -72
v 2824 -500 -120
v 2824 -496 -120
v 2680 -412 -86
v 2680 -532 -86
v 2680 -532 -82
v 2680 -412 -82
v 2682 -532 -80
v 2682 -412 -80
v 2682 -532 -88
v 2682 -412 -88
v 2686 -412 -80
v 2686 -532 -80
v 2688 -532 -82
v 2686 -532 -88
v 2688 -532 -86
v 2688 -412 -86
v 2686 -412 -88
v 2688 -412 -82
v 2672 -452 -120
v 2672 -452 -72
v 2672 -448 -72
v 2672 -448 -120
v 2824 -448 -72
v 2824 -452 -72
v 2824 -452 -120
v 2824 -448 -120
v 2672 -476 -120
v 2672 -476 -72
v 2672 -472 -72
v 2672 -472 -120
v 2824 -472 -72
v 2824 -476 -72
v 2824 -476 -120
v 2824 -472 -120
v 2808 -412 -86
v 2808 -532 -86
v 2808 -532 -82
v 2808 -412 -82
v 2810 -532 -80
v 2810 -412 -80
v 2810 -532 -88
v 2810 -412 -88
v 2814 -412 -80
v 2814 -532 -80
v 2816 -532 -82
v 2814 -532 -88
v 2816 -532 -86
v 2816 -412 -86
v 2814 -412 -88
v 2816 -412 -82
v 2808 -412 -110
v 2808 -532 -110
v 2808 -532 -106
v 2808 -412 -106
v 2810 -532 -104
v 2810 -412 -104
v 2810 -532 -112
v 2810 -412 -112
v 2814 -412 -104
v 2814 -532 -104
v 2816 -532 -106
v 2814 -532 -112
v 2816 -532 -110
v 2816 -412 -110
v 2814 -412 -112
v 2816 -412 -106
v 3184 -420 298
v 3184 -540 298
v 3184 -540 302
v 3184 -420 302
v 3186 -540 304
v 3186 -420 304
v 3186 -540 296
v 3186 -420 296
v 3190 -420 304
v 3190 -540 304
v 3192 -540 302
v 3190 -540 296
v 3192 -540 298
v 3192 -420 298
v 3190 -420 296
v 3192 -420 302
v 2176 -436 264
v 2176 -436 312
v 2176 -432 312
v 2176 -432 264
v 3200 -432 312
v 3200 -436 312
v 3200 -436 264
v 3200 -432 264
v 3184 -420 274
v 3184 -540 274
v 3184 -540 278
v 3184 -420 278
v 3186 -540 280
v 3186 -420 280
v 3186 -540 272
v 3186 -420 272
v 3190 -420 280
v 3190 -540 280
v 3192 -540 278
v 3190 -540 272
v 3192 -540 274
v 3192 -420 274
v 3190 -420 272
v 3192 -420 278
v 2520 -460 264
v 2520 -460 312
v 2520 -456 312
v 2520 -456 264
v 3200 -456 312
v 3200 -460 312
v 3200 -460 264
v 3200 -456 264
v 2524 -484 264
v 2524 -484 312
v 2524 -480 312
v 2524 -480 264
v 3200 -480 312
v 3200 -484 312
v 3200 -484 264
v 3200 -480 264
v 2184 -420 274
v 2184 -540 274
v 2184 -540 278
v 2184 -420 278
v 2186 -540 280
v 2186 -420 280
v 2186 -540 272
v 2186 -420 272
v 2190 -420 280
v 2190 -540 280
v 2192 -540 278
v 2190 -540 272
v 2192 -540 274
v 2192 -420 274
v 2190 -420 272
v 2192 -420 278
v 2184 -420 298
v 2184 -540 298
v 2184 -540 302
v 2184 -420 302
v 2186 -540 304
v 2186 -420 304
v 2186 -540 296
v 2186 -420 296
v 2190 -420 304
v 2190 -540 304
v 2192 -540 302
v 2190 -540 296
v 2192 -540 298
v 2192 -420 298
v 2190 -420 296
v 2192 -420 302
v 2532 -420 274
v 2532 -540 274
v 2532 -540 278
v 2532 -420 278
v 2534 -540 280
v 2534 -420 280
v 2534 -540 272
v 2534 -420 272
v 2538 -420 280
v 2538 -540 280
v 2540 -540 278
v 2538 -540 272
v 2540 -540 274
v 2540 -420 274
v 2538 -420 272
v 2540 -420 278
v 2532 -420 298
v 2532 -540 298
v 2532 -540 302
v 2532 -420 302
v 2534 -540 304
v 2534 -420 304
v 2534 -540 296
v 2534 -420 296
v 2538 -420 304
v 2538 -540 304
v 2540 -540 302
v 2538 -540 296
v 2540 -540 298
v 2540 -420 298
v 2538 -420 296
v 2540 -420 302
v 2524 -508 264
v 2524 -508 312
v 2524 -504 312
v 2524 -504 264
v 3200 -504 312
v 3200 -508 312
v 3200 -508 264
v 3200 -504 264
v 2160 -420 298
v 2160 -540 298
v 2160 -540 302
v 2160 -420 302
v 2162 -540 304
v 2162 -420 304
v 2162 -540 296
v 2162 -420 296
v 2166 -420 304
v 2166 -540 304
v 2168 -540 302
v 2166 -540 296
v 2168 -540 298
v 2168 -420 298
v 2166 -420 296
v 2168 -420 302
v 1408 -556 312
v 1408 -552 312
v 1408 -552 264
v 1408 -556 264
v 2176 -432 264
v 2176 -432 312
v 2176 -436 312
v 2176 -436 264
v 1408 -628 312
v 1408 -624 312
v 1408 -624 264
v 1408 -628 264
v 2176 -504 264
v 2176 -504 312
v 2176 -508 312
v 2176 -508 264
v 2160 -420 274
v 2160 -540 274
v 2160 -540 278
v 2160 -420 278
v 2162 -540 280
v 2162 -420 280
v 2162 -540 272
v 2162 -420 272
v 2166 -420 280
v 2166 -540 280
v 2168 -540 278
v 2166 -540 272
v 2168 -540 274
v 2168 -420 274
v 2166 -420 272
v 2168 -420 278
v 1408 -580 312
v 1408 -576 312
v 1408 -576 264
v 1408 -580 264
v 2176 -456 264
v 2176 -456 312
v 2176 -460 312
v 2176 -460 264
v 1408 -604 312
v 1408 -600 312
v 1408 -600 264
v 1408 -604 264
v 2176 -480 264
v 2176 -480 312
v 2176 -484 312
v 2176 -484 264
v 2164 -420 90
v 2164 -540 90
v 2164 -540 94
v 2164 -420 94
v 2166 -540 96
v 2166 -420 96
v 2166 -540 88
v 2166 -420 88
v 2170 -420 96
v 2170 -540 96
v 2172 -540 94
v 2170 -540 88
v 2172 -540 90
v 2172 -420 90
v 2170 -420 88
v 2172 -420 94
v 1412 -556 104
v 1412 -552 104
v 1412 -552 56
v 1412 -556 56
v 2180 -432 56
v 2180 -432 104
v 2180 -436 104
v 2180 -436 56
v 1412 -628 104
v 1412 -624 104
v 1412 -624 56
v 1412 -628 56
v 2180 -504 56
v 2180 -504 104
v 2180 -508 104
v 2180 -508 56
v 2164 -420 66
v 2164 -540 66
v 2164 -540 70
v 2164 -420 70
v 2166 -540 72
v 2166 -420 72
v 2166 -540 64
v 2166 -420 64
v 2170 -420 72
v 2170 -540 72
v 2172 -540 70
v 2170 -540 64
v 2172 -540 66
v 2172 -420 66
v 2170 -420 64
v 2172 -420 70
v 1412 -580 104
v 1412 -576 104
v 1412 -576 56
v 1412 -580 56
v 2180 -456 56
v 2180 -456 104
v 2180 -460 104
v 2180 -460 56
v 1412 -604 104
v 1412 -600 104
v 1412 -600 56
v 1412 -604 56
v 2180 -480 56
v 2180 -480 104
v 2180 -484 104
v 2180 -484 56
v 2680 -412 -62
v 2680 -532 -62
v 2680 -532 -58
v 2680 -412 -58
v 2682 -532 -56
v 2682 -412 -56
v 2682 -532 -64
v 2682 -412 -64
v 2686 -412 -56
v 2686 -532 -56
v 2688 -532 -58
v 2686 -532 -64
v 2688 -532 -62
v 2688 -412 -62
v 2686 -412 -64
v 2688 -412 -58
v 2672 -428 -72
v 2672 -428 -24
v 2672 -424 -24
v 2672 -424 -72
v 2824 -424 -24
v 2824 -428 -24
v 2824 -428 -72
v 2824 -424 -72
v 2672 -500 -72
v 2672 -500 -24
v 2672 -496 -24
v 2672 -496 -72
v 2824 -496 -24
v 2824 -500 -24
v 2824 -500 -72
v 2824 -496 -72
v 2680 -412 -38
v 2680 -532 -38
v 2680 -532 -34
v 2680 -412 -34
v 2682 -532 -32
v 2682 -412 -32
v 2682 -532 -40
v 2682 -412 -40
v 2686 -412 -32
v 2686 -532 -32
v 2688 -532 -34
v 2686 -532 -40
v 2688 -532 -38
v 2688 -412 -38
v 2686 -412 -40
v 2688 -412 -34
v 2672 -452 -72
v 2672 -452 -24
v 2672 -448 -24
v 2672 -448 -72
v 2824 -448 -24
v 2824 -452 -24
v 2824 -452 -72
v 2824 -448 -72
v 2672 -476 -72
v 2672 -476 -24
v 2672 -472 -24
v 2672 -472 -72
v 2824 -472 -24
v 2824 -476 -24
v 2824 -476 -72
v 2824 -472 -72
v 2808 -412 -38
v 2808 -532 -38
v 2808 -532 -34
v 2808 -412 -34
v 2810 -532 -32
v 2810 -412 -32
v 2810 -532 -40
v 2810 -412 -40
v 2814 -412 -32
v 2814 -532 -32
v 2816 -532 -34
v 2814 -532 -40
v 2816 -532 -38
v 2816 -412 -38
v 2814 -412 -40
v 2816 -412 -34
v 2808 -412 -62
v 2808 -532 -62
v 2808 -532 -58
v 2808 -412 -58
v 2810 -532 -56
v 2810 -412 -56
v 2810 -532 -64
v 2810 -412 -64
v 2814 -412 -56
v 2814 -532 -56
v 2816 -532 -58
v 2814 -532 -64
v 2816 -532 -62
v 2816 -412 -62
v 2814 -412 -64
v 2816 -412 -58
v 2696 -420 190
v 2696 -540 190
v 2696 -540 194
v 2696 -420 194
v 2698 -540 196
v 2698 -420 196
v 2698 -540 188
v 2698 -420 188
v 2702 -420 196
v 2702 -540 196
v 2704 -540 194
v 2702 -540 188
v 2704 -540 190
v 2704 -420 190
v 2702 -420 188
v 2704 -420 194
v 2688 -436 52
v 2688 -436 204
v 2688 -432 204
v 2688 -432 52
v 2736 -432 204
v 2736 -436 204
v 2736 -436 52
v 2736 -432 52
v 2688 -508 52
v 2688 -508 204
v 2688 -504 204
v 2688 -504 52
v 2736 -504 204
v 2736 -508 204
v 2736 -508 52
v 2736 -504 52
v 2720 -420 190
v 2720 -540 190
v 2720 -540 194
v 2720 -420 194
v 2722 -540 196
v 2722 -420 196
v 2722 -540 188
v 2722 -420 188
v 2726 -420 196
v 2726 -540 196
v 2728 -540 194
v 2726 -540 188
v 2728 -540 190
v 2728 -420 190
v 2726 -420 188
v 2728 -420 194
v 2688 -460 52
v 2688 -460 204
v 2688 -456 204
v 2688 -456 52
v 2736 -456 204
v 2736 -460 204
v 2736 -460 52
v 2736 -456 52
v 2688 -484 52
v 2688 -484 204
v 2688 -480 204
v 2688 -480 52
v 2736 -480 204
v 2736 -484 204
v 2736 -484 52
v 2736 -480 52
v 2720 -420 62
v 2720 -540 62
v 2720 -540 66
v 2720 -420 66
v 2722 -540 68
v 2722 -420 68
v 2722 -540 60
v 2722 -420 60
v 2726 -420 68
v 2726 -540 68
v 2728 -540 66
v 2726 -540 60
v 2728 -540 62
v 2728 -420 62
v 2726 -420 60
v 2728 -420 66
v 2696 -420 62
v 2696 -540 62
v 2696 -540 66
v 2696 -420 66
v 2698 -540 68
v 2698 -420 68
v 2698 -540 60
v 2698 -420 60
v 2702 -420 68
v 2702 -540 68
v 2704 -540 66
v 2702 -540 60
v 2704 -540 62
v 2704 -420 62
v 2702 -420 60
v 2704 -420 66
v 2704 -420 450
v 2704 -540 450
v 2704 -540 454
v 2704 -420 454
v 2706 -540 456
v 2706 -420 456
v 2706 -540 448
v 2706 -420 448
v 2710 -420 456
v 2710 -540 456
v 2712 -540 454
v 2710 -540 448
v 2712 -540 450
v 2712 -420 450
v 2710 -420 448
v 2712 -420 454
v 2568 -436 416
v 2568 -436 464
v 2568 -432 464
v 2568 -432 416
v 2720 -432 464
v 2720 -436 464
v 2720 -436 416
v 2720 -432 416
v 2568 -508 416
v 2568 -508 464
v 2568 -504 464
v 2568 -504 416
v 2720 -504 464
v 2720 -508 464
v 2720 -508 416
v 2720 -504 416
v 2704 -420 426
v 2704 -540 426
v 2704 -540 430
v 2704 -420 430
v 2706 -540 432
v 2706 -420 432
v 2706 -540 424
v 2706 -420 424
v 2710 -420 432
v 2710 -540 432
v 2712 -540 430
v 2710 -540 424
v 2712 -540 426
v 2712 -420 426
v 2710 -420 424
v 2712 -420 430
v 2568 -460 416
v 2568 -460 464
v 2568 -456 464
v 2568 -456 416
v 2720 -456 464
v 2720 -460 464
v 2720 -460 416
v 2720 -456 416
v 2568 -484 416
v 2568 -484 464
v 2568 -480 464
v 2568 -480 416
v 2720 -480 464
v 2720 -484 464
v 2720 -484 416
v 2720 -480 416
v 2576 -420 426
v 2576 -540 426
v 2576 -540 430
v 2576 -420 430
v 2578 -540 432
v 2578 -420 432
v 2578 -540 424
v 2578 -420 424
v 2582 -420 432
v 2582 -540 432
v 2584 -540 430
v 2582 -540 424
v 2584 -540 426
v 2584 -420 426
v 2582 -420 424
v 2584 -420 430
v 2576 -420 450
v 2576 -540 450
v 2576 -540 454
v 2576 -420 454
v 2578 -540 456
v 2578 -420 456
v 2578 -540 448
v 2578 -420 448
v 2582 -420 456
v 2582 -540 456
v 2584 -540 454
v 2582 -540 448
v 2584 -540 450
v 2584 -420 450
v 2582 -420 448
v 2584 -420 454
v 2704 -420 498
v 2704 -540 498
v 2704 -540 502
v 2704 -420 502
v 2706 -540 504
v 2706 -420 504
v 2706 -540 496
v 2706 -420 496
v 2710 -420 504
v 2710 -540 504
v 2712 -540 502
v 2710 -540 496
v 2712 -540 498
v 2712 -420 498
v 2710 -420 496
v 2712 -420 502
v 2568 -436 464
v 2568 -436 512
v 2568 -432 512
v 2568 -432 464
v 2720 -432 512
v 2720 -436 512
v 2720 -436 464
v 2720 -432 464
v 2568 -508 464
v 2568 -508 512
v 2568 -504 512
v 2568 -504 464
v 2720 -504 512
v 2720 -508 512
v 2720 -508 464
v 2720 -504 464
v 2704 -420 474
v 2704 -540 474
v 2704 -540 478
v 2704 -420 478
v 2706 -540 480
v 2706 -420 480
v 2706 -540 472
v 2706 -420 472
v 2710 -420 480
v 2710 -540 480
v 2712 -540 478
v 2710 -540 472
v 2712 -540 474
v 2712 -420 474
v 2710 -420 472
v 2712 -420 478
v 2568 -460 464
v 2568 -460 512
v 2568 -456 512
v 2568 -456 464
v 2720 -456 512
v 2720 -460 512
v 2720 -460 464
v 2720 -456 464
v 2568 -484 464
v 2568 -484 512
v 2568 -480 512
v 2568 -480 464
v 2720 -480 512
v 2720 -484 512
v 2720 -484 464
v 2720 -480 464
v 2576 -420 474
v 2576 -540 474
v 2576 -540 478
v 2576 -420 478
v 2578 -540 480
v 2578 -420 480
v 2578 -540 472
v 2578 -420 472
v 2582 -420 480
v 2582 -540 480
v 2584 -540 478
v 2582 -540 472
v 2584 -540 474
v 2584 -420 474
v 2582 -420 472
v 2584 -420 478
v 2576 -420 498
v 2576 -540 498
v 2576 -540 502
v 2576 -420 502
v 2578 -540 504
v 2578 -420 504
v 2578 -540 496
v 2578 -420 496
v 2582 -420 504
v 2582 -540 504
v 2584 -540 502
v 2582 -540 496
v 2584 -540 498
v 2584 -420 498
v 2582 -420 496
v 2584 -420 502
v 2744 -420 190
v 2744 -540 190
v 2744 -540 194
v 2744 -420 194
v 2746 -540 196
v 2746 -420 196
v 2746 -540 188
v 2746 -420 188
v 2750 -420 196
v 2750 -540 196
v 2752 -540 194
v 2750 -540 188
v 2752 -540 190
v 2752 -420 190
v 2750 -420 188
v 2752 -420 194
v 2736 -436 52
v 2736 -436 204
v 2736 -432 204
v 2736 -432 52
v 2784 -432 204
v 2784 -436 204
v 2784 -436 52
v 2784 -432 52
v 2736 -508 52
v 2736 -508 204
v 2736 -504 204
v 2736 -504 52
v 2784 -504 204
v 2784 -508 204
v 2784 -508 52
v 2784 -504 52
v 2768 -420 190
v 2768 -540 190
v 2768 -540 194
v 2768 -420 194
v 2770 -540 196
v 2770 -420 196
v 2770 -540 188
v 2770 -420 188
v 2774 -420 196
v 2774 -540 196
v 2776 -540 194
v 2774 -540 188
v 2776 -540 190
v 2776 -420 190
v 2774 -420 188
v 2776 -420 194
v 2736 -460 52
v 2736 -460 204
v 2736 -456 204
v 2736 -456 52
v 2784 -456 204
v 2784 -460 204
v 2784 -460 52
v 2784 -456 52
v 2736 -484 52
v 2736 -484 204
v 2736 -480 204
v 2736 -480 52
v 2784 -480 204
v 2784 -484 204
v 2784 -484 52
v 2784 -480 52
v 2768 -420 62
v 2768 -540 62
v 2768 -540 66
v 2768 -420 66
v 2770 -540 68
v 2770 -420 68
v 2770 -540 60
v 2770 -420 60
v 2774 -420 68
v 2774 -540 68
v 2776 -540 66
v 2774 -540 60
v 2776 -540 62
v 2776 -420 62
v 2774 -420 60
v 2776 -420 66
v 2744 -420 62
v 2744 -540 62
v 2744 -540 66
v 2744 -420 66
v 2746 -540 68
v 2746 -420 68
v 2746 -540 60
v 2746 -420 60
v 2750 -420 68
v 2750 -540 68
v 2752 -540 66
v 2750 -540 60
v 2752 -540 62
v 2752 -420 62
v 2750 -420 60
v 2752 -420 66
v 2556 -420 -726
v 2556 -540 -726
v 2556 -540 -722
v 2556 -420 -722
v 2558 -540 -720
v 2558 -420 -720
v 2558 -540 -728
v 2558 -420 -728
v 2562 -420 -720
v 2562 -540 -720
v 2564 -540 -722
v 2562 -540 -728
v 2564 -540 -726
v 2564 -420 -726
v 2562 -420 -728
v 2564 -420 -722
v 2524 -436 -736
v 2524 -436 288
v 2524 -432 288
v 2524 -432 -736
v 2572 -432 288
v 2572 -436 288
v 2572 -436 -736
v 2572 -432 -736
v 2532 -420 -726
v 2532 -540 -726
v 2532 -540 -722
v 2532 -420 -722
v 2534 -540 -720
v 2534 -420 -720
v 2534 -540 -728
v 2534 -420 -728
v 2538 -420 -720
v 2538 -540 -720
v 2540 -540 -722
v 2538 -540 -728
v 2540 -540 -726
v 2540 -420 -726
v 2538 -420 -728
v 2540 -420 -722
v 2524 -484 -736
v 2524 -484 -60
v 2524 -480 -60
v 2524 -480 -736
v 2572 -480 -60
v 2572 -484 -60
v 2572 -484 -736
v 2572 -480 -736
v 2532 -420 274
v 2532 -540 274
v 2532 -540 278
v 2532 -420 278
v 2534 -540 280
v 2534 -420 280
v 2534 -540 272
v 2534 -420 272
v 2538 -420 280
v 2538 -540 280
v 2540 -540 278
v 2538 -540 272
v 2540 -540 274
v 2540 -420 274
v 2538 -420 272
v 2540 -420 278
v 2556 -420 274
v 2556 -540 274
v 2556 -540 278
v 2556 -420 278
v 2558 -540 280
v 2558 -420 280
v 2558 -540 272
v 2558 -420 272
v 2562 -420 280
v 2562 -540 280
v 2564 -540 278
v 2562 -540 272
v 2564 -540 274
v 2564 -420 274
v 2562 -420 272
v 2564 -420 278
v 2532 -420 -74
v 2532 -540 -74
v 2532 -540 -70
v 2532 -420 -70
v 2534 -540 -68
v 2534 -420 -68
v 2534 -540 -76
v 2534 -420 -76
v 2538 -420 -68
v 2538 -540 -68
v 2540 -540 -70
v 2538 -540 -76
v 2540 -540 -74
v 2540 -420 -74
v 2538 -420 -76
v 2540 -420 -70
v 2556 -420 -74
v 2556 -540 -74
v 2556 -540 -70
v 2556 -420 -70
v 2558 -540 -68
v 2558 -420 -68
v 2558 -540 -76
v 2558 -420 -76
v 2562 -420 -68
v 2562 -540 -68
v 2564 -540 -70
v 2562 -540 -76
v 2564 -540 -74
v 2564 -420 -74
v 2562 -420 -76
v 2564 -420 -70
v 2524 -508 -736
v 2524 -508 -60
v 2524 -504 -60
v 2524 -504 -736
v 2572 -504 -60
v 2572 -508 -60
v 2572 -508 -736
v 2572 -504 -736
v 1068 -540 274
v 1068 -660 274
v 1068 -660 278
v 1068 -540 278
v 1070 -660 280
v 1070 -540 280
v 1070 -660 272
v 1070 -540 272
v 1074 -540 280
v 1074 -660 280
v 1076 -660 278
v 1074 -660 272
v 1076 -660 274
v 1076 -540 274
v 1074 -540 272
v 1076 -540 278
v 1060 -556 264
v 1060 -556 312
v 1060 -552 312
v 1060 -552 264
v 1408 -552 312
v 1408 -556 312
v 1408 -556 264
v 1408 -552 264
v 1060 -628 264
v 1060 -628 312
v 1060 -624 312
v 1060 -624 264
v 1408 -624 312
v 1408 -628 312
v 1408 -628 264
v 1408 -624 264
v 1068 -540 298
v 1068 -660 298
v 1068 -660 302
v 1068 -540 302
v 1070 -660 304
v 1070 -540 304
v 1070 -660 296
v 1070 -540 296
v 1074 -540 304
v 1074 -660 304
v 1076 -660 302
v 1074 -660 296
v 1076 -660 298
v 1076 -540 298
v 1074 -540 296
v 1076 -540 302
v 1060 -580 264
v 1060 -580 312
v 1060 -576 312
v 1060 -576 264
v 1408 -576 312
v 1408 -580 312
v 1408 -580 264
v 1408 -576 264
v 1060 -604 264
v 1060 -604 312
v 1060 -600 312
v 1060 -600 264
v 1408 -600 312
v 1408 -604 312
v 1408 -604 264
v 1408 -600 264
v 2304 -532 608
v 2304 -532 616
v 2304 -500 616
v 2304 -500 608
v 2456 -500 616
v 2456 -532 616
v 2456 -532 608
v 2456 -500 608
v 2304 -532 432
v 2304 -532 608
v 2304 -500 608
v 2304 -500 432
v 2312 -500 608
v 2312 -532 608
v 2312 -532 432
v 2312 -500 432
v 2304 -532 424
v 2304 -532 432
v 2304 -500 432
v 2304 -500 424
v 2456 -500 432
v 2456 -532 432
v 2456 -532 424
v 2456 -500 424
v 2448 -532 432
v 2448 -532 608
v 2448 -500 608
v 2448 -500 432
v 2456 -500 608
v 2456 -532 608
v 2456 -532 432
v 2456 -500 432
v 2312 -532 432
v 2312 -532 608
v 2312 -524 608
v 2312 -524 432
v 2448 -524 608
v 2448 -532 608
v 2448 -532 432
v 2448 -524 432
v 2312 -532 -140
v 2312 -532 36
v 2312 -524 36
v 2312 -524 -140
v 2448 -524 36
v 2448 -532 36
v 2448 -532 -140
v 2448 -524 -140
v 2304 -532 -140
v 2304 -532 36
v 2304 -500 36
v 2304 -500 -140
v 2312 -500 36
v 2312 -532 36
v 2312 -532 -140
v 2312 -500 -140
v 2304 -532 36
v 2304 -532 44
v 2304 -500 44
v 2304 -500 36
v 2456 -500 44
v 2456 -532 44
v 2456 -532 36
v 2456 -500 36
v 2304 -532 -148
v 2304 -532 -140
v 2304 -500 -140
v 2304 -500 -148
v 2456 -500 -140
v 2456 -532 -140
v 2456 -532 -148
v 2456 -500 -148
v 2448 -532 -140
v 2448 -532 36
v 2448 -500 36
v 2448 -500 -140
v 2456 -500 36
v 2456 -532 36
v 2456 -532 -140
v 2456 -500 -140
v 2880 -516 396
v 2880 -516 404
v 2880 -460 404
v 2880 -460 396
v 2928 -460 404
v 2928 -516 404
v 2928 -516 396
v 2928 -460 396
v 2888 -500 404
v 2888 -500 672
v 2888 -496 672
v 2888 -496 404
v 2928 -492 404
v 2928 -492 672
v 2928 -500 672
v 2928 -500 404
v 2888 -484 404
v 2888 -484 672
v 2888 -480 672
v 2888 -480 404
v 2928 -476 404
v 2928 -476 672
v 2928 -484 672
v 2928 -484 404
v 2884 -532 404
v 2884 -532 672
v 2884 -520 672
v 2884 -520 404
v 2928 -520 672
v 2928 -532 672
v 2928 -532 404
v 2928 -520 404
v 2880 -460 396
v 2880 -460 672
v 2880 -452 672
v 2880 -452 396
v 2928 -452 672
v 2928 -460 672
v 2928 -460 396
v 2928 -452 396
v 2880 -532 396
v 2880 -532 404
v 2880 -516 404
v 2880 -516 396
v 2928 -516 404
v 2928 -532 404
v 2928 -532 396
v 2928 -516 396
v 2880 -532 404
v 2880 -532 672
v 2880 -516 672
v 2880 -516 404
v 2884 -516 672
v 2884 -532 672
v 2884 -532 404
v 2884 -516 404
v 2468 -516 -280
v 2468 -516 -232
v 2468 -460 -232
v 2468 -460 -280
v 2476 -460 -232
v 2476 -516 -232
v 2476 -516 -280
v 2476 -460 -280
v 2236 -500 -280
v 2236 -500 -240
v 2236 -496 -240
v 2236 -492 -280
v 2468 -496 -240
v 2468 -500 -240
v 2468 -492 -280
v 2468 -500 -280
v 2236 -484 -280
v 2236 -484 -240
v 2236 -480 -240
v 2236 -476 -280
v 2468 -480 -240
v 2468 -484 -240
v 2468 -476 -280
v 2468 -484 -280
v 2236 -532 -280
v 2236 -532 -236
v 2236 -520 -236
v 2236 -520 -280
v 2468 -520 -236
v 2468 -532 -236
v 2468 -532 -280
v 2468 -520 -280
v 2236 -460 -280
v 2236 -460 -232
v 2236 -452 -232
v 2236 -452 -280
v 2476 -452 -232
v 2476 -460 -232
v 2476 -460 -280
v 2476 -452 -280
v 2468 -532 -280
v 2468 -532 -232
v 2468 -516 -232
v 2468 -516 -280
v 2476 -516 -232
v 2476 -532 -232
v 2476 -532 -280
v 2476 -516 -280
v 2236 -532 -236
v 2236 -532 -232
v 2236 -516 -232
v 2236 -516 -236
v 2468 -516 -232
v 2468 -532 -232
v 2468 -532 -236
v 2468 -516 -236
v 2188 -516 32
v 2188 -516 40
v 2188 -460 40
v 2188 -460 32
v 2236 -460 40
v 2236 -516 40
v 2236 -516 32
v 2236 -460 32
v 2188 -492 -236
v 2188 -500 -236
v 2188 -500 32
v 2188 -492 32
v 2228 -496 32
v 2228 -500 32
v 2228 -500 -236
v 2228 -496 -236
v 2188 -476 -236
v 2188 -484 -236
v 2188 -484 32
v 2188 -476 32
v 2228 -480 32
v 2228 -484 32
v 2228 -484 -236
v 2228 -480 -236
v 2188 -532 -236
v 2188 -532 32
v 2188 -520 32
v 2188 -520 -236
v 2232 -520 32
v 2232 -532 32
v 2232 -532 -236
v 2232 -520 -236
v 2188 -460 -236
v 2188 -460 40
v 2188 -452 40
v 2188 -452 -236
v 2236 -452 40
v 2236 -460 40
v 2236 -460 -236
v 2236 -452 -236
v 2188 -532 32
v 2188 -532 40
v 2188 -516 40
v 2188 -516 32
v 2236 -516 40
v 2236 -532 40
v 2236 -532 32
v 2236 -516 32
v 2232 -532 -236
v 2232 -532 32
v 2232 -516 32
v 2232 -516 -236
v 2236 -516 32
v 2236 -532 32
v 2236 -532 -236
v 2236 -516 -236
v 2880 -512 -4
v 2880 -512 4
v 2880 -456 4
v 2880 -456 -4
v 2928 -456 4
v 2928 -512 4
v 2928 -512 -4
v 2928 -456 -4
v 2888 -496 -236
v 2888 -496 -4
v 2888 -492 -4
v 2888 -492 -236
v 2928 -488 -236
v 2928 -488 -4
v 2928 -496 -4
v 2928 -496 -236
v 2888 -480 -236
v 2888 -480 -4
v 2888 -476 -4
v 2888 -476 -236
v 2928 -472 -236
v 2928 -472 -4
v 2928 -480 -4
v 2928 -480 -236
v 2884 -528 -236
v 2884 -528 -4
v 2884 -516 -4
v 2884 -516 -236
v 2928 -516 -4
v 2928 -528 -4
v 2928 -528 -236
v 2928 -516 -236
v 2880 -456 -236
v 2880 -456 4
v 2880 -448 4
v 2880 -448 -236
v 2928 -448 4
v 2928 -456 4
v 2928 -456 -236
v 2928 -448 -236
v 2880 -528 -4
v 2880 -528 4
v 2880 -512 4
v 2880 -512 -4
v 2928 -512 4
v 2928 -528 4
v 2928 -528 -4
v 2928 -512 -4
v 2880 -528 -236
v 2880 -528 -4
v 2880 -512 -4
v 2880 -512 -236
v 2884 -512 -4
v 2884 -528 -4
v 2884 -528 -236
v 2884 -512 -236
v 2640 -516 668
v 2640 -516 716
v 2640 -460 716
v 2640 -460 668
v 2648 -460 716
v 2648 -516 716
v 2648 -516 668
v 2648 -460 668
v 2648 -500 676
v 2648 -500 716
v 2648 -492 716
v 2648 -496 676
v 2880 -492 716
v 2880 -500 716
v 2880 -500 676
v 2880 -496 676
v 2648 -484 676
v 2648 -484 716
v 2648 -476 716
v 2648 -480 676
v 2880 -476 716
v 2880 -484 716
v 2880 -484 676
v 2880 -480 676
v 2648 -532 672
v 2648 -532 716
v 2648 -520 716
v 2648 -520 672
v 2880 -520 716
v 2880 -532 716
v 2880 -532 672
v 2880 -520 672
v 2640 -460 668
v 2640 -460 716
v 2640 -452 716
v 2640 -452 668
v 2880 -452 716
v 2880 -460 716
v 2880 -460 668
v 2880 -452 668
v 2640 -532 668
v 2640 -532 716
v 2640 -516 716
v 2640 -516 668
v 2648 -516 716
v 2648 -532 716
v 2648 -532 668
v 2648 -516 668
v 2648 -532 668
v 2648 -532 672
v 2648 -516 672
v 2648 -516 668
v 2880 -516 672
v 2880 -532 672
v 2880 -532 668
v 2880 -516 668
v 2608 -512 -284
v 2608 -512 -236
v 2608 -456 -236
v 2608 -456 -284
v 2616 -456 -236
v 2616 -512 -236
v 2616 -512 -284
v 2616 -456 -284
v 2616 -496 -284
v 2616 -496 -244
v 2616 -492 -244
v 2616 -488 -284
v 2884 -492 -244
v 2884 -496 -244
v 2884 -488 -284
v 2884 -496 -284
v 2616 -480 -284
v 2616 -480 -244
v 2616 -476 -244
v 2616 -472 -284
v 2884 -476 -244
v 2884 -480 -244
v 2884 -472 -284
v 2884 -480 -284
v 2616 -528 -284
v 2616 -528 -240
v 2616 -516 -240
v 2616 -516 -284
v 2884 -516 -240
v 2884 -528 -240
v 2884 -528 -284
v 2884 -516 -284
v 2608 -456 -284
v 2608 -456 -236
v 2608 -448 -236
v 2608 -448 -284
v 2884 -448 -236
v 2884 -456 -236
v 2884 -456 -284
v 2884 -448 -284
v 2608 -528 -284
v 2608 -528 -236
v 2608 -512 -236
v 2608 -512 -284
v 2616 -512 -236
v 2616 -528 -236
v 2616 -528 -284
v 2616 -512 -284
v 2616 -528 -240
v 2616 -528 -236
v 2616 -512 -236
v 2616 -512 -240
v 2884 -512 -236
v 2884 -528 -236
v 2884 -528 -240
v 2884 -512 -240
v 2184 -516 436
v 2184 -516 444
v 2184 -460 444
v 2184 -460 436
v 2232 -460 444
v 2232 -516 444
v 2232 -516 436
v 2232 -460 436
v 2184 -492 444
v 2184 -500 444
v 2184 -500 676
v 2184 -492 676
v 2224 -496 676
v 2224 -500 676
v 2224 -500 444
v 2224 -496 444
v 2184 -476 444
v 2184 -484 444
v 2184 -484 676
v 2184 -476 676
v 2224 -480 676
v 2224 -484 676
v 2224 -484 444
v 2224 -480 444
v 2184 -532 444
v 2184 -532 676
v 2184 -520 676
v 2184 -520 444
v 2228 -520 676
v 2228 -532 676
v 2228 -532 444
v 2228 -520 444
v 2184 -460 436
v 2184 -460 676
v 2184 -452 676
v 2184 -452 436
v 2232 -452 676
v 2232 -460 676
v 2232 -460 436
v 2232 -452 436
v 2184 -532 436
v 2184 -532 444
v 2184 -516 444
v 2184 -516 436
v 2232 -516 444
v 2232 -532 444
v 2232 -532 436
v 2232 -516 436
v 2228 -532 444
v 2228 -532 676
v 2228 -516 676
v 2228 -516 444
v 2232 -516 676
v 2232 -532 676
v 2232 -532 444
v 2232 -516 444
v 2496 -516 676
v 2496 -516 724
v 2496 -460 724
v 2496 -460 676
v 2504 -460 724
v 2504 -516 724
v 2504 -516 676
v 2504 -460 676
v 2228 -500 684
v 2228 -500 724
v 2228 -492 724
v 2228 -496 684
v 2496 -492 724
v 2496 -500 724
v 2496 -500 684
v 2496 -496 684
v 2228 -484 684
v 2228 -484 724
v 2228 -476 724
v 2228 -480 684
v 2496 -476 724
v 2496 -484 724
v 2496 -484 684
v 2496 -480 684
v 2228 -532 680
v 2228 -532 724
v 2228 -520 724
v 2228 -520 680
v 2496 -520 724
v 2496 -532 724
v 2496 -532 680
v 2496 -520 680
v 2228 -460 676
v 2228 -460 724
v 2228 -452 724
v 2228 -452 676
v 2504 -452 724
v 2504 -460 724
v 2504 -460 676
v 2504 -452 676
v 2496 -532 676
v 2496 -532 724
v 2496 -516 724
v 2496 -516 676
v 2504 -516 724
v 2504 -532 724
v 2504 -532 676
v 2504 -516 676
v 2228 -532 676
v 2228 -532 680
v 2228 -516 680
v 2228 -516 676
v 2496 -516 680
v 2496 -532 680
v 2496 -532 676
v 2496 -516 676

# texture coordinates
vt -31 3
vt -5.25 3
vt -5.25 3.125
vt -31 3.125
vt -7.25 3.125
vt 9 3.125
vt 9 3
vt -7.25 3
vt -7.25 5.25
vt 9 5.25
vt 9 31
vt -7.25 31
vt 31 3.125
vt 5.25 3.125
vt 5.25 3
vt 31 3
vt -5.125 3.125
vt -5 3.125
vt -5 3.5
vt -5.125 3.5
vt -7.25 3.5
vt 7.25 3.5
vt 7.25 3.125
vt -7.25 5
vt 7.25 5
vt 7.25 5.125
vt -7.25 5.125
vt 5.125 3.5
vt 5 3.5
vt 5 3.125
vt 5.125 3.125
vt -2136 8
vt -1992 8
vt -1992 16
vt -2136 16
vt 424 16
vt -576 16
vt -576 8
vt 424 8
vt -424 1992
vt 576 1992
vt 576 2136
vt -424 2136
vt 424 2136
vt -576 2136
vt -576 1992
vt 424 1992
vt -424 8
vt 576 8
vt 576 16
vt -424 16
vt 2136 16
vt 1992 16
vt 1992 8
vt 2136 8
vt -31 -0
vt -30.875 -0
vt -30.875 0.25
vt -31 0.25
vt 1.5 0.25
vt 0.25 0.25
vt 0.25 -0
vt 1.5 -0
vt 1.5 -30.875
vt 0.25 -30.875
vt 0.25 -31
vt 1.5 -31
vt -1.5 -31
vt -0.25 -31
vt -0.25 -30.875
vt -1.5 -30.875
vt -1.5 -0
vt -0.25 -0
vt -0.25 0.25
vt -1.5 0.25
vt 31 0.25
vt 30.875 0.25
vt 30.875 -0
vt 31 -0
vt -33.375 -8.5
vt -31.125 -8.5
vt -31.125 -8.375
vt -33.375 -8.375
vt 1.875 -8.375
vt 0.375 -8.375
vt 0.375 -8.5
vt 1.875 -8.5
vt -1.875 31.125
vt -0.375 31.125
vt -0.375 33.375
vt -1.875 33.375
vt 1.875 33.375
vt 0.375 33.375
vt 0.375 31.125
vt 1.875 31.125
vt -1.875 -8.5
vt -0.375 -8.5
vt -0.375 -8.375
vt -1.875 -8.375
vt 33.375 -8.375
vt 31.125 -8.375
vt 31.125 -8.5
vt 33.375 -8.5
vt -25.589138 1.9583337
vt -25.48668 1.9583337
vt -25.48668 3.0000002
vt -25.589138 3.0000002
vt 1.9969261 3.0000002
vt 0.972336 3.0000002
vt 0.972336 1.9583337
vt 1.9969261 1.9583337
vt -0.8719262 52
vt 0.15266395 52
vt 0.15266395 52.208332
vt -0.8719262 52.208332
vt 1.9969261 52.208332
vt 0.972336 52.208332
vt 0.972336 52
vt 1.9969261 52
vt -0.8719262 1.9583337
vt 0.15266395 1.9583337
vt 0.15266395 3.0000002
vt -0.8719262 3.0000002
vt 25.714138 3.0000002
vt 25.61168 3.0000002
vt 25.61168 1.9583337
vt 25.714138 1.9583337
vt -29.875 -8.5
vt -26.75 -8.5
vt -26.75 -8.375
vt -29.875 -8.375
vt -1.875 26.75
vt -0.375 26.75
vt -0.375 29.875
vt -1.875 29.875
vt 1.875 29.875
vt 0.375 29.875
vt 0.375 26.75
vt 1.875 26.75
vt 29.875 -8.375
vt 26.75 -8.375
vt 26.75 -8.5
vt 29.875 -8.5
vt 1.9375 -8.625
vt 3.6875 -8.625
vt 3.6875 -8.25
vt 1.9375 -8.25
vt 5.6875 -8.25
vt 5.5 -8.25
vt 5.5 -8.625
vt 5.6875 -8.625
vt -5.6875 -3.6875
vt -5.5 -3.6875
vt -5.5 -1.9375
vt -5.6875 -1.9375
vt 5.6875 -1.9375
vt 5.5 -1.9375
vt 5.5 -3.6875
vt 5.6875 -3.6875
vt -5.6875 -8.625
vt -5.5 -8.625
vt -5.5 -8.25
vt -5.6875 -8.25
vt -1.9375 -8.25
vt -3.6875 -8.25
vt -3.6875 -8.625
vt -1.9375 -8.625
vt 0.75 -8.25
vt 5 -8.25
vt 5 -8.1875
vt 0.75 -8.1875
vt 22 -8.1875
vt 16.625 -8.1875
vt 16.625 -8.25
vt 22 -8.25
vt 22 -5
vt 16.625 -5
vt 16.625 -0.75
vt 22 -0.75
vt -0.75 -8.1875
vt -5 -8.1875
vt -5 -8.25
vt -0.75 -8.25
vt 34 -0.75
vt 34 -5
vt 34 -6.1875
vt 34 -6.25
vt -0.75 -6.25
vt -0.75 -6.1875
vt -5 -6.1875
vt -5 -6.25
vt -11.9375 -6.25
vt 11.3125 -6.25
vt 11.3125 -5.875
vt -11.9375 -5.875
vt 50.0625 -5.875
vt 34 -5.875
vt 50.0625 -6.25
vt -50.0625 -11.3125
vt -34 -11.3125
vt -34 11.9375
vt -50.0625 11.9375
vt 50.0625 11.9375
vt 34 11.9375
vt 34 -11.3125
vt 50.0625 -11.3125
vt -50.0625 -6.25
vt -34 -6.25
vt -34 -5.875
vt -50.0625 -5.875
vt 11.9375 -5.875
vt -11.3125 -5.875
vt -11.3125 -6.25
vt 11.9375 -6.25
vt 5.223357 -16.041664
vt 5.428275 -16.041664
vt 5.428275 -14.999999
vt 5.223357 -14.999999
vt 5.3053284 -14.999999
vt 3.2561479 -14.999999
vt 3.2561479 -16.041664
vt 5.3053284 -16.041664
vt 2.1526642 5.2083335
vt 1.1280739 5.2083335
vt 1.1280739 5
vt 2.1526642 5
vt -2.0276642 5
vt -1.0030739 5
vt -1.0030739 5.2083335
vt -2.0276642 5.2083335
vt -2.0276642 -16.041664
vt -1.0030739 -16.041664
vt -1.0030739 -14.999999
vt -2.0276642 -14.999999
vt -4.973357 -14.999999
vt -5.178275 -14.999999
vt -5.178275 -16.041664
vt -4.973357 -16.041664
vt 12.625 -6.375
vt 12.75 -6.5
vt 12.625 -6.625
vt 12.5 -6.5
vt 4.255664 70.50001
vt 4.4324408 70.50001
vt 4.4324408 70.62501
vt 13.430889 70.62501
vt 13.430889 70.50001
vt 13.607666 70.50001
vt -13.607666 71.625
vt -13.607666 71.5
vt -13.430889 71.5
vt -13.430889 71.625
vt -4.4324408 71.625
vt -4.4324408 71.5
vt -4.255664 71.5
vt -4.255664 71.625
vt 12.625 -6.125
vt 12.75 -6.25
vt 12.5 -6.25
vt 4.411914 70.75001
vt 4.5886908 70.75001
vt 4.5886908 70.87501
vt 13.259014 70.87501
vt 13.259014 70.75001
vt 13.435791 70.75001
vt -13.435791 71.875
vt -13.435791 71.75
vt -13.259014 71.75
vt -13.259014 71.875
vt -4.5886908 71.875
vt -4.5886908 71.75
vt -4.411914 71.75
vt -4.411914 71.875
vt 12.625 4.625
vt 12.75 4.75
vt 12.625 4.875
vt 12.5 4.75
vt -5.49339 78.75
vt -5.49339 78.625
vt -5.6701665 78.625
vt -5.6701665 78.75
vt -12.193161 78.75
vt -12.193161 78.625
vt -12.369938 78.625
vt -12.369938 78.75
vt 12.369938 77.75001
vt 12.369938 77.62501
vt 12.193161 77.62501
vt 5.6701665 77.62501
vt 5.49339 77.62501
vt 5.49339 77.75001
vt 12.75 5
vt 12.625 5.125
vt 12.5 5
vt -5.3058896 78.875
vt -5.3058896 78.75
vt -5.4826665 78.75
vt -5.4826665 78.875
vt -12.365036 78.875
vt -12.365036 78.75
vt -12.541813 78.75
vt -12.541813 78.875
vt 12.541813 77.87501
vt 12.541813 77.75001
vt 12.365036 77.75001
vt 5.4826665 77.75001
vt 5.3058896 77.75001
vt 5.3058896 77.87501
vt 12.625 5.375
vt 12.75 5.5
vt 12.625 5.625
vt 12.5 5.5
vt -4.9621396 82.5
vt -4.9621396 82.375
vt -5.138916 82.375
vt -5.138916 82.5
vt -12.724411 82.5
vt -12.724411 82.375
vt -12.901187 82.375
vt -12.901187 82.5
vt 12.901188 81.50001
vt 12.901188 81.37501
vt 12.724412 81.37501
vt 5.138916 81.37501
vt 4.9621396 81.37501
vt 4.9621396 81.50001
vt -4 -8.625
vt -3.875 -8.625
vt -3.875 -8.5
vt -4 -8.5
vt 0.625 -8.5
vt 0.625 -8.625
vt 1.875 -8.625
vt -1.875 3.875
vt -0.625 3.875
vt -0.625 4
vt -1.875 4
vt 1.875 4
vt 0.625 4
vt 0.625 3.875
vt 1.875 3.875
vt -1.875 -8.625
vt -0.625 -8.625
vt -0.625 -8.5
vt 4 -8.5
vt 3.875 -8.5
vt 3.875 -8.625
vt 4 -8.625
vt -17.125 62.25
vt -17.25 62.125
vt -17.125 62
vt -17 62.125
vt 55.943165 3.75
vt 55.943165 0.75
vt 56.11994 0.75
vt 56.11994 3.75
vt -31.91286 3.75
vt -31.91286 0.75
vt -31.736084 0.75
vt -31.736084 3.75
vt 31.736084 3.75
vt 31.736084 0.75
vt 31.91286 0.75
vt 31.91286 3.75
vt -56.11994 3.75
vt -56.11994 0.75
vt -55.943165 0.75
vt -55.943165 3.75
vt 17.125 62
vt 17.25 62.125
vt 17.125 62.25
vt 17 62.125
vt -14.857667 51.875
vt -14.68089 51.875
vt -14.68089 62.125
vt -14.857667 62.125
vt -9.365036 62.125
vt -9.541813 62.125
vt -9.541813 51.875
vt -9.365036 51.875
vt -17 -3.75
vt -17.125 -3.625
vt -17.25 -3.75
vt -17.125 -3.875
vt 17.125 -3.875
vt 17.25 -3.75
vt 17.125 -3.625
vt 17 -3.75
vt 9.365036 51.875
vt 9.541813 51.875
vt 9.541813 62.125
vt 9.365036 62.125
vt 14.857667 62.125
vt 14.68089 62.125
vt 14.68089 51.875
vt 14.857667 51.875
vt -17.125 52.875
vt -17.25 52.75
vt -17.125 52.625
vt -17 52.75
vt 49.333786 3.75
vt 49.333786 0.75
vt 49.510563 0.75
vt 49.510563 3.75
vt -25.287859 3.75
vt -25.287859 0.75
vt -25.111082 0.75
vt -25.111082 3.75
vt 25.111082 3.75
vt 25.111082 0.75
vt 25.287859 0.75
vt 25.287859 3.75
vt -49.510563 3.75
vt -49.510563 0.75
vt -49.333786 0.75
vt -49.333786 3.75
vt 17.125 52.625
vt 17.25 52.75
vt 17.125 52.875
vt 17 52.75
vt 11.8125 -8.3125
vt -11.5625 -8.3125
vt -11.5625 -6.1875
vt 11.8125 -6.1875
vt 45.875 -6.1875
vt 45.75 -6.1875
vt 45.75 -8.3125
vt 45.875 -8.3125
vt -45.875 -11.5625
vt -45.75 -11.5625
vt -45.75 11.8125
vt -45.875 11.8125
vt 45.875 11.8125
vt 45.75 11.8125
vt 45.75 -11.5625
vt 45.875 -11.5625
vt -45.875 -8.3125
vt -45.75 -8.3125
vt -45.75 -6.1875
vt -45.875 -6.1875
vt 10.5 -8.3125
vt 11.3125 -8.3125
vt 10.5 -6.25
vt 45.75 -6.25
vt 45 -6.25
vt 45 -8.3125
vt -45.75 -11.3125
vt -45 -11.3125
vt -45 -10.5
vt -45.75 -10.5
vt 45.75 -10.5
vt 45 -10.5
vt 45 -11.3125
vt 45.75 -11.3125
vt -45 -8.3125
vt -45 -6.25
vt -45.75 -6.25
vt -10.5 -6.25
vt -11.3125 -8.3125
vt -10.5 -8.3125
vt 4.875 -8.3125
vt 11.5625 -8.3125
vt 11.5625 -6.1875
vt 4.875 -6.1875
vt 34.125 -6.1875
vt 34 -8.3125
vt 34.125 -8.3125
vt -34.125 -11.5625
vt -34 -11.5625
vt -34 -4.875
vt -34.125 -4.875
vt 34.125 -4.875
vt 34 -4.875
vt 34 -11.5625
vt 34.125 -11.5625
vt -34.125 -8.3125
vt -34 -8.3125
vt -34 -6.1875
vt -34.125 -6.1875
vt -4.875 -6.1875
vt -4.875 -8.3125
vt 10.5625 -8.3125
vt 11.3125 -6.1875
vt 10.5625 -6.1875
vt 34.8125 -6.1875
vt 34.8125 -8.3125
vt -34.8125 -11.3125
vt -34.125 -11.3125
vt -34.125 -10.5625
vt -34.8125 -10.5625
vt 34.8125 -10.5625
vt 34.125 -10.5625
vt 34.125 -11.3125
vt 34.8125 -11.3125
vt -34.8125 -8.3125
vt -34.8125 -6.1875
vt -10.5625 -6.1875
vt -11.3125 -6.1875
vt -10.5625 -8.3125
vt -11.8125 -8.3125
vt 0.875 -8.3125
vt 0.875 -6.1875
vt -11.8125 -6.1875
vt 34.1875 -6.1875
vt 34.1875 -8.3125
vt -34.1875 -0.875
vt -34 -0.875
vt -34 11.8125
vt -34.1875 11.8125
vt 34.1875 11.8125
vt 34 11.8125
vt 34 -0.875
vt 34.1875 -0.875
vt -34.1875 -8.3125
vt -34.1875 -6.1875
vt -0.875 -6.1875
vt -0.875 -8.3125
vt -4.375 -8.3125
vt -3.6875 -8.3125
vt -3.6875 -6.1875
vt -4.375 -6.1875
vt 34.9375 -6.1875
vt 34.9375 -8.3125
vt -34.9375 3.6875
vt -34.1875 3.6875
vt -34.1875 4.375
vt -34.9375 4.375
vt 34.9375 4.375
vt 34.1875 4.375
vt 34.1875 3.6875
vt 34.9375 3.6875
vt -34.9375 -8.3125
vt -34.9375 -6.1875
vt 4.375 -6.1875
vt 3.6875 -6.1875
vt 3.6875 -8.3125
vt 4.375 -8.3125
vt 6.75 -8.3125
vt 4.4375 -8.3125
vt 4.4375 -6.1875
vt 6.75 -6.1875
vt -50.0625 -6.1875
vt -50.0625 -8.3125
vt -50.0625 4.4375
vt -34 4.4375
vt -34 6.75
vt -50.0625 6.75
vt 50.0625 6.75
vt 34 6.75
vt 34 4.4375
vt 50.0625 4.4375
vt -4.4375 -8.3125
vt -4.4375 -6.1875
vt 45.0625 -6.1875
vt 45.0625 -8.3125
vt -45.75 3.6875
vt -45.0625 3.6875
vt -45.0625 4.4375
vt -45.75 4.4375
vt 45.75 4.4375
vt 45.0625 4.4375
vt 45.0625 3.6875
vt 45.75 3.6875
vt -45.0625 -8.3125
vt -45.0625 -6.1875
vt -5 -10.5
vt -4.875 -8.25
vt -4.875 -10.5
vt 33.007767 -4.875
vt 21.007767 -4.875
vt 21.007767 -5
vt 33.007767 -5
vt 34 -6.2074466
vt 22 -10.5
vt 34 -8.457447
vt -34 -5
vt -22 -5
vt -22 -4.875
vt -4.875 -8.457447
vt -4.875 -6.2074466
vt -5 -6.2074466
vt -5 -8.457447
vt 3.6875 -10.5
vt 4.9375 -10.5
vt 4.9375 -8.25
vt 16.5 -8.25
vt 16.5 -10.5
vt 16.625 -10.5
vt -16.625 -4.9375
vt -16.5 -4.9375
vt -16.5 -3.6875
vt -16.625 -3.6875
vt 16.625 -3.6875
vt 16.5 -3.6875
vt 16.5 -4.9375
vt 16.625 -4.9375
vt -16.625 -10.5
vt -16.5 -10.5
vt -16.5 -8.25
vt -16.625 -8.25
vt -4.9375 -8.25
vt -4.9375 -10.5
vt -3.6875 -10.5
vt -0.875 -10.5
vt -0.875 -8.25
vt -0.75 -10.5
vt 33.007767 -0.75
vt 21.007767 -0.75
vt 21.007767 -0.875
vt 33.007767 -0.875
vt -22 -0.875
vt -22 -0.75
vt -34 -0.75
vt -0.75 -8.457447
vt -0.75 -6.2074466
vt -0.875 -6.2074466
vt -0.875 -8.457447
vt 0.8125 -10.5
vt 1.9375 -10.5
vt 0.8125 -8.25
vt -16.625 -1.9375
vt -16.5 -1.9375
vt -16.5 -0.8125
vt -16.625 -0.8125
vt 16.625 -0.8125
vt 16.5 -0.8125
vt 16.5 -1.9375
vt 16.625 -1.9375
vt -0.8125 -8.25
vt -1.9375 -10.5
vt -0.8125 -10.5
vt 2.25 -10.5
vt 2.25 -8.625
vt 5.5 -10.5
vt 5.6875 -10.5
vt -5.6875 -2.25
vt -5.5 -2.25
vt 5.5 -2.25
vt 5.6875 -2.25
vt -5.6875 -10.5
vt -5.5 -10.5
vt -2.25 -8.625
vt -2.25 -10.5
vt 3.375 -10.5
vt 3.375 -8.625
vt -5.5 -3.375
vt -5.6875 -3.375
vt 5.6875 -3.375
vt 5.5 -3.375
vt -3.375 -8.625
vt -3.375 -10.5
vt 4.875 -10.5
vt 5 -10.5
vt 4.875 -8.25
vt -16.625 -5
vt -16.625 -4.875
vt 22 -4.875
vt 16.625 -4.875
vt 0.75 -10.5
vt 0.875 -10.5
vt 0.875 -8.25
vt -16.625 -0.875
vt -16.625 -0.75
vt 16.625 -0.875
vt 22 -0.875
vt 3.5 -10.375
vt 3.625 -10.375
vt 3.625 -8.5
vt 3.5 -8.5
vt 5.5 -8.5
vt 1.875 -10.375
vt 5.5 -10.375
vt -5.5 -3.625
vt -1.875 -3.625
vt -1.875 -3.5
vt -5.5 -3.5
vt 5.5 -3.5
vt 1.875 -3.5
vt 1.875 -3.625
vt 5.5 -3.625
vt -5.5 -10.375
vt -1.875 -10.375
vt -5.5 -8.5
vt -3.5 -8.5
vt -3.625 -8.5
vt -3.625 -10.375
vt -3.5 -10.375
vt 4.5 -10.5
vt 4.5 -8.5
vt -0.75 -8.5
vt 0.5 -8.5
vt 0.25 -8.5
vt 0.25 -10.5
vt 0.5 -10.5
vt -0.5 -4.5
vt -0.25 -4.5
vt -0.25 0.75
vt -0.5 0.75
vt 0.5 0.75
vt 0.25 0.75
vt 0.25 -4.5
vt 0.5 -4.5
vt 0.75 -8.5
vt -4.5 -8.5
vt -4.5 -10.5
vt 2.7418923 -10.375
vt 3.0954456 -10.375
vt 3.0954456 -8.5
vt 2.7418923 -8.5
vt 2.25 -8.5
vt 2.25 -10.375
vt -5.5 -2.125
vt -2.25 -2.125
vt -2 -1.875
vt -5.5 -1.875
vt 5.5 -1.875
vt 2 -1.875
vt 2.25 -2.125
vt 5.5 -2.125
vt -2 -10.375
vt -2 -8.5
vt -2.125 -8.5
vt -2.125 -10.375
vt -0.875 -10.375
vt 2.625 -10.375
vt 2.625 -8.5
vt -0.875 -8.5
vt 1.375 -8.5
vt 1.25 -8.5
vt 1.25 -10.375
vt 1.375 -10.375
vt -1.375 -2.625
vt -1.25 -2.625
vt -1.25 0.875
vt -1.375 0.875
vt 1.375 0.875
vt 1.25 0.875
vt 1.25 -2.625
vt 1.375 -2.625
vt 0.875 -8.5
vt -2.625 -8.5
vt -2.625 -10.375
vt 0.875 -10.375
vt -3.125 -10.375
vt -0.875 -8.375
vt -3.125 -8.375
vt -0.125 -8.375
vt -0.25 -8.375
vt -0.25 -10.375
vt -0.125 -10.375
vt 0.125 0.875
vt 0.25 0.875
vt 0.25 3.125
vt 0.125 3.125
vt -0.125 3.125
vt -0.25 3.125
vt -0.25 0.875
vt -0.125 0.875
vt 0.125 -10.375
vt 0.25 -10.375
vt 0.25 -8.375
vt 0.125 -8.375
vt 3.125 -8.375
vt 0.875 -8.375
vt 3.125 -10.375
vt -1.125 -10.375
vt -1 -10.375
vt -1 -8.375
vt -1.125 -8.375
vt 0.625 -8.375
vt -2.125 -8.375
vt 0.625 -10.375
vt -0.625 1
vt 2.125 1
vt 2.125 1.125
vt -0.625 1.125
vt 0.625 1.125
vt -2.125 1.125
vt -2.125 1
vt 0.625 1
vt -0.625 -10.375
vt 2.125 -10.375
vt 2.125 -8.375
vt -0.625 -8.375
vt 1.125 -8.375
vt 1 -8.375
vt 1 -10.375
vt 1.125 -10.375
vt -4.125 -10.375
vt -4.125 -8.375
vt 1.75 -8.375
vt 1.75 -10.375
vt -1.875 1.875
vt -1.75 1.875
vt -1.75 4.125
vt -1.875 4.125
vt 1.875 4.125
vt 1.75 4.125
vt 1.75 1.875
vt 1.875 1.875
vt -1.75 -10.375
vt -1.75 -8.375
vt 4.125 -8.375
vt 4.125 -10.375
vt -3 -10.375
vt -3 -8.375
vt 4.5 -8.375
vt 4.5 -10.375
vt -4.5 3
vt -1.875 3
vt -1.875 3.125
vt -4.5 3.125
vt 4.5 3.125
vt 1.875 3.125
vt 1.875 3
vt 4.5 3
vt -4.5 -10.375
vt -4.5 -8.375
vt 3 -8.375
vt 3 -10.375
vt 0.75 -8.375
vt 0.75 -10.375
vt -0.75 3
vt 2.125 3
vt 2.125 3.125
vt -0.75 3.125
vt 0.75 3.125
vt -2.125 3.125
vt -2.125 3
vt 0.75 3
vt -0.75 -10.375
vt -0.75 -8.375
vt -4 -10.375
vt -3.875 -10.375
vt 0.75 -8.625
vt -0.75 3.875
vt -0.75 4
vt 0.75 4
vt 0.75 3.875
vt -0.75 -8.625
vt 3.875 -10.375
vt 4 -10.375
vt 1.75 -8.625
vt -1.75 3.875
vt -1.75 4
vt 1.75 4
vt 1.75 3.875
vt -1.75 -8.625
vt -31.125 0.25
vt -31.125 3.125
vt 6.25 3.125
vt -3.5 3.125
vt -3.5 0.25
vt 6.25 0.25
vt -6.25 31
vt 3.5 31
vt 3.5 31.125
vt -6.25 31.125
vt 6.25 31.125
vt -3.5 31.125
vt -3.5 31
vt 6.25 31
vt -6.25 0.25
vt 3.5 0.25
vt 3.5 3.125
vt -6.25 3.125
vt 31.125 3.125
vt 31.125 0.25
vt -6.875 0.25
vt -6.875 3
vt -31.125 3
vt 6.625 3
vt 6.25 3
vt 6.625 0.25
vt -6.625 6.875
vt -6.25 6.875
vt -6.625 31.125
vt 6.625 31.125
vt 6.25 6.875
vt 6.625 6.875
vt -6.625 0.25
vt -6.25 3
vt -6.625 3
vt 31.125 3
vt 6.875 3
vt 6.875 0.25
vt -23.125 0.25
vt -23.125 3
vt -3.5 3
vt -3.75 3
vt -3.75 0.25
vt 3.5 23.125
vt 3.75 23.125
vt 3.75 31.125
vt -3.75 31.125
vt -3.75 23.125
vt -3.5 23.125
vt 3.75 0.25
vt 3.75 3
vt 3.5 3
vt 23.125 3
vt 23.125 0.25
vt -11.875 0.25
vt -11.875 3
vt -8.625 3
vt -9 3
vt -9 0.25
vt -8.625 0.25
vt 8.625 11.875
vt 9 11.875
vt 9 31.125
vt 8.625 31.125
vt -8.625 31.125
vt -9 31.125
vt -9 11.875
vt -8.625 11.875
vt 8.625 0.25
vt 9 0.25
vt 8.625 3
vt 11.875 3
vt 11.875 0.25
vt -22.75 0.25
vt -22.75 3
vt 3.5 22.75
vt 8.625 22.75
vt 8.625 23.125
vt -8.625 23.125
vt -8.625 22.75
vt -3.5 22.75
vt 22.75 3
vt 22.75 0.25
vt -87 5.5
vt -50.5 5.5
vt -50.5 6
vt -87 6
vt -31.5 6
vt -34.5 6
vt -34.5 5.5
vt -31.5 5.5
vt 50.5 -31.5
vt 50.5 -34.5
vt 87 -34.5
vt 87 -31.5
vt -87 -31.5
vt -87 -34.5
vt -50.5 -34.5
vt -50.5 -31.5
vt 31.5 5.5
vt 34.5 5.5
vt 34.5 6
vt 31.5 6
vt 87 6
vt 50.5 6
vt 50.5 5.5
vt 87 5.5
vt 90 5.5
vt 90 6
vt 14 6
vt 14 5.5
vt 14 -87
vt 31.5 -87
vt 31.5 -90
vt 14 -90
vt -14 -90
vt -31.5 -90
vt -31.5 -87
vt -14 -87
vt -14 5.5
vt -14 6
vt -90 6
vt -90 5.5
vt -8.0625 0.25
vt -8 3
vt -3.5 6.875
vt -3.5 8.0625
vt -6.25 8.0625
vt 6.25 8
vt 3.5 8
vt 3.5 6.875
vt -6.25 0.24328125
vt -3.5 0.24328125
vt -3.5 2.9932814
vt -6.25 2.9932814
vt 8 3
vt 8.0625 0.25
vt -8.5 1.625
vt -8 1.625
vt -8 1.6875
vt -8.5 1.6875
vt 6.25 1.6875
vt 3.5 1.6875
vt 3.5 1.625
vt 6.25 1.625
vt -6.25 8
vt -3.5 8
vt -3.5 8.5
vt -6.25 8.5
vt 6.25 8.5
vt 3.5 8.5
vt -6.25 1.625
vt -3.5 1.625
vt -3.5 1.6875
vt -6.25 1.6875
vt 8.5 1.6875
vt 8 1.6875
vt 8 1.625
vt 8.5 1.625
vt -8.5 1.125
vt -8 1.125
vt -8 1.1875
vt -8.5 1.1875
vt 6.25 1.1875
vt 3.5 1.1875
vt 3.5 1.125
vt 6.25 1.125
vt -6.25 1.125
vt -3.5 1.125
vt -3.5 1.1875
vt -6.25 1.1875
vt 8.5 1.1875
vt 8 1.1875
vt 8 1.125
vt 8.5 1.125
vt -8.5 0.625
vt -8 0.625
vt -8 0.6875
vt -8.5 0.6875
vt 6.25 0.6875
vt 3.5 0.6875
vt 3.5 0.625
vt 6.25 0.625
vt -6.25 0.625
vt -3.5 0.625
vt -3.5 0.6875
vt -6.25 0.6875
vt 8.5 0.6875
vt 8 0.6875
vt 8 0.625
vt 8.5 0.625
vt -8.5 0.25
vt -8.5 3
vt 3.375 3
vt 3.375 0.25
vt -3.375 6.875
vt -3.375 8.5
vt 3.375 8.5
vt 3.375 6.875
vt -3.375 0.25
vt -3.375 3
vt 8.5 3
vt 8.5 0.25
vt -5.5 2.125
vt -5 2.125
vt -5 3.25
vt -5.5 3.25
vt 6.625 3.25
vt 2.25 3.25
vt 2.25 2.125
vt 6.625 2.125
vt -6.625 5
vt -2.25 5
vt -2.25 5.5
vt -6.625 5.5
vt 6.625 5.5
vt 2.25 5.5
vt 2.25 5
vt 6.625 5
vt -6.625 2.125
vt -2.25 2.125
vt -2.25 3.25
vt -6.625 3.25
vt 5.5 3.25
vt 5 3.25
vt 5 2.125
vt 5.5 2.125
vt -5.5 2.375
vt -5 2.375
vt 1 3.25
vt 1 2.375
vt 2.25 2.375
vt -1 5
vt -1 5.5
vt 1 5.5
vt 1 5
vt -2.25 2.375
vt -1 2.375
vt -1 3.25
vt 5 2.375
vt 5.5 2.375
vt -5.5 2
vt -5 2
vt 1 2
vt 2.25 2
vt -2.25 2
vt -1 2
vt 5 2
vt 5.5 2
vt -5.5 1
vt -5 1
vt 1.25 2
vt 1.25 1
vt 2.25 1
vt -1.25 5
vt -1.25 5.5
vt 1.25 5.5
vt 1.25 5
vt -2.25 1
vt -1.25 1
vt -1.25 2
vt 5 1
vt 5.5 1
vt -5.5 -0
vt -5 -0
vt 1.25 -0
vt 2.25 -0
vt -2.25 -0
vt -1.25 -0
vt 5 -0
vt 5.5 -0
vt -5 0.75
vt -5.5 0.75
vt 6.625 0.75
vt 2.25 0.75
vt 6.625 -0
vt -6.625 -0
vt -2.25 0.75
vt -6.625 0.75
vt 5.5 0.75
vt 5 0.75
vt -5.5 0.25
vt -5.5 3
vt -6.8125 3
vt 6.5 3
vt 6.5 0.25
vt -6.5 5.5
vt -6.5 6.875
vt 6.625 6.8125
vt 6.5 6.8125
vt 6.5 5.5
vt -6.625 0.2542591
vt -6.5 0.2542591
vt -6.5 3.004259
vt -6.625 3.004259
vt 6.8125 3
vt 5.5 3
vt 5.5 0.25
vt 3.375 2.125
vt 3.375 0.75
vt -3.375 5
vt -3.375 5.5
vt 3.375 5.5
vt 3.375 5
vt -3.375 0.75
vt -3.375 2.125
vt 6.25 0.5
vt 5.75 0.5
vt 5.75 2.5
vt 6.25 2.5
vt 1.25 2.5
vt 1 2.5
vt 1 0.5
vt 1.25 0.5
vt -1.25 5.75
vt -1 5.75
vt -1 6.25
vt -1.25 6.25
vt 1.25 6.25
vt 1 6.25
vt 1 5.75
vt 1.25 5.75
vt -1.25 0.5
vt -1 0.5
vt -1 2.5
vt -1.25 2.5
vt -6.25 0.5
vt -5.75 0.5
vt -5.75 2.5
vt -6.25 2.5
vt -3.375 3.25
vt -3.375 2
vt 3.375 2
vt 3.375 3.25
vt -3.375 2.375
vt -7.25 2.375
vt -7.25 1
vt -3.375 1
vt 7.25 5.5
vt -7.25 5.5
vt 3.375 1
vt 7.25 1
vt 7.25 2.375
vt 3.375 2.375
vt -3.375 -0
vt 3.375 -0
vt -7 0.25
vt -7 3
vt 3.5 5.5
vt 3.75 5.5
vt 3.75 7
vt 3.5 7
vt -3.5 7
vt -3.75 7
vt -3.75 5.5
vt -3.5 5.5
vt 7 3
vt 7 0.25
vt -7.25 -0
vt 7.25 -0
vt -7.25 3.25
vt 7.25 3.25
vt -11.625 0.25
vt -11.625 3
vt 3.75 11.625
vt 3.5 11.625
vt -3.5 11.625
vt -3.75 11.625
vt 11.625 3
vt 11.625 0.25
vt 9 11.625
vt 3.5 11.875
vt -3.5 11.875
vt -9 11.625
vt -12.625 0.25
vt -12.625 3
vt -7.875 3
vt -7.875 0.25
vt 7.875 11.875
vt 8.625 12.625
vt 7.875 12.625
vt -7.875 12.625
vt -8.625 12.625
vt -7.875 11.875
vt 7.875 0.25
vt 7.875 3
vt 12.625 3
vt 12.625 0.25
vt -12.875 0.25
vt -9.5 0.25
vt -9.5 1.125
vt -12.875 1.125
vt -1.75 1.125
vt -2 1.125
vt -2 0.25
vt -1.75 0.25
vt 1.75 9.5
vt 2 9.5
vt 2 12.875
vt 1.75 12.875
vt -1.75 12.875
vt -2 12.875
vt -2 9.5
vt -1.75 9.5
vt 1.75 0.25
vt 2 0.25
vt 2 1.125
vt 1.75 1.125
vt 12.875 1.125
vt 9.5 1.125
vt 9.5 0.25
vt 12.875 0.25
vt -11.75 0.25
vt -10.75 0.25
vt -10.75 1
vt -11.75 1.125
vt 2.75 1
vt 2.5 1
vt 2.5 0.25
vt 2.75 0.25
vt 2.75 11.75
vt 2.5 11.75
vt 2.5 10.75
vt 2.75 10.75
vt -2.75 10.75
vt -2.5 10.75
vt -2.5 11.75
vt -2.75 11.75
vt -2.75 0.25
vt -2.5 0.25
vt -2.5 1.125
vt -2.75 1.125
vt 10.75 1
vt 10.75 0.25
vt 11.75 0.25
vt 11.75 1.125
vt -55 1
vt -54.5 1
vt -54.5 3
vt -55 3
vt -16.5 3
vt -26 3
vt -26 1
vt -16.5 1
vt 16.5 54.5
vt 26 54.5
vt 26 55
vt 16.5 55
vt -16.5 55
vt -26 55
vt -26 54.5
vt -16.5 54.5
vt 16.5 1
vt 26 1
vt 26 3
vt 16.5 3
vt 55 3
vt 54.5 3
vt 54.5 1
vt 55 1
vt -66 1
vt -66 3
vt -25.5 3
vt -25.5 1
vt 25.5 55
vt 26 66
vt 25.5 66
vt -25.5 66
vt -26 66
vt -25.5 55
vt 25.5 1
vt 25.5 3
vt 66 3
vt 66 1
vt -17 3
vt -17 1
vt 17 55
vt 17 66
vt 16.5 66
vt -16.5 66
vt -17 66
vt -17 55
vt 17 1
vt 17 3
vt -66.5 1
vt -66.5 3
vt 26 66.5
vt 16.5 66.5
vt -16.5 66.5
vt -26 66.5
vt 66.5 3
vt 66.5 1
vt -71 1
vt -70.5 1
vt -70.5 3
vt -71 3
vt 16.5 70.5
vt 26 70.5
vt 26 71
vt 16.5 71
vt -16.5 71
vt -26 71
vt -26 70.5
vt -16.5 70.5
vt 71 3
vt 70.5 3
vt 70.5 1
vt 71 1
vt -82 1
vt -82 3
vt 25.5 71
vt 26 82
vt 25.5 82
vt -25.5 82
vt -26 82
vt -25.5 71
vt 82 3
vt 82 1
vt -82.5 1
vt -82.5 3
vt 16.5 82
vt 26 82.5
vt 16.5 82.5
vt -16.5 82.5
vt -26 82.5
vt -16.5 82
vt 82.5 3
vt 82.5 1
vt 17 71
vt 17 82
vt -17 82
vt -17 71
vt 87.25 1
vt 87 1
vt 87 2
vt 87.25 2
vt 14.5 2
vt 31.5 2
vt 31.5 1
vt 14.5 1
vt 14.5 -87
vt 31.5 -87.25
vt 14.5 -87.25
vt -14.5 -87.25
vt -31.5 -87.25
vt -14.5 -87
vt -14.5 1
vt -31.5 1
vt -31.5 2
vt -14.5 2
vt -87.25 2
vt -87 2
vt -87 1
vt -87.25 1
vt -91 1
vt -90 1
vt -91 6
vt -34.5 1
vt -14 1
vt 14 90
vt 34.5 90
vt 34.5 91
vt 14 91
vt -14 91
vt -34.5 91
vt -34.5 90
vt -14 90
vt 14 1
vt 34.5 1
vt 91 6
vt 90 1
vt 91 1
vt -50.25 1
vt -50.25 2
vt -31.75 2
vt -31.75 1
vt 50.25 -31.5
vt 50.25 -31.75
vt 87 -31.75
vt -87 -31.75
vt -50.25 -31.75
vt -50.25 -31.5
vt 31.75 1
vt 31.75 2
vt 50.25 2
vt 50.25 1
vt -21.75 0.25
vt -12.5625 0.25
vt -12.5625 0.4375
vt -21.75 0.4375
vt -7.9375 0.4375
vt -8.625 0.4375
vt -7.9375 0.25
vt 12.5625 -7.9375
vt 12.5625 -8.625
vt 21.75 -8.625
vt 21.75 -7.9375
vt -21.75 -7.9375
vt -21.75 -8.625
vt -12.5625 -8.625
vt -12.5625 -7.9375
vt 7.9375 0.25
vt 8.625 0.4375
vt 7.9375 0.4375
vt 21.75 0.4375
vt 12.5625 0.4375
vt 12.5625 0.25
vt 21.75 0.25
vt -21.75 0.875
vt -21.75 0.75
vt -12.5 0.75
vt -12.5 0.875
vt -8 0.8125
vt -8.625 0.875
vt -8.625 0.75
vt -8 0.75
vt 12.5 -8
vt 12.5 -8.625
vt 21.75 -8
vt 8 0.75
vt 8.625 0.75
vt 8.625 0.875
vt 8 0.8125
vt -21.75 -8
vt -12.5 -8.625
vt -12.5 -8
vt 21.75 0.75
vt 21.75 0.8125
vt 12.5 0.8125
vt 12.5 0.75
vt -21.75 1.125
vt -21.75 1
vt -12.5 1
vt -12.5 1.125
vt -8 1.0625
vt -8.625 1.125
vt -8.625 1
vt -8 1
vt 8 1
vt 8.625 1
vt 8.625 1.125
vt 8 1.0625
vt 21.75 1
vt 21.75 1.0625
vt 12.5 1.0625
vt 12.5 1
vt 31.5 87
vt 34.5 87
vt 31.5 90
vt -31.5 90
vt -34.5 87
vt -31.5 87
vt 22.5 1
vt 21.875 1
vt 21.875 1.0625
vt 22.5 1.125
vt 3.625 1.0625
vt 7.875 1.0625
vt 7.875 1
vt 3.625 1
vt -3.625 -22.5
vt -7.875 -22.5
vt -7.875 -21.875
vt -3.625 -21.875
vt 3.625 -21.875
vt 7.875 -21.875
vt 7.875 -22.5
vt 3.625 -22.5
vt -3.625 1
vt -7.875 1
vt -7.875 1.125
vt -3.625 1.125
vt -21.875 1.0625
vt -21.875 1
vt -22.5 1
vt -22.5 1.125
vt 22.5 0.75
vt 21.875 0.75
vt 21.875 0.8125
vt 22.5 0.875
vt 3.625 0.8125
vt 7.875 0.8125
vt 7.875 0.75
vt 3.625 0.75
vt -3.625 0.75
vt -7.875 0.75
vt -7.875 0.875
vt -3.625 0.875
vt -21.875 0.8125
vt -21.875 0.75
vt -22.5 0.75
vt -22.5 0.875
vt 22.5 0.25
vt 21.8125 0.25
vt 21.8125 0.4375
vt 22.5 0.4375
vt 3.625 0.4375
vt 3.625 0.25
vt 3.625 -21.8125
vt 7.9375 -21.8125
vt 7.9375 -22.5
vt -7.9375 -22.5
vt -7.9375 -21.8125
vt -3.625 -21.8125
vt -3.625 0.25
vt -3.625 0.4375
vt -22.5 0.4375
vt -21.8125 0.4375
vt -21.8125 0.25
vt -22.5 0.25
vt 90 2
vt 14.5 5.5
vt 14 2
vt 14.5 -90
vt -14.5 -90
vt -14 2
vt -14.5 5.5
vt -90 2
vt -13 0.25
vt -11.75 1.25
vt -13 1.25
vt 2.75 1.25
vt 2.5 1.25
vt -2.5 13
vt -2.75 13
vt 2.75 13
vt 2.5 13
vt -2.5 1.25
vt -2.75 1.25
vt 13 1.25
vt 11.75 1.25
vt 13 0.25
vt -0.124999784 -5
vt -0.12500009 2
vt -1.3750001 1.9999999
vt -1.3749998 -5
vt -1.3749998 -4.75
vt -0.12499979 -4.75
vt 1.9999998 4.75
vt 1.9999998 5
vt -5 5
vt -5 4.75
vt -5 -4.75
vt -5 -5
vt 2.0000002 -5
vt 2.0000002 -4.75
vt -0.12500021 4.75
vt -0.12500022 5
vt -1.3750002 5
vt -1.3750002 4.75
vt -1.3749999 -2
vt -0.12499991 -2
vt -320 88
vt 128 88
vt 128 224
vt -320 224
vt -304 224
vt -312 224
vt -312 88
vt -304 88
vt 304 -128
vt 312 -128
vt 312 320
vt 304 320
vt -304 320
vt -312 320
vt -312 -128
vt -304 -128
vt 304 88
vt 312 88
vt 312 224
vt 304 224
vt 320 224
vt -128 224
vt -128 88
vt 320 88
vt -0.1250001 2.25
vt -1.3750001 2.25
vt 2.2500002 -5
vt 2.2499998 5
vt -1.3749999 -2.25
vt -0.1249999 -2.25
vt 144 88
vt 144 224
vt -304 -144
vt 312 -144
vt -312 -144
vt 304 -144
vt -144 224
vt -144 88
vt -320 -144
vt -304 312
vt -320 312
vt 320 312
vt 304 312
vt 320 -144
vt -6.25 2.25
vt -5.75 2.25
vt -1 2.25
vt 1 2.25
vt 5.75 2.25
vt 6.25 2.25
vt -33.375 -10.5
vt -26.75 -10.5
vt 1.5 -8.5
vt 1.25 -10.5
vt 1.5 -10.5
vt -1.5 26.75
vt -1.25 26.75
vt -1.25 33.375
vt -1.5 33.375
vt 1.5 33.375
vt 1.25 33.375
vt 1.25 26.75
vt 1.5 26.75
vt -1.5 -10.5
vt -1.25 -10.5
vt -1.25 -8.5
vt -1.5 -8.5
vt 26.75 -10.5
vt 33.375 -10.5
vt -0.5 26.75
vt -0.25 26.75
vt -0.25 33.375
vt -0.5 33.375
vt 0.5 33.375
vt 0.25 33.375
vt 0.25 26.75
vt 0.5 26.75
vt -0.5 -10.5
vt -0.25 -10.5
vt -0.25 -8.5
vt -0.5 -8.5
vt -33.375 -10.375
vt -33.125 -10.375
vt -33.125 -8.5
vt 0.375 -10.375
vt -1.875 33.125
vt -0.375 33.125
vt 0.375 33.125
vt 1.875 33.125
vt -0.375 -10.375
vt 33.125 -8.5
vt 33.125 -10.375
vt 33.375 -10.375
vt -30.25 -8.125
vt -29.25 -8.125
vt -29.25 0.25
vt -30.25 0.25
vt 1.125 0.25
vt 1 0.25
vt 1 -8.125
vt 1.125 -8.125
vt -1.25 30.625
vt -1.125 30.625
vt -1.125 31.625
vt -1.25 31.625
vt -30.25 1.125
vt -30.25 1
vt -29.25 1
vt -29.25 1.125
vt -1.125 -8.125
vt -1 -8.125
vt -1 0.25
vt -1.125 0.25
vt 30.25 0.25
vt 29.25 0.25
vt 29.25 -8.125
vt 30.25 -8.125
vt -30 -8.125
vt -29.875 -8.125
vt -29.875 0.25
vt -30 0.25
vt 0.25 -8.125
vt 1.5 -8.125
vt -2 29.875
vt -0.75 29.875
vt -0.75 30
vt -2 30
vt -1.5 -30
vt -0.25 -30
vt -0.25 -29.875
vt -1.5 -29.875
vt -1.5 -8.125
vt -0.25 -8.125
vt 30 0.25
vt 29.875 0.25
vt 29.875 -8.125
vt 30 -8.125
vt -31 -8.125
vt -30.875 -8.125
vt -2 31.125
vt -0.75 31.125
vt -0.75 31.25
vt -2 31.25
vt 30.875 -8.125
vt 31 -8.125
vt 2.125 0.25
vt 2 -8.125
vt 2.125 -8.125
vt -2.625 30.25
vt -2.5 30.25
vt -2.5 31.25
vt -2.625 31.25
vt -30.25 2.125
vt -30.25 2
vt -29.25 2
vt -29.25 2.125
vt -2.125 -8.125
vt -2 -8.125
vt -2.125 0.25
vt -26.589138 -16.041666
vt -26.48668 -16.041666
vt -26.48668 -14.999999
vt -26.589138 -14.999999
vt 1.9969262 -14.999999
vt 0.97233605 -14.999999
vt 0.97233605 -16.041666
vt 1.9969262 -16.041666
vt -0.8719262 54.999996
vt 0.15266395 54.999996
vt 0.15266395 55.208332
vt -0.8719262 55.208332
vt 1.9969262 55.208332
vt 0.97233605 55.208332
vt 0.97233605 54.999996
vt 1.9969262 54.999996
vt -0.8719262 -16.041666
vt 0.15266395 -16.041666
vt 0.15266395 -14.999999
vt -0.8719262 -14.999999
vt 27.714138 -14.999999
vt 27.61168 -14.999999
vt 27.61168 -16.041666
vt 27.714138 -16.041666
vt -18.871925 -38.041668
vt -17.847336 -38.041668
vt -17.847336 -37
vt -18.871925 -37
vt 1.026643 -37
vt 0.8217251 -37
vt 0.8217251 -38.041668
vt 1.026643 -38.041668
vt 35.99385 -1.0000012
vt 35.99385 -0.79166794
vt 33.94467 -0.79166794
vt 33.94467 -1.0000012
vt -34.69467 -1.0000012
vt -34.69467 -0.79166794
vt -36.74385 -0.79166794
vt -36.74385 -1.0000012
vt -0.7766431 -38.041668
vt -0.5717251 -38.041668
vt -0.5717251 -37
vt -0.7766431 -37
vt 16.972336 -37
vt 16.972336 -38.041668
vt 17.996925 -38.041668
vt 17.996925 -37
vt -25.027666 9.958335
vt -24.003075 9.958335
vt -24.003075 11.000002
vt -25.027666 11.000002
vt 3.4282782 11.000002
vt 3.22336 11.000002
vt 3.22336 9.958335
vt 3.4282782 9.958335
vt 47.25615 3.2083292
vt 47.25615 2.999996
vt 49.305332 2.999996
vt 49.305332 3.2083292
vt -49.055332 3.2083292
vt -49.055332 2.999996
vt -47.00615 2.999996
vt -47.00615 3.2083292
vt -3.1782782 9.958335
vt -2.97336 9.958335
vt -2.97336 11.000002
vt -3.1782782 11.000002
vt 25.152666 11.000002
vt 24.128075 11.000002
vt 24.128075 9.958335
vt 25.152666 9.958335
vt -23.871925 -16.041666
vt -22.847336 -16.041666
vt -22.847336 -14.999999
vt -23.871925 -14.999999
vt 1.026643 -14.999999
vt 0.8217251 -14.999999
vt 0.8217251 -16.041666
vt 1.026643 -16.041666
vt -45.69467 -1.0000012
vt -45.69467 -0.79166794
vt -47.74385 -0.79166794
vt -47.74385 -1.0000012
vt 47.99385 -1.0000012
vt 47.99385 -0.79166794
vt 45.94467 -0.79166794
vt 45.94467 -1.0000012
vt -0.7766431 -16.041666
vt -0.5717251 -16.041666
vt -0.5717251 -14.999999
vt -0.7766431 -14.999999
vt 23.996925 -14.999999
vt 22.972336 -14.999999
vt 22.972336 -16.041666
vt 23.996925 -16.041666
vt 35.782955 -15.625
vt 35.959732 -15.625
vt 35.959732 -20.875
vt 35.782955 -20.875
vt 41.27559 -20.875
vt 41.098812 -20.875
vt 41.098812 -15.625
vt 41.27559 -15.625
vt 54.5 -3.875
vt 54.375 -3.75
vt 54.5 -3.625
vt 54.625 -3.75
vt -54.625 -3.75
vt -54.5 -3.625
vt -54.375 -3.75
vt -54.5 -3.875
vt -41.27559 -15.625
vt -41.098812 -15.625
vt -41.098812 -20.875
vt -41.27559 -20.875
vt -35.959732 -15.625
vt -35.782955 -15.625
vt -35.782955 -20.875
vt -35.959732 -20.875
vt 33.95483 -15.625
vt 34.131607 -15.625
vt 34.131607 -20.875
vt 33.95483 -20.875
vt 39.43184 -20.875
vt 39.255062 -20.875
vt 39.255062 -15.625
vt 39.43184 -15.625
vt 51.875 -3.875
vt 51.75 -3.75
vt 51.875 -3.625
vt 52 -3.75
vt -52 -3.75
vt -51.875 -3.625
vt -51.75 -3.75
vt -51.875 -3.875
vt -39.43184 -15.625
vt -39.255062 -15.625
vt -39.255062 -20.875
vt -39.43184 -20.875
vt -34.131607 -15.625
vt -33.95483 -15.625
vt -33.95483 -20.875
vt -34.131607 -20.875
vt 36.67358 -15.625
vt 36.850357 -15.625
vt 36.850357 -20.875
vt 36.67358 -20.875
vt 37.916214 -20.875
vt 37.739437 -20.875
vt 37.739437 -15.625
vt 37.916214 -15.625
vt 52.75 -0.875
vt 52.625 -0.75
vt 52.75 -0.625
vt 52.875 -0.75
vt -52.875 -0.75
vt -52.75 -0.625
vt -52.625 -0.75
vt -52.75 -0.875
vt -37.916214 -15.625
vt -37.739437 -15.625
vt -37.739437 -20.875
vt -37.916214 -20.875
vt -36.850357 -15.625
vt -36.67358 -15.625
vt -36.67358 -20.875
vt -36.850357 -20.875
vt -30.375 -8.25
vt -29.125 -8.25
vt -29.125 -8.125
vt -30.375 -8.125
vt 2 -8.25
vt 2.125 -8.25
vt 29.125 2.125
vt 29.125 2
vt 30.375 2
vt 30.375 2.125
vt 2.625 31.375
vt 2.5 31.375
vt 2.5 30.125
vt 2.625 30.125
vt -2.125 -8.25
vt -2 -8.25
vt 30.375 -8.125
vt 29.125 -8.125
vt 29.125 -8.25
vt 30.375 -8.25
vt -31 -8.25
vt -30.875 -8.25
vt 0.125 -8.125
vt 0.125 -8.25
vt 1.5 -8.25
vt 0.125 -30.875
vt 0.125 -31
vt 2 31.25
vt 0.625 31.25
vt 0.625 31.125
vt 2 31.125
vt -1.5 -8.25
vt -0.125 -8.25
vt -0.125 -8.125
vt 30.875 -8.25
vt 31 -8.25
vt -30.25 -8.25
vt -29.25 -8.25
vt 1 -8.25
vt 1.125 -8.25
vt 29.25 1.125
vt 29.25 1
vt 30.25 1
vt 30.25 1.125
vt 1.25 31.625
vt 1.125 31.625
vt 1.125 30.625
vt 1.25 30.625
vt -1.125 -8.25
vt -1 -8.25
vt 29.25 -8.25
vt 30.25 -8.25
vt -30 -8.25
vt -29.875 -8.25
vt 1.5 -29.875
vt 0.125 -29.875
vt 0.125 -30
vt 1.5 -30
vt 2 30
vt 0.625 30
vt 0.625 29.875
vt 2 29.875
vt 29.875 -8.25
vt 30 -8.25
vt -11.9375 -8.6875
vt 11.375 -8.6875
vt 11.375 -8.3125
vt -11.9375 -8.3125
vt 50.0625 -8.3125
vt 34 -8.6875
vt 50.0625 -8.6875
vt -50.0625 -11.375
vt -34 -11.375
vt 34 -11.375
vt 50.0625 -11.375
vt -50.0625 -8.6875
vt -34 -8.6875
vt 11.9375 -8.3125
vt -11.375 -8.3125
vt -11.375 -8.6875
vt 11.9375 -8.6875
vt -4.875 -10.375
vt -0.8125 -10.375
vt 34 -0.8125
vt 22 -0.8125
vt 34 -8.316822
vt 22 -10.375
vt 34 -8.441822
vt -34 -8.441822
vt -22 -10.5
vt -22 -10.375
vt -34 -8.316822
vt -22 -0.8125
vt -34 -0.8125
vt -0.8125 -8.441822
vt -0.8125 -8.316822
vt -4.875 -8.316822
vt -4.875 -8.441822
vt 4.875 -10.375
vt 0.8125 -10.375
vt 16.625 -10.375
vt -16.625 -10.375
vt -26.75 -10.375
vt 0.375 -10.5
vt 1.875 -10.5
vt -1.875 -10.5
vt -0.375 -10.5
vt 26.75 -10.375
vt -31.125 -0
vt -11.625 -0
vt 0.5 0.25
vt -9 -0
vt 0.5 -0
vt -0.5 11.625
vt -0.5 31.125
vt 0.5 31.125
vt 0.5 11.625
vt -0.5 -0
vt 9 -0
vt -0.5 0.25
vt 11.625 -0
vt 31.125 -0
vt -30 -0
vt 1.75 -0
vt -1.75 11.625
vt -0.5 30
vt -1.75 30
vt 1.75 30
vt 0.5 30
vt 1.75 11.625
vt -1.75 -0
vt 30 -0
vt -6.625 11.625
vt -1.75 31.125
vt 1.75 31.125
vt 6.625 11.625
vt -55 1.5
vt -66 1.5
vt -17 1.5
vt -25.5 1.5
vt 25.5 1.5
vt 17 1.5
vt 66 1.5
vt 55 1.5
vt -71 1.5
vt -82 1.5
vt 82 1.5
vt 71 1.5
vt 3 5.245367e-07
vt -2 -3.4969113e-07
vt -2 -0.25000036
vt 3 -0.24999948
vt -4.75 -0.25000083
vt 4.75 -0.24999917
vt 4.75 8.305164e-07
vt -4.75 -8.305164e-07
vt 4.75 4.000001
vt -4.75 3.9999993
vt -4.7499995 -6.000001
vt 4.7500005 -5.999999
vt -4.7499995 -1.0500001
vt 4.7500005 -1.05
vt 4.75 -0.54999995
vt -4.75 -0.5500001
vt -3 -0.25000054
vt 2 -0.24999966
vt 2 3.4969113e-07
vt -3 -5.245367e-07
vt -5 0.1875
vt -3 0.1875
vt -3 0.21875
vt -5 0.21875
vt 4.75 0.21875
vt -4.75 0.21875
vt -4.75 0.1875
vt 4.75 0.1875
vt -4.75 0.5625
vt 4.75 0.5625
vt 4.75 0.8125
vt -4.75 0.8125
vt 5 0.21875
vt 3 0.21875
vt 3 0.1875
vt 5 0.1875
vt -3.75 -0
vt 3.75 -0
vt -5 0.25
vt -1 -0
vt 1 -0
vt 5 0.25
vt 1.75 -10.5
vt 3.625 -10.5
vt 16.75 -10.375
vt 2 -10.375
vt 2 -10.5
vt 16.75 -10.5
vt -16.75 -3.625
vt -2 -3.625
vt -2 -1.75
vt -16.75 -1.75
vt 16.75 -1.75
vt 2 -1.75
vt 2 -3.625
vt 16.75 -3.625
vt -16.75 -10.5
vt -2 -10.5
vt -16.75 -10.375
vt -3.625 -10.5
vt -1.75 -10.5
vt 4.8125 -10.5
vt 4.8125 -10.375
vt -2 -4.8125
vt -0.375 -4.8125
vt -0.375 0.75
vt -2 0.75
vt 2 0.75
vt 0.375 0.75
vt 0.375 -4.8125
vt 2 -4.8125
vt -4.8125 -10.375
vt -4.8125 -10.5
vt -3.25 -10.5
vt -3.25 -10.375
vt -2.25 -10.375
vt -4.5 0.75
vt -4.5 3.25
vt 4.5 3.25
vt 4.5 0.75
vt 3.25 -10.375
vt 3.25 -10.5
vt 2.6875 -8.625
vt 2.5 -8.625
vt 2.5 -10.5
vt 2.6875 -10.5
vt -2.6875 -3.6875
vt -2.5 -3.6875
vt -2.5 -3.375
vt -2.6875 -3.375
vt 2.6875 -3.375
vt 2.5 -3.375
vt 2.5 -3.6875
vt 2.6875 -3.6875
vt -2.6875 -10.5
vt -2.5 -10.5
vt -2.5 -8.625
vt -2.6875 -8.625
vt 0.6875 -8.625
vt 0.5 -8.625
vt 0.6875 -10.5
vt -0.6875 -3.6875
vt -0.5 -3.6875
vt -0.5 -3.375
vt -0.6875 -3.375
vt 0.6875 -3.375
vt 0.5 -3.375
vt 0.5 -3.6875
vt 0.6875 -3.6875
vt -0.6875 -10.5
vt -0.5 -8.625
vt -0.6875 -8.625
vt 3.6875 -8.5
vt 3.375 -8.5
vt 2.6875 -8.5
vt 1.1875 -8.5
vt 1.1875 -8.625
vt 1.1875 -3.6875
vt 1.1875 -3.375
vt -1.1875 -8.625
vt -1.1875 -8.5
vt -2.6875 -8.5
vt -3.375 -8.5
vt -3.6875 -8.5
vt 3.75 -10.375
vt 3.75 -8.5
vt 1.75 -8.5
vt -1.875 -3.75
vt -1.75 -3.75
vt -1.75 -3.5
vt 1.75 -3.5
vt 1.75 -3.75
vt 1.875 -3.75
vt -1.75 -8.5
vt 8.1875 -10.375
vt 8.1875 -8.5
vt 0.4375 -8.5
vt 0.4375 -10.375
vt -0.4375 -8.1875
vt -0.25 -8.1875
vt -0.4375 -4.5
vt 0.4375 -4.5
vt 0.25 -8.1875
vt 0.4375 -8.1875
vt -8.1875 -8.5
vt -8.1875 -10.375
vt 4.5 -8.5625
vt 4.8125 -8.5625
vt 4.8125 -8.5
vt -0.125 -8.5
vt -0.125 -8.5625
vt 1.5 -8.5625
vt 1.5 -4.8125
vt -0.125 -4.8125
vt -0.125 -4.5
vt 1.5 -4.5
vt -4.8125 -8.5
vt -4.8125 -8.5625
vt -4.5 -8.5625
vt -4.375 -10.5
vt -8.5 -10.5
vt -8.5 -10.375
vt -4.375 -10.375
vt 15.75 -10.375
vt 13.625 -10.375
vt 13.625 -10.5
vt 15.75 -10.5
vt -15.75 -8.5
vt -13.625 -8.5
vt -13.625 -4.375
vt -15.75 -4.375
vt 15.75 -4.375
vt 13.625 -4.375
vt 13.625 -8.5
vt 15.75 -8.5
vt -4.125 -8.5
vt -8.25 -8.5
vt -8.25 -8.375
vt 15.625 -8.375
vt 13.8125 -8.375
vt 13.8125 -8.5
vt 15.625 -8.5
vt -15.625 -8.25
vt -13.8125 -8.25
vt -13.8125 -4.125
vt -15.625 -4.125
vt 15.625 -4.125
vt 13.8125 -4.125
vt 13.8125 -8.25
vt 15.625 -8.25
vt 16.6875 -8.625
vt 16.5 -8.625
vt 16.6875 -10.5
vt -16.6875 -3.6875
vt -16.5 -3.375
vt -16.6875 -3.375
vt 16.6875 -3.375
vt 16.5 -3.375
vt 16.6875 -3.6875
vt -16.6875 -10.5
vt -16.5 -8.625
vt -16.6875 -8.625
vt 16.6875 -8.25
vt -16.6875 -1.9375
vt 16.6875 -1.9375
vt -16.6875 -8.25
vt -16.6875 -2.25
vt -16.5 -2.25
vt 16.5 -2.25
vt 16.6875 -2.25
vt 8.4375 -10.375
vt 8.4375 -8.5
vt 4.0625 -8.5
vt 4.0625 -10.375
vt -4.0625 -8.4375
vt -0.25 -8.4375
vt -4.0625 -8.1875
vt 4.0625 -8.1875
vt 0.25 -8.4375
vt 4.0625 -8.4375
vt -8.4375 -8.5
vt -8.4375 -10.375
vt 8.5 -10.5
vt 8.75 -10.5
vt 8.75 -10.375
vt 8.5 -10.375
vt 0.3125 -10.375
vt 0.3125 -10.5
vt 2.125 -10.5
vt -2.125 -8.75
vt -0.3125 -8.75
vt -0.3125 -8.5
vt 2.125 -8.5
vt 0.3125 -8.5
vt 0.3125 -8.75
vt 2.125 -8.75
vt -8.75 -10.375
vt -8.75 -10.5
vt 7.25 -10.5
vt 7.25 -10.375
vt -2.125 -7.25
vt -0.3125 -7.25
vt -0.3125 -4.8125
vt -2.125 -4.8125
vt 2.125 -4.8125
vt 0.3125 -4.8125
vt 0.3125 -7.25
vt 2.125 -7.25
vt -7.25 -10.375
vt -7.25 -10.5
vt 6.6875 -10.375
vt 6.6875 -8.5625
vt 1.625 -8.5625
vt 1.25 -8.5625
vt 1.625 -10.375
vt -1.625 -6.6875
vt -1.25 -6.6875
vt -1.25 -4.5
vt -1.625 -4.5
vt 1.625 -4.5
vt 1.25 -4.5
vt 1.25 -6.6875
vt 1.625 -6.6875
vt -6.6875 -8.5625
vt -6.6875 -10.375
vt 4.5625 -10.375
vt 8.6875 -10.375
vt 8.6875 -8.5
vt 4.5625 -8.5
vt 16.4375 -8.5
vt 16.25 -8.5
vt 16.25 -10.375
vt 16.4375 -10.375
vt -16.4375 -8.6875
vt -16.25 -8.6875
vt -16.25 -4.5625
vt -16.4375 -4.5625
vt 16.4375 -4.5625
vt 16.25 -4.5625
vt 16.25 -8.6875
vt 16.4375 -8.6875
vt -4.5625 -8.5
vt -8.6875 -8.5
vt -8.6875 -10.375
vt -4.5625 -10.375
vt -6.75 -8.5
vt -6.75 -8.375
vt 11.9375 -8.375
vt 11.9375 -8.5
vt -11.9375 -8.25
vt -11.9375 -6.75
vt -13.8125 -6.75
vt 13.8125 -6.75
vt 11.9375 -6.75
vt 11.9375 -8.25
vt 4.0625 -8.5625
vt 14.4375 -8.5625
vt 14.25 -8.5625
vt 14.25 -10.375
vt 14.4375 -10.375
vt -14.4375 -6.6875
vt -14.25 -6.6875
vt -14.25 -4.0625
vt -14.4375 -4.0625
vt 14.4375 -4.0625
vt 14.25 -4.0625
vt 14.25 -6.6875
vt 14.4375 -6.6875
vt -4.0625 -8.5625
vt -4.0625 -10.375
vt 4.125 -10.5
vt -4.125 -7.25
vt 4.125 -7.25
vt 4.125 -8.5
vt 4.4375 -10.375
vt 4.4375 -8.5
vt 17.0625 -8.5
vt 17.0625 -10.375
vt -17.0625 -4.5625
vt -16.25 -4.4375
vt -17.0625 -4.4375
vt 17.0625 -4.4375
vt 16.25 -4.4375
vt 17.0625 -4.5625
vt -4.4375 -8.5
vt -4.4375 -10.375
vt 2.4375 -10.375
vt 2.5625 -10.375
vt 2.5625 -8.5
vt 2.4375 -8.5
vt 6.25 -8.5
vt 6.25 -10.375
vt -17.0625 -2.5625
vt -6.25 -2.5625
vt -6.25 -2.4375
vt -17.0625 -2.4375
vt 17.0625 -2.4375
vt 6.25 -2.4375
vt 6.25 -2.5625
vt 17.0625 -2.5625
vt -2.4375 -8.5
vt -2.5625 -8.5
vt -2.5625 -10.375
vt -2.4375 -10.375
vt 3.4375 -10.375
vt 3.5625 -10.375
vt 3.5625 -8.5
vt 3.4375 -8.5
vt 13.4375 -8.5
vt 5.25 -8.5
vt 5.25 -10.375
vt 13.4375 -10.375
vt -13.4375 -3.5625
vt -5.25 -3.5625
vt -5.25 -3.4375
vt -13.4375 -3.4375
vt 13.4375 -3.4375
vt 5.25 -3.4375
vt 5.25 -3.5625
vt 13.4375 -3.5625
vt -3.4375 -8.5
vt -3.5625 -8.5
vt -3.5625 -10.375
vt -3.4375 -10.375
vt -4 -8.375
vt -2.5625 -8.375
vt 16.4375 -8.375
vt 5.625 -8.375
vt 5.625 -8.5
vt -16.4375 -4
vt -5.625 -4
vt -5.625 -2.5625
vt -16.4375 -2.5625
vt 16.4375 -2.5625
vt 5.625 -2.5625
vt 5.625 -4
vt 16.4375 -4
vt 6.875 -8.5
vt 6.875 -8.375
vt 4.8125 -8.375
vt 2.0625 -8.375
vt 2.0625 -8.5
vt -2.0625 -6.875
vt -0.375 -6.875
vt -2.0625 -4.8125
vt 2.0625 -4.8125
vt 0.375 -6.875
vt 2.0625 -6.875
vt -4.8125 -8.375
vt -6.875 -8.375
vt -6.875 -8.5
vt 7.75 -10.375
vt 7.75 -8.5
vt 7.25 -8.5
vt 1 -8.5
vt 0.5 -10.375
vt -1 -7.75
vt -0.5 -7.75
vt -0.5 -7.25
vt 0.5 -7.25
vt 0.5 -7.75
vt 1 -7.75
vt -5.4800777 -8.5
vt -6.1871843 -8.5
vt -6.1871843 -10.375
vt -5.4800777 -10.375
vt 15.0625 -8.5
vt 11.25 -8.5
vt 11.25 -10.375
vt 15.0625 -10.375
vt -15.0625 -8.4375
vt -11.25 -8.4375
vt -11.25 -8.1875
vt -15.0625 -8.1875
vt 15.0625 -8.1875
vt 11.25 -8.1875
vt 11.25 -8.4375
vt 15.0625 -8.4375
vt -6.1871853 -10.375
vt -5.4800787 -10.375
vt -5.4800787 -8.5
vt -6.1871853 -8.5
vt 15.25 -8.5
vt 15.25 -10.375
vt 7.5 -14.750001
vt 7.5 -14.250001
vt 7 -14.750001
vt -7 -14.750001
vt -7.5 -14.250001
vt -7.5 -14.750001
vt -7.5 -10.375
vt -7 -10.375
vt -7 -8.5
vt -7.5 -8.5
vt 12 -10.375
vt 12 -10.5
vt -12 -8.5
vt -12 -7.25
vt -13.625 -7.25
vt 13.625 -7.25
vt 12 -7.25
vt 12 -8.5
vt 11.625 -10.5
vt 11.625 -10.375
vt -12 -11.625
vt -4.125 -11.625
vt -4.125 -5.5
vt -12 -5.5
vt 12 -5.5
vt 4.125 -5.5
vt 4.125 -11.625
vt 12 -11.625
vt -11.625 -10.375
vt -11.625 -10.5
vt 6.9375 -10.375
vt 6.9375 -8.5625
vt 13 -8.5625
vt 11.375 -8.5625
vt 11.375 -10.375
vt 13 -10.375
vt -13 -6.9375
vt -11.375 -6.9375
vt -11.375 -6.6875
vt -13.25 -6.6875
vt 13.25 -6.6875
vt 11.375 -6.6875
vt 11.375 -6.9375
vt 13 -6.9375
vt 13.25 -10.375
vt 13.25 -8.5625
vt 4.7666893 -8.5625
vt 4.413136 -8.5625
vt 4.413136 -10.375
vt 4.7666893 -10.375
vt 6.1827426 -10.375
vt 6.536296 -10.375
vt 6.536296 -8.5625
vt 6.1827426 -8.5625
vt 3.5 -8.5625
vt 1.5 -10.375
vt -3.5 -6.9375
vt -1.5 -6.9375
vt -3.5 -6.6875
vt 3.5 -6.6875
vt 1.5 -6.9375
vt 3.5 -6.9375
vt -6.875 -10.375
vt -6.875 -8.5625
vt -7.125 -8.5625
vt -7.125 -10.375
vt 4.75 -10.375
vt 6.5 -10.375
vt 6.5 -8.5625
vt 4.75 -8.5625
vt 12 -8.5625
vt 11.75 -8.5625
vt 11.75 -10.375
vt -12 -6.5
vt -11.75 -6.5
vt -11.75 -4.75
vt -12 -4.75
vt 12 -4.75
vt 11.75 -4.75
vt 11.75 -6.5
vt 12 -6.5
vt -12 -10.375
vt -11.75 -10.375
vt -11.75 -8.5625
vt -12 -8.5625
vt -4.75 -8.5625
vt -6.5 -8.5625
vt -6.5 -10.375
vt -4.75 -10.375
vt 5 -8.5625
vt 5 -10.375
vt -5 -6.5
vt -4.75 -6.5
vt -4.75 -4.75
vt 5 -4.75
vt 4.75 -4.75
vt 4.75 -6.5
vt 5 -6.5
vt -5 -10.375
vt -5 -8.5625
vt 4.875 -8.5625
vt 4.375 -8.5625
vt 4.375 -10.375
vt -11.75 -4.875
vt -4.375 -4.875
vt -4.375 -4.75
vt 4.375 -4.75
vt 4.375 -4.875
vt 11.75 -4.875
vt -4.375 -8.5625
vt -4.875 -8.5625
vt 8.25 -8.5
vt 8.25 -8.375
vt 4.3125 -8.375
vt 4.3125 -8.5
vt -4.3125 -8.25
vt -0.375 -8.25
vt -4.3125 -6.875
vt 4.3125 -6.875
vt 0.375 -8.25
vt 4.3125 -8.25
vt 5.3125 -8.5
vt 11.1875 -8.5
vt 11.1875 -8.375
vt 5.3125 -8.375
vt -11.9375 -11.1875
vt -4.3125 -11.1875
vt -4.3125 -5.3125
vt -11.9375 -5.3125
vt 11.9375 -5.3125
vt 4.3125 -5.3125
vt 4.3125 -11.1875
vt 11.9375 -11.1875
vt -5.3125 -8.375
vt -11.1875 -8.375
vt -11.1875 -8.5
vt -5.3125 -8.5
vt 10.875 -10.375
vt 10.875 -8.5625
vt 7.75 -8.5625
vt -5 -10.875
vt -4.75 -10.875
vt -4.75 -7.75
vt -5 -7.75
vt 5 -7.75
vt 4.75 -7.75
vt 4.75 -10.875
vt 5 -10.875
vt -7.75 -8.5625
vt -10.875 -8.5625
vt -10.875 -10.375
vt -7.75 -10.375
vt 10.625 -10.375
vt 10.625 -8.5625
vt -12 -10.625
vt -11.75 -10.625
vt -11.75 -7.75
vt -12 -7.75
vt 12 -7.75
vt 11.75 -7.75
vt 11.75 -10.625
vt 12 -10.625
vt -10.625 -8.5625
vt -10.625 -10.375
vt 10.6875 -10.375
vt 10.6875 -8.5625
vt 11.9375 -8.5625
vt 11.9375 -10.375
vt -11.9375 -10.875
vt -4.375 -10.875
vt -4.375 -10.6875
vt -11.9375 -10.6875
vt 11.9375 -10.6875
vt 4.375 -10.6875
vt 4.375 -10.875
vt 11.9375 -10.875
vt -11.9375 -10.375
vt -11.9375 -8.5625
vt -10.6875 -8.5625
vt -10.6875 -10.375
vt 8.6875 -8.25
vt 8.5 -8.25
vt 8.5 -8.625
vt 8.6875 -8.625
vt -8.6875 -3.6875
vt -8.5 -3.6875
vt -8.5 -1.9375
vt -8.6875 -1.9375
vt 8.6875 -1.9375
vt 8.5 -1.9375
vt 8.5 -3.6875
vt 8.6875 -3.6875
vt -8.6875 -8.625
vt -8.5 -8.625
vt -8.5 -8.25
vt -8.6875 -8.25
vt 8.6875 -10.5
vt -8.5 -3.375
vt -8.6875 -3.375
vt 8.6875 -3.375
vt 8.5 -3.375
vt -8.6875 -10.5
vt -8.6875 -2.25
vt -8.5 -2.25
vt 8.5 -2.25
vt 8.6875 -2.25
vt 3.5 -8.625
vt 3.5 -8.25
vt 13.6875 -8.25
vt 13.5 -8.25
vt 13.5 -8.625
vt 13.6875 -8.625
vt -13.6875 -3.5
vt -13.5 -3.5
vt -13.5 -1.9375
vt -13.6875 -1.9375
vt 13.6875 -1.9375
vt 13.5 -1.9375
vt 13.5 -3.5
vt 13.6875 -3.5
vt -13.6875 -8.625
vt -13.5 -8.625
vt -13.5 -8.25
vt -13.6875 -8.25
vt -3.5 -8.25
vt -3.5 -8.625
vt 3.5 -10.5
vt 13.5 -10.5
vt 13.6875 -10.5
vt -13.5 -3.375
vt -13.6875 -3.375
vt 13.6875 -3.375
vt 13.5 -3.375
vt -13.6875 -10.5
vt -13.5 -10.5
vt -3.5 -10.5
vt -13.6875 -2.25
vt -13.5 -2.25
vt 13.5 -2.25
vt 13.6875 -2.25
vt -3.625 -8.4375
vt -3.5 -8.4375
vt 15.6875 -8.4375
vt 15.5 -8.4375
vt 15.5 -10.375
vt 15.6875 -10.375
vt -15.6875 -3.625
vt -15.5 -3.625
vt -15.5 -3.5
vt -15.6875 -3.5
vt 15.6875 -3.5
vt 15.5 -3.5
vt 15.5 -3.625
vt 15.6875 -3.625
vt -15.6875 -10.375
vt -15.5 -10.375
vt -15.5 -8.4375
vt -15.6875 -8.4375
vt 3.625 -8.4375
vt 3.5 -8.4375
vt 14.0625 -8.4375
vt 13.875 -8.4375
vt 13.875 -10.375
vt 14.0625 -10.375
vt -14.0625 -3.625
vt -13.875 -3.625
vt -13.875 -3.5
vt -14.0625 -3.5
vt 14.0625 -3.5
vt 13.875 -3.5
vt 13.875 -3.625
vt 14.0625 -3.625
vt -14.0625 -10.375
vt -13.875 -10.375
vt -13.875 -8.4375
vt -14.0625 -8.4375
vt 3.625 -8.5625
vt 14.0625 -8.5625
vt 15.5 -8.5625
vt -15.5 -8.5625
vt -14.0625 -8.5625
vt -3.625 -8.5625
vt -3.5 -8.5625
vt 744 -456
vt 1192 -456
vt 1192 -320
vt 744 -320
vt 2276 -320
vt 2268 -320
vt 2268 -456
vt 2276 -456
vt -2276 -1192
vt -2268 -1192
vt -2268 -744
vt -2276 -744
vt 2276 -744
vt 2268 -744
vt 2268 -1192
vt 2276 -1192
vt -2276 -456
vt -2268 -456
vt -2268 -320
vt -2276 -320
vt -744 -320
vt -1192 -320
vt -1192 -456
vt -744 -456
vt 8.874998 12
vt 8.874998 19
vt 7.6249986 19
vt 7.624999 12
vt 7.624998 35.25
vt 7.624998 35
vt 8.874998 35
vt 8.874998 35.25
vt 19.000002 -35.25
vt 19.000002 -35
vt 12.000002 -35
vt 12.000002 -35.25
vt 11.999998 35.25
vt 11.999998 35
vt 18.999998 35
vt 18.999998 35.25
vt 8.875002 -35.25
vt 8.875002 -35
vt 7.625002 -35
vt 7.625002 -35.25
vt 7.625001 -12
vt 7.6250014 -19
vt 8.875002 -19
vt 8.875002 -12
vt 8.874999 19
vt 8.874999 19.25
vt 7.624999 19.25
vt 7.624999 19
vt 7.624998 45
vt 7.6249986 35
vt 8.874998 45
vt 19.250002 -45
vt 19.250002 -35
vt 19.000002 -45
vt 18.999998 45
vt 19.249998 35
vt 19.249998 45
vt 8.875002 -45
vt 7.6250014 -35
vt 7.625002 -45
vt 7.625001 -19
vt 7.625001 -19.25
vt 8.875001 -19.25
vt 8.875001 -19
vt -14.000001 16.999998
vt -19 16.999996
vt -19 16.749996
vt -14.000001 16.749998
vt -44.75 16.749992
vt -35.25 16.749994
vt -35.25 16.999994
vt -44.75 16.999992
vt 44.749996 37.000008
vt 35.249996 37.000008
vt 35.249996 27.000006
vt 44.749996 27.000008
vt -44.750004 1.9499998
vt -35.250004 1.9499999
vt -35.250004 2.4499998
vt -44.750004 2.4499998
vt 44.75 17.000008
vt 35.25 17.000006
vt 35.25 16.750006
vt 44.75 16.750008
vt 13.999999 16.750002
vt 19 16.750004
vt 19 17.000004
vt 13.999999 17.000002
vt 7.624998 44.75
vt 8.874998 44.75
vt 19.000002 -44.75
vt 12.000002 -44.75
vt 12.000002 -45
vt 11.999998 45
vt 11.999998 44.75
vt 18.999998 44.75
vt 8.875002 -44.75
vt 7.625002 -44.75
vt -752 -456
vt -1208 -456
vt -1208 -320
vt -752 -320
vt 2900 -320
vt 2884 -320
vt 2884 -456
vt 2900 -456
vt -2900 -1208
vt -2884 -1208
vt -2884 -752
vt -2900 -752
vt 2900 -752
vt 2884 -752
vt 2884 -1208
vt 2900 -1208
vt 12 -0.8125
vt 14 -0.8125
vt 14 -0.78125
vt 12 -0.78125
vt 44.75 -0.78125
vt 35.25 -0.78125
vt 35.25 -0.8125
vt 44.75 -0.8125
vt -44.75 -2.4375
vt -35.25 -2.4375
vt -35.25 -2.1875
vt -44.75 -2.1875
vt 44.75 -2.1875
vt 35.25 -2.1875
vt 35.25 -2.4375
vt 44.75 -2.4375
vt -44.75 -0.8125
vt -35.25 -0.8125
vt -35.25 -0.78125
vt -44.75 -0.78125
vt -12 -0.78125
vt -14 -0.78125
vt -14 -0.8125
vt -12 -0.8125
vt 11.3125 -8.75
vt 11.5625 -8.75
vt 11.5625 -6.5
vt 11.3125 -6.5
vt 39.375 -6.5
vt 34.125 -6.5
vt 34.125 -8.75
vt 39.375 -8.75
vt -39.375 -11.5625
vt -39.375 -11.3125
vt 39.375 -11.3125
vt 39.375 -11.5625
vt -39.375 -8.75
vt -34.125 -8.75
vt -34.125 -6.5
vt -39.375 -6.5
vt -11.3125 -6.5
vt -11.5625 -6.5
vt -11.5625 -8.75
vt -11.3125 -8.75
vt 39.375 -6.1875
vt -39.375 -6.1875
vt 39.5 -6.5
vt 39.375 -8.3125
vt 39.5 -8.3125
vt -39.5 -11.5625
vt -39.5 -11.3125
vt 39.5 -11.3125
vt 39.5 -11.5625
vt -39.5 -8.3125
vt -39.375 -8.3125
vt -39.5 -6.5
vt 40.875 -6.5
vt 40.75 -6.5
vt 40.75 -8.3125
vt 40.875 -8.3125
vt -40.875 -11.5625
vt -40.75 -11.5625
vt -40.75 -11.3125
vt -40.875 -11.3125
vt 40.875 -11.3125
vt 40.75 -11.3125
vt 40.75 -11.5625
vt 40.875 -11.5625
vt -40.875 -8.3125
vt -40.75 -8.3125
vt -40.75 -6.5
vt -40.875 -6.5
vt 40.875 -6.1875
vt -40.875 -6.1875
vt 49.9375 -6.5
vt 40.875 -8.75
vt 49.9375 -8.75
vt -49.9375 -11.5625
vt -49.9375 -11.3125
vt 49.9375 -11.3125
vt 49.9375 -11.5625
vt -49.9375 -8.75
vt -40.875 -8.75
vt -49.9375 -6.5
vt 49.9375 -6.1875
vt -49.9375 -6.1875
vt 11.375 -8.625
vt 11.5625 -8.625
vt 39.375 -8.625
vt 40.875 -8.625
vt -39.375 -11.375
vt -40.875 -11.375
vt 40.875 -11.375
vt 39.375 -11.375
vt -40.875 -8.625
vt -39.375 -8.625
vt -11.5625 -8.625
vt -11.375 -8.625
vt 11.5625 -5.875
vt 40.875 -5.875
vt 34.125 -5.875
vt -34.125 -5.875
vt -40.875 -5.875
vt -11.5625 -5.875
vt 49.9375 -5.875
vt -49.9375 -5.875
vt -7.5 3.25
vt -6.75 3.25
vt -6.75 3.5
vt -7.5 3.5
vt 4 3.5
vt 3.75 3.5
vt 3.75 3.25
vt 4 3.25
vt -4 6.25
vt -3.75 6.25
vt -4 7
vt 4 7
vt 3.75 6.25
vt 4 6.25
vt -4 3.25
vt -3.75 3.25
vt -3.75 3.5
vt -4 3.5
vt 7.5 3.5
vt 6.75 3.5
vt 6.75 3.25
vt 7.5 3.25
vt -6 3.125
vt -6 3.25
vt 4.25 3.25
vt 3.5 3.25
vt 4.25 3.125
vt 4.125 6.25
vt 3.625 6.25
vt 4.25 5.5
vt -4.25 5.5
vt -3.625 6.25
vt -4.125 6.25
vt -4.125 3.25
vt -3.625 3.25
vt -3.625 3.5
vt -4.125 3.5
vt 6 3.25
vt 6 3.125
vt -4.25 3.5
vt -4.25 3.25
vt 4.25 6.25
vt 4.25 7
vt -4.25 7
vt -4.25 6.25
vt 4.25 3.5
vt -3.75 3.125
vt -3.875 6.25
vt -4.375 6.25
vt -4.5 5.5
vt 4.5 5.5
vt 4.375 6.25
vt 3.875 6.25
vt 3.875 3.25
vt 4.375 3.25
vt 4.375 3.5
vt 3.875 3.5
vt -2.4375 1.9435339
vt -2.4375 2.7846959
vt -2.5 2.7846959
vt -2.5 1.9435339
vt 0.7977468 5
vt -0.14917848 5
vt -0.14917848 4.875
vt 0.7977468 4.875
vt 1.0287018 4
vt -0.0234375 4
vt -0.0234375 3.0653756
vt 1.0287018 3.0653756
vt -0.7977468 1.9435339
vt 0.14917848 1.9435339
vt 0.14917848 2.7846959
vt -0.7977468 2.7846959
vt -0.7977468 4.875
vt 0.14917848 4.875
vt 0.14917848 5
vt -0.7977468 5
vt 2.5 1.9435339
vt 2.5 2.7846959
vt 2.4375 2.7846959
vt 2.4375 1.9435339
vt -15.9375 2.25
vt -14.3125 2.25
vt -14.3125 2.3125
vt -15.9375 2.3125
vt 1.375 2.3125
vt 1.3125 2.3125
vt 1.3125 2.25
vt 1.375 2.25
vt -1.375 14.3125
vt -1.3125 14.3125
vt -1.3125 15.9375
vt -1.375 15.9375
vt 1.375 15.9375
vt 1.3125 15.9375
vt 1.3125 14.3125
vt 1.375 14.3125
vt -1.375 2.25
vt -1.3125 2.25
vt -1.3125 2.3125
vt -1.375 2.3125
vt 15.9375 2.3125
vt 14.3125 2.3125
vt 14.3125 2.25
vt 15.9375 2.25
vt 0.9375 2.3125
vt 0.875 2.3125
vt 0.875 2.25
vt 0.9375 2.25
vt -0.9375 14.3125
vt -0.875 14.3125
vt -0.875 15.9375
vt -0.9375 15.9375
vt 0.9375 15.9375
vt 0.875 15.9375
vt 0.875 14.3125
vt 0.9375 14.3125
vt -0.9375 2.25
vt -0.875 2.25
vt -0.875 2.3125
vt -0.9375 2.3125
vt -16 2.3125
vt -14.25 2.3125
vt -14.375 2.5
vt -15.875 2.5
vt 1.3125 2.5
vt 0.9375 2.5
vt 1.375 14.25
vt 0.875 14.25
vt 0.875 16
vt 1.375 16
vt 1.3125 15.875
vt 0.9375 15.875
vt 0.9375 14.375
vt 1.3125 14.375
vt -0.9375 2.5
vt -1.3125 2.5
vt 15.875 2.5
vt 14.375 2.5
vt 14.25 2.3125
vt 16 2.3125
vt -16 2.25
vt -0.875 16
vt -1.375 16
vt 16 2.25
vt -15.0625 2.0625
vt -14.9375 2.0625
vt -14.9375 2.5
vt -15.0625 2.5
vt 0.3125 2.5
vt 0.1875 2.5
vt 0.1875 2.0625
vt 0.3125 2.0625
vt -0.3125 14.9375
vt -0.1875 14.9375
vt -0.1875 15.0625
vt -0.3125 15.0625
vt 0.3125 15.0625
vt 0.1875 15.0625
vt 0.1875 14.9375
vt 0.3125 14.9375
vt -0.3125 2.0625
vt -0.1875 2.0625
vt -0.1875 2.5
vt -0.3125 2.5
vt 15.0625 2.5
vt 14.9375 2.5
vt 14.9375 2.0625
vt 15.0625 2.0625
vt -14.25 2.25
vt -1.375 14.25
vt -0.875 14.25
vt 14.25 2.25
vt -14.0625 2.0625
vt -13.9375 2.0625
vt -13.9375 2.5
vt -14.0625 2.5
vt -0.3125 13.9375
vt -0.1875 13.9375
vt -0.1875 14.0625
vt -0.3125 14.0625
vt 0.3125 14.0625
vt 0.1875 14.0625
vt 0.1875 13.9375
vt 0.3125 13.9375
vt 14.0625 2.5
vt 13.9375 2.5
vt 13.9375 2.0625
vt 14.0625 2.0625
vt 4.375 2.3125
vt 4.3125 2.3125
vt 4.3125 2.25
vt 4.375 2.25
vt -4.375 14.3125
vt -4.3125 14.3125
vt -4.3125 15.9375
vt -4.375 15.9375
vt 4.375 15.9375
vt 4.3125 15.9375
vt 4.3125 14.3125
vt 4.375 14.3125
vt -4.375 2.25
vt -4.3125 2.25
vt -4.3125 2.3125
vt -4.375 2.3125
vt 3.9375 2.3125
vt 3.875 2.3125
vt 3.875 2.25
vt 3.9375 2.25
vt -3.9375 14.3125
vt -3.875 14.3125
vt -3.875 15.9375
vt -3.9375 15.9375
vt 3.9375 15.9375
vt 3.875 15.9375
vt 3.875 14.3125
vt 3.9375 14.3125
vt -3.9375 2.25
vt -3.875 2.25
vt -3.875 2.3125
vt -3.9375 2.3125
vt 4.3125 2.5
vt 3.9375 2.5
vt 4.375 14.25
vt 3.875 14.25
vt 3.875 16
vt 4.375 16
vt 4.3125 15.875
vt 3.9375 15.875
vt 3.9375 14.375
vt 4.3125 14.375
vt -3.9375 2.5
vt -4.3125 2.5
vt -3.875 16
vt -4.375 16
vt 4.1875 2.5
vt 4.1875 2.0625
vt 4.3125 2.0625
vt -4.3125 14.9375
vt -4.1875 14.9375
vt -4.1875 15.0625
vt -4.3125 15.0625
vt 4.3125 15.0625
vt 4.1875 15.0625
vt 4.1875 14.9375
vt 4.3125 14.9375
vt -4.3125 2.0625
vt -4.1875 2.0625
vt -4.1875 2.5
vt -4.375 14.25
vt -3.875 14.25
vt -4.3125 13.9375
vt -4.1875 13.9375
vt -4.1875 14.0625
vt -4.3125 14.0625
vt 4.3125 14.0625
vt 4.1875 14.0625
vt 4.1875 13.9375
vt 4.3125 13.9375
vt -1.625 2.3125
vt -1.6875 2.3125
vt -1.6875 2.25
vt -1.625 2.25
vt 1.625 14.3125
vt 1.6875 14.3125
vt 1.6875 15.9375
vt 1.625 15.9375
vt -1.625 15.9375
vt -1.6875 15.9375
vt -1.6875 14.3125
vt -1.625 14.3125
vt 1.625 2.25
vt 1.6875 2.25
vt 1.6875 2.3125
vt 1.625 2.3125
vt -2.0625 2.3125
vt -2.125 2.3125
vt -2.125 2.25
vt -2.0625 2.25
vt 2.0625 14.3125
vt 2.125 14.3125
vt 2.125 15.9375
vt 2.0625 15.9375
vt -2.0625 15.9375
vt -2.125 15.9375
vt -2.125 14.3125
vt -2.0625 14.3125
vt 2.0625 2.25
vt 2.125 2.25
vt 2.125 2.3125
vt 2.0625 2.3125
vt -1.6875 2.5
vt -2.0625 2.5
vt -1.625 14.25
vt -2.125 14.25
vt -2.125 16
vt -1.625 16
vt -1.6875 15.875
vt -2.0625 15.875
vt -2.0625 14.375
vt -1.6875 14.375
vt 2.0625 2.5
vt 1.6875 2.5
vt 2.125 16
vt 1.625 16
vt -1.8125 2.5
vt -1.8125 2.0625
vt -1.6875 2.0625
vt 1.6875 14.9375
vt 1.8125 14.9375
vt 1.8125 15.0625
vt 1.6875 15.0625
vt -1.6875 15.0625
vt -1.8125 15.0625
vt -1.8125 14.9375
vt -1.6875 14.9375
vt 1.6875 2.0625
vt 1.8125 2.0625
vt 1.8125 2.5
vt 1.625 14.25
vt 2.125 14.25
vt 1.6875 13.9375
vt 1.8125 13.9375
vt 1.8125 14.0625
vt 1.6875 14.0625
vt -1.6875 14.0625
vt -1.8125 14.0625
vt -1.8125 13.9375
vt -1.6875 13.9375
vt -4.625 2.3125
vt -4.6875 2.3125
vt -4.6875 2.25
vt -4.625 2.25
vt 4.625 14.3125
vt 4.6875 14.3125
vt 4.6875 15.9375
vt 4.625 15.9375
vt -4.625 15.9375
vt -4.6875 15.9375
vt -4.6875 14.3125
vt -4.625 14.3125
vt 4.625 2.25
vt 4.6875 2.25
vt 4.6875 2.3125
vt 4.625 2.3125
vt -5.0625 2.3125
vt -5.125 2.3125
vt -5.125 2.25
vt -5.0625 2.25
vt 5.0625 14.3125
vt 5.125 14.3125
vt 5.125 15.9375
vt 5.0625 15.9375
vt -5.0625 15.9375
vt -5.125 15.9375
vt -5.125 14.3125
vt -5.0625 14.3125
vt 5.0625 2.25
vt 5.125 2.25
vt 5.125 2.3125
vt 5.0625 2.3125
vt -4.6875 2.5
vt -5.0625 2.5
vt -4.625 14.25
vt -5.125 14.25
vt -5.125 16
vt -4.625 16
vt -4.6875 15.875
vt -5.0625 15.875
vt -5.0625 14.375
vt -4.6875 14.375
vt 5.0625 2.5
vt 4.6875 2.5
vt 5.125 16
vt 4.625 16
vt -4.8125 2.5
vt -4.8125 2.0625
vt -4.6875 2.0625
vt 4.6875 14.9375
vt 4.8125 14.9375
vt 4.8125 15.0625
vt 4.6875 15.0625
vt -4.6875 15.0625
vt -4.8125 15.0625
vt -4.8125 14.9375
vt -4.6875 14.9375
vt 4.6875 2.0625
vt 4.8125 2.0625
vt 4.8125 2.5
vt 4.625 14.25
vt 5.125 14.25
vt 4.6875 13.9375
vt 4.8125 13.9375
vt 4.8125 14.0625
vt 4.6875 14.0625
vt -4.6875 14.0625
vt -4.8125 14.0625
vt -4.8125 13.9375
vt -4.6875 13.9375
vt -19.9375 2.25
vt -18.3125 2.25
vt -18.3125 2.3125
vt -19.9375 2.3125
vt 4.625 18.3125
vt 4.6875 18.3125
vt 4.6875 19.9375
vt 4.625 19.9375
vt -4.625 19.9375
vt -4.6875 19.9375
vt -4.6875 18.3125
vt -4.625 18.3125
vt 19.9375 2.3125
vt 18.3125 2.3125
vt 18.3125 2.25
vt 19.9375 2.25
vt 5.0625 18.3125
vt 5.125 18.3125
vt 5.125 19.9375
vt 5.0625 19.9375
vt -5.0625 19.9375
vt -5.125 19.9375
vt -5.125 18.3125
vt -5.0625 18.3125
vt -20 2.3125
vt -18.25 2.3125
vt -18.375 2.5
vt -19.875 2.5
vt -4.625 18.25
vt -5.125 18.25
vt -5.125 20
vt -4.625 20
vt -4.6875 19.875
vt -5.0625 19.875
vt -5.0625 18.375
vt -4.6875 18.375
vt 19.875 2.5
vt 18.375 2.5
vt 18.25 2.3125
vt 20 2.3125
vt -20 2.25
vt 5.125 20
vt 4.625 20
vt 20 2.25
vt -19.0625 2.0625
vt -18.9375 2.0625
vt -18.9375 2.5
vt -19.0625 2.5
vt 4.6875 18.9375
vt 4.8125 18.9375
vt 4.8125 19.0625
vt 4.6875 19.0625
vt -4.6875 19.0625
vt -4.8125 19.0625
vt -4.8125 18.9375
vt -4.6875 18.9375
vt 19.0625 2.5
vt 18.9375 2.5
vt 18.9375 2.0625
vt 19.0625 2.0625
vt -18.25 2.25
vt 4.625 18.25
vt 5.125 18.25
vt 18.25 2.25
vt -18.0625 2.0625
vt -17.9375 2.0625
vt -17.9375 2.5
vt -18.0625 2.5
vt 4.6875 17.9375
vt 4.8125 17.9375
vt 4.8125 18.0625
vt 4.6875 18.0625
vt -4.6875 18.0625
vt -4.8125 18.0625
vt -4.8125 17.9375
vt -4.6875 17.9375
vt 18.0625 2.5
vt 17.9375 2.5
vt 17.9375 2.0625
vt 18.0625 2.0625
vt 1.625 18.3125
vt 1.6875 18.3125
vt 1.6875 19.9375
vt 1.625 19.9375
vt -1.625 19.9375
vt -1.6875 19.9375
vt -1.6875 18.3125
vt -1.625 18.3125
vt 2.0625 18.3125
vt 2.125 18.3125
vt 2.125 19.9375
vt 2.0625 19.9375
vt -2.0625 19.9375
vt -2.125 19.9375
vt -2.125 18.3125
vt -2.0625 18.3125
vt -1.625 18.25
vt -2.125 18.25
vt -2.125 20
vt -1.625 20
vt -1.6875 19.875
vt -2.0625 19.875
vt -2.0625 18.375
vt -1.6875 18.375
vt 2.125 20
vt 1.625 20
vt 1.6875 18.9375
vt 1.8125 18.9375
vt 1.8125 19.0625
vt 1.6875 19.0625
vt -1.6875 19.0625
vt -1.8125 19.0625
vt -1.8125 18.9375
vt -1.6875 18.9375
vt 1.625 18.25
vt 2.125 18.25
vt 1.6875 17.9375
vt 1.8125 17.9375
vt 1.8125 18.0625
vt 1.6875 18.0625
vt -1.6875 18.0625
vt -1.8125 18.0625
vt -1.8125 17.9375
vt -1.6875 17.9375
vt -1.375 18.3125
vt -1.3125 18.3125
vt -1.3125 19.9375
vt -1.375 19.9375
vt 1.375 19.9375
vt 1.3125 19.9375
vt 1.3125 18.3125
vt 1.375 18.3125
vt -0.9375 18.3125
vt -0.875 18.3125
vt -0.875 19.9375
vt -0.9375 19.9375
vt 0.9375 19.9375
vt 0.875 19.9375
vt 0.875 18.3125
vt 0.9375 18.3125
vt 1.375 18.25
vt 0.875 18.25
vt 0.875 20
vt 1.375 20
vt 1.3125 19.875
vt 0.9375 19.875
vt 0.9375 18.375
vt 1.3125 18.375
vt -0.875 20
vt -1.375 20
vt -0.3125 18.9375
vt -0.1875 18.9375
vt -0.1875 19.0625
vt -0.3125 19.0625
vt 0.3125 19.0625
vt 0.1875 19.0625
vt 0.1875 18.9375
vt 0.3125 18.9375
vt -1.375 18.25
vt -0.875 18.25
vt -0.3125 17.9375
vt -0.1875 17.9375
vt -0.1875 18.0625
vt -0.3125 18.0625
vt 0.3125 18.0625
vt 0.1875 18.0625
vt 0.1875 17.9375
vt 0.3125 17.9375
vt -4.375 18.3125
vt -4.3125 18.3125
vt -4.3125 19.9375
vt -4.375 19.9375
vt 4.375 19.9375
vt 4.3125 19.9375
vt 4.3125 18.3125
vt 4.375 18.3125
vt -3.9375 18.3125
vt -3.875 18.3125
vt -3.875 19.9375
vt -3.9375 19.9375
vt 3.9375 19.9375
vt 3.875 19.9375
vt 3.875 18.3125
vt 3.9375 18.3125
vt 4.375 18.25
vt 3.875 18.25
vt 3.875 20
vt 4.375 20
vt 4.3125 19.875
vt 3.9375 19.875
vt 3.9375 18.375
vt 4.3125 18.375
vt -3.875 20
vt -4.375 20
vt -4.3125 18.9375
vt -4.1875 18.9375
vt -4.1875 19.0625
vt -4.3125 19.0625
vt 4.3125 19.0625
vt 4.1875 19.0625
vt 4.1875 18.9375
vt 4.3125 18.9375
vt -4.375 18.25
vt -3.875 18.25
vt -4.3125 17.9375
vt -4.1875 17.9375
vt -4.1875 18.0625
vt -4.3125 18.0625
vt 4.3125 18.0625
vt 4.1875 18.0625
vt 4.1875 17.9375
vt 4.3125 17.9375
vt -23.9375 2.25
vt -22.3125 2.25
vt -22.3125 2.3125
vt -23.9375 2.3125
vt -1.375 22.3125
vt -1.3125 22.3125
vt -1.3125 23.9375
vt -1.375 23.9375
vt 1.375 23.9375
vt 1.3125 23.9375
vt 1.3125 22.3125
vt 1.375 22.3125
vt 23.9375 2.3125
vt 22.3125 2.3125
vt 22.3125 2.25
vt 23.9375 2.25
vt -0.9375 22.3125
vt -0.875 22.3125
vt -0.875 23.9375
vt -0.9375 23.9375
vt 0.9375 23.9375
vt 0.875 23.9375
vt 0.875 22.3125
vt 0.9375 22.3125
vt -24 2.3125
vt -22.25 2.3125
vt -22.375 2.5
vt -23.875 2.5
vt 1.375 22.25
vt 0.875 22.25
vt 0.875 24
vt 1.375 24
vt 1.3125 23.875
vt 0.9375 23.875
vt 0.9375 22.375
vt 1.3125 22.375
vt 23.875 2.5
vt 22.375 2.5
vt 22.25 2.3125
vt 24 2.3125
vt -24 2.25
vt -0.875 24
vt -1.375 24
vt 24 2.25
vt -24.0625 2.0625
vt -23.9375 2.0625
vt -23.9375 2.5
vt -24.0625 2.5
vt -0.3125 23.9375
vt -0.1875 23.9375
vt -0.1875 24.0625
vt -0.3125 24.0625
vt 0.3125 24.0625
vt 0.1875 24.0625
vt 0.1875 23.9375
vt 0.3125 23.9375
vt 24.0625 2.5
vt 23.9375 2.5
vt 23.9375 2.0625
vt 24.0625 2.0625
vt -22.25 2.25
vt -1.375 22.25
vt -0.875 22.25
vt 22.25 2.25
vt -23.0625 2.0625
vt -22.9375 2.0625
vt -22.9375 2.5
vt -23.0625 2.5
vt -0.3125 22.9375
vt -0.1875 22.9375
vt -0.1875 23.0625
vt -0.3125 23.0625
vt 0.3125 23.0625
vt 0.1875 23.0625
vt 0.1875 22.9375
vt 0.3125 22.9375
vt 23.0625 2.5
vt 22.9375 2.5
vt 22.9375 2.0625
vt 23.0625 2.0625
vt -4.375 22.3125
vt -4.3125 22.3125
vt -4.3125 23.9375
vt -4.375 23.9375
vt 4.375 23.9375
vt 4.3125 23.9375
vt 4.3125 22.3125
vt 4.375 22.3125
vt -3.9375 22.3125
vt -3.875 22.3125
vt -3.875 23.9375
vt -3.9375 23.9375
vt 3.9375 23.9375
vt 3.875 23.9375
vt 3.875 22.3125
vt 3.9375 22.3125
vt 4.375 22.25
vt 3.875 22.25
vt 3.875 24
vt 4.375 24
vt 4.3125 23.875
vt 3.9375 23.875
vt 3.9375 22.375
vt 4.3125 22.375
vt -3.875 24
vt -4.375 24
vt -4.1875 23.9375
vt -4.1875 24.0625
vt -4.3125 24.0625
vt 4.3125 24.0625
vt 4.1875 24.0625
vt 4.1875 23.9375
vt -4.375 22.25
vt -3.875 22.25
vt -4.3125 22.9375
vt -4.1875 22.9375
vt -4.1875 23.0625
vt -4.3125 23.0625
vt 4.3125 23.0625
vt 4.1875 23.0625
vt 4.1875 22.9375
vt 4.3125 22.9375
vt 1.625 22.3125
vt 1.6875 22.3125
vt 1.6875 23.9375
vt 1.625 23.9375
vt -1.625 23.9375
vt -1.6875 23.9375
vt -1.6875 22.3125
vt -1.625 22.3125
vt 2.0625 22.3125
vt 2.125 22.3125
vt 2.125 23.9375
vt 2.0625 23.9375
vt -2.0625 23.9375
vt -2.125 23.9375
vt -2.125 22.3125
vt -2.0625 22.3125
vt -1.625 22.25
vt -2.125 22.25
vt -2.125 24
vt -1.625 24
vt -1.6875 23.875
vt -2.0625 23.875
vt -2.0625 22.375
vt -1.6875 22.375
vt 2.125 24
vt 1.625 24
vt 1.8125 23.9375
vt 1.8125 24.0625
vt 1.6875 24.0625
vt -1.6875 24.0625
vt -1.8125 24.0625
vt -1.8125 23.9375
vt 1.625 22.25
vt 2.125 22.25
vt 1.6875 22.9375
vt 1.8125 22.9375
vt 1.8125 23.0625
vt 1.6875 23.0625
vt -1.6875 23.0625
vt -1.8125 23.0625
vt -1.8125 22.9375
vt -1.6875 22.9375
vt -27.9375 2.25
vt -26.3125 2.25
vt -26.3125 2.3125
vt -27.9375 2.3125
vt -1.375 26.3125
vt -1.3125 26.3125
vt -1.3125 27.9375
vt -1.375 27.9375
vt 1.375 27.9375
vt 1.3125 27.9375
vt 1.3125 26.3125
vt 1.375 26.3125
vt 27.9375 2.3125
vt 26.3125 2.3125
vt 26.3125 2.25
vt 27.9375 2.25
vt -0.9375 26.3125
vt -0.875 26.3125
vt -0.875 27.9375
vt -0.9375 27.9375
vt 0.9375 27.9375
vt 0.875 27.9375
vt 0.875 26.3125
vt 0.9375 26.3125
vt -28 2.3125
vt -26.25 2.3125
vt -26.375 2.5
vt -27.875 2.5
vt 1.375 26.25
vt 0.875 26.25
vt 0.875 28
vt 1.375 28
vt 1.3125 27.875
vt 0.9375 27.875
vt 0.9375 26.375
vt 1.3125 26.375
vt 27.875 2.5
vt 26.375 2.5
vt 26.25 2.3125
vt 28 2.3125
vt -28 2.25
vt -0.875 28
vt -1.375 28
vt 28 2.25
vt -28.0625 2.0625
vt -27.9375 2.0625
vt -27.9375 2.5
vt -28.0625 2.5
vt -0.3125 27.9375
vt -0.1875 27.9375
vt -0.1875 28.0625
vt -0.3125 28.0625
vt 0.3125 28.0625
vt 0.1875 28.0625
vt 0.1875 27.9375
vt 0.3125 27.9375
vt 28.0625 2.5
vt 27.9375 2.5
vt 27.9375 2.0625
vt 28.0625 2.0625
vt -26.25 2.25
vt -1.375 26.25
vt -0.875 26.25
vt 26.25 2.25
vt -27.0625 2.0625
vt -26.9375 2.0625
vt -26.9375 2.5
vt -27.0625 2.5
vt -0.3125 26.9375
vt -0.1875 26.9375
vt -0.1875 27.0625
vt -0.3125 27.0625
vt 0.3125 27.0625
vt 0.1875 27.0625
vt 0.1875 26.9375
vt 0.3125 26.9375
vt 27.0625 2.5
vt 26.9375 2.5
vt 26.9375 2.0625
vt 27.0625 2.0625
vt -4.375 26.3125
vt -4.3125 26.3125
vt -4.3125 27.9375
vt -4.375 27.9375
vt 4.375 27.9375
vt 4.3125 27.9375
vt 4.3125 26.3125
vt 4.375 26.3125
vt -3.9375 26.3125
vt -3.875 26.3125
vt -3.875 27.9375
vt -3.9375 27.9375
vt 3.9375 27.9375
vt 3.875 27.9375
vt 3.875 26.3125
vt 3.9375 26.3125
vt 4.375 26.25
vt 3.875 26.25
vt 3.875 28
vt 4.375 28
vt 4.3125 27.875
vt 3.9375 27.875
vt 3.9375 26.375
vt 4.3125 26.375
vt -3.875 28
vt -4.375 28
vt -4.1875 27.9375
vt -4.1875 28.0625
vt -4.3125 28.0625
vt 4.3125 28.0625
vt 4.1875 28.0625
vt 4.1875 27.9375
vt -4.375 26.25
vt -3.875 26.25
vt -4.3125 26.9375
vt -4.1875 26.9375
vt -4.1875 27.0625
vt -4.3125 27.0625
vt 4.3125 27.0625
vt 4.1875 27.0625
vt 4.1875 26.9375
vt 4.3125 26.9375
vt 1.625 26.3125
vt 1.6875 26.3125
vt 1.6875 27.9375
vt 1.625 27.9375
vt -1.625 27.9375
vt -1.6875 27.9375
vt -1.6875 26.3125
vt -1.625 26.3125
vt 2.0625 26.3125
vt 2.125 26.3125
vt 2.125 27.9375
vt 2.0625 27.9375
vt -2.0625 27.9375
vt -2.125 27.9375
vt -2.125 26.3125
vt -2.0625 26.3125
vt -1.625 26.25
vt -2.125 26.25
vt -2.125 28
vt -1.625 28
vt -1.6875 27.875
vt -2.0625 27.875
vt -2.0625 26.375
vt -1.6875 26.375
vt 2.125 28
vt 1.625 28
vt 1.8125 27.9375
vt 1.8125 28.0625
vt 1.6875 28.0625
vt -1.6875 28.0625
vt -1.8125 28.0625
vt -1.8125 27.9375
vt 1.625 26.25
vt 2.125 26.25
vt 1.6875 26.9375
vt 1.8125 26.9375
vt 1.8125 27.0625
vt 1.6875 27.0625
vt -1.6875 27.0625
vt -1.8125 27.0625
vt -1.8125 26.9375
vt -1.6875 26.9375
vt -27.9375 -8.75
vt -26.3125 -8.75
vt -26.3125 -8.6875
vt -27.9375 -8.6875
vt 1.375 -8.6875
vt 1.3125 -8.6875
vt 1.3125 -8.75
vt 1.375 -8.75
vt -1.375 -8.75
vt -1.3125 -8.75
vt -1.3125 -8.6875
vt -1.375 -8.6875
vt 27.9375 -8.6875
vt 26.3125 -8.6875
vt 26.3125 -8.75
vt 27.9375 -8.75
vt 0.9375 -8.6875
vt 0.875 -8.6875
vt 0.875 -8.75
vt 0.9375 -8.75
vt -0.9375 -8.75
vt -0.875 -8.75
vt -0.875 -8.6875
vt -0.9375 -8.6875
vt -28 -8.6875
vt -26.25 -8.6875
vt -26.375 -8.5
vt -27.875 -8.5
vt 1.3125 -8.5
vt 0.9375 -8.5
vt -0.9375 -8.5
vt -1.3125 -8.5
vt 27.875 -8.5
vt 26.375 -8.5
vt 26.25 -8.6875
vt 28 -8.6875
vt -28 -8.75
vt 28 -8.75
vt -28.0625 -7.9375
vt -27.9375 -7.9375
vt -27.9375 -7.5
vt -28.0625 -7.5
vt 0.3125 -7.5
vt 0.1875 -7.5
vt 0.1875 -7.9375
vt 0.3125 -7.9375
vt -0.3125 -7.9375
vt -0.1875 -7.9375
vt -0.1875 -7.5
vt -0.3125 -7.5
vt 28.0625 -7.5
vt 27.9375 -7.5
vt 27.9375 -7.9375
vt 28.0625 -7.9375
vt -26.25 -8.75
vt 26.25 -8.75
vt -27.0625 -7.9375
vt -26.9375 -7.9375
vt -26.9375 -7.5
vt -27.0625 -7.5
vt 27.0625 -7.5
vt 26.9375 -7.5
vt 26.9375 -7.9375
vt 27.0625 -7.9375
vt -3.25 -8.625
vt -3.25 -8.375
vt -2.125 -8.625
vt -0.625 0.75
vt 2.125 0.75
vt 2.125 3.25
vt -0.625 3.25
vt 0.625 3.25
vt -2.125 3.25
vt -2.125 0.75
vt 0.625 0.75
vt 3.25 -8.375
vt 3.25 -8.625
vt 4.5 -8.625
vt -1.75 0.75
vt -1.75 3.25
vt 1.75 3.25
vt 1.75 0.75
vt -3.25 -8.5
vt -1.875 0.75
vt -1.875 3.25
vt 1.875 3.25
vt 1.875 0.75
vt 3.25 -8.5
vt 2 -8.5
vt 3.625 -8.375
vt 2 -8.375
vt 5.5 -8.375
vt -2.0625 -3.625
vt -2.0625 -2
vt -5.5 -2
vt 5.5 -2
vt 2.0625 -2
vt 2.0625 -3.625
vt -2.0625 -8.5
vt -2.0625 -8.375
vt -5.5 -8.375
vt -2 -8.375
vt -3.625 -8.375
vt -2.9375 -8.75
vt -2.9375 -8.6875
vt -0.625 -8.6875
vt -0.6875 -8.6875
vt -0.6875 -8.75
vt -0.625 -8.75
vt 0.625 1.3125
vt 0.6875 1.3125
vt 0.6875 2.9375
vt 0.625 2.9375
vt -0.625 2.9375
vt -0.6875 2.9375
vt -0.6875 1.3125
vt -0.625 1.3125
vt 0.625 -8.75
vt 0.6875 -8.75
vt 0.6875 -8.6875
vt 0.625 -8.6875
vt 2.9375 -8.6875
vt 2.9375 -8.75
vt -1.0625 -8.6875
vt -1.125 -8.6875
vt -1.125 -8.75
vt -1.0625 -8.75
vt 1.0625 1.3125
vt 1.125 1.3125
vt 1.125 2.9375
vt 1.0625 2.9375
vt -1.0625 2.9375
vt -1.125 2.9375
vt -1.125 1.3125
vt -1.0625 1.3125
vt 1.0625 -8.75
vt 1.125 -8.75
vt 1.125 -8.6875
vt 1.0625 -8.6875
vt -3 -8.6875
vt -1.25 -8.6875
vt -1.375 -8.5
vt -2.875 -8.5
vt -0.6875 -8.5
vt -1.0625 -8.5
vt -0.625 1.25
vt -1.125 1.25
vt -1.125 3
vt -0.625 3
vt -0.6875 2.875
vt -1.0625 2.875
vt -1.0625 1.375
vt -0.6875 1.375
vt 1.0625 -8.5
vt 0.6875 -8.5
vt 2.875 -8.5
vt 1.25 -8.6875
vt 3 -8.6875
vt -3 -8.75
vt 1.125 3
vt 0.625 3
vt 3 -8.75
vt -3.0625 -7.9375
vt -2.9375 -7.9375
vt -2.9375 -7.5
vt -3.0625 -7.5
vt -0.6875 -7.5
vt -0.8125 -7.5
vt -0.8125 -7.9375
vt -0.6875 -7.9375
vt 0.8125 2.9375
vt 0.8125 3.0625
vt 0.6875 3.0625
vt -0.6875 3.0625
vt -0.8125 3.0625
vt -0.8125 2.9375
vt 0.6875 -7.9375
vt 0.8125 -7.9375
vt 0.8125 -7.5
vt 0.6875 -7.5
vt 3.0625 -7.5
vt 2.9375 -7.5
vt 2.9375 -7.9375
vt 3.0625 -7.9375
vt -1.25 -8.75
vt 0.625 1.25
vt 1.125 1.25
vt 1.25 -8.75
vt -2.0625 -7.9375
vt -1.9375 -7.9375
vt -1.9375 -7.5
vt -2.0625 -7.5
vt 0.6875 1.9375
vt 0.8125 1.9375
vt 0.8125 2.0625
vt 0.6875 2.0625
vt -0.6875 2.0625
vt -0.8125 2.0625
vt -0.8125 1.9375
vt -0.6875 1.9375
vt 2.0625 -7.5
vt 1.9375 -7.5
vt 1.9375 -7.9375
vt 2.0625 -7.9375
vt 2.6875 -8.75
vt 2.6875 -8.6875
vt -1.375 -2.6875
vt -1.3125 -2.6875
vt -1.3125 -1.0625
vt -1.375 -1.0625
vt 1.375 -1.0625
vt 1.3125 -1.0625
vt 1.3125 -2.6875
vt 1.375 -2.6875
vt -2.6875 -8.6875
vt -2.6875 -8.75
vt -0.9375 -2.6875
vt -0.875 -2.6875
vt -0.875 -1.0625
vt -0.9375 -1.0625
vt 0.9375 -1.0625
vt 0.875 -1.0625
vt 0.875 -2.6875
vt 0.9375 -2.6875
vt 1 -8.6875
vt 2.75 -8.6875
vt 1.125 -8.5
vt 1.375 -2.75
vt 0.875 -2.75
vt 0.875 -1
vt 1.375 -1
vt 1.3125 -1.125
vt 0.9375 -1.125
vt 0.9375 -2.625
vt 1.3125 -2.625
vt -1.125 -8.5
vt -2.75 -8.6875
vt -1 -8.6875
vt 1 -8.75
vt -0.875 -1
vt -1.375 -1
vt -1 -8.75
vt 0.9375 -7.9375
vt 1.0625 -7.9375
vt 1.0625 -7.5
vt 0.9375 -7.5
vt -0.3125 -1.0625
vt -0.1875 -1.0625
vt -0.1875 -0.9375
vt -0.3125 -0.9375
vt 0.3125 -0.9375
vt 0.1875 -0.9375
vt 0.1875 -1.0625
vt 0.3125 -1.0625
vt -0.9375 -7.5
vt -1.0625 -7.5
vt -1.0625 -7.9375
vt -0.9375 -7.9375
vt 2.75 -8.75
vt -1.375 -2.75
vt -0.875 -2.75
vt -2.75 -8.75
vt -0.3125 -2.0625
vt -0.1875 -2.0625
vt -0.1875 -1.9375
vt -0.3125 -1.9375
vt 0.3125 -1.9375
vt 0.1875 -1.9375
vt 0.1875 -2.0625
vt 0.3125 -2.0625
vt 2.375 -8.6875
vt 2.3125 -8.6875
vt 2.3125 -8.75
vt 2.375 -8.75
vt -2.375 1.3125
vt -2.3125 1.3125
vt -2.3125 2.9375
vt -2.375 2.9375
vt 2.375 2.9375
vt 2.3125 2.9375
vt 2.3125 1.3125
vt 2.375 1.3125
vt -2.375 -8.75
vt -2.3125 -8.75
vt -2.3125 -8.6875
vt -2.375 -8.6875
vt 1.9375 -8.6875
vt 1.875 -8.6875
vt 1.875 -8.75
vt 1.9375 -8.75
vt -1.9375 1.3125
vt -1.875 1.3125
vt -1.875 2.9375
vt -1.9375 2.9375
vt 1.9375 2.9375
vt 1.875 2.9375
vt 1.875 1.3125
vt 1.9375 1.3125
vt -1.9375 -8.75
vt -1.875 -8.75
vt -1.875 -8.6875
vt -1.9375 -8.6875
vt 2.3125 -8.5
vt 1.9375 -8.5
vt 2.375 1.25
vt 1.875 1.25
vt 2.375 3
vt 2.3125 2.875
vt 1.9375 2.875
vt 1.9375 1.375
vt 2.3125 1.375
vt -1.9375 -8.5
vt -2.3125 -8.5
vt -2.375 3
vt 2.3125 -7.5
vt 2.1875 -7.5
vt 2.1875 -7.9375
vt 2.3125 -7.9375
vt -2.1875 2.9375
vt -2.1875 3.0625
vt -2.3125 3.0625
vt 2.3125 3.0625
vt 2.1875 3.0625
vt 2.1875 2.9375
vt -2.3125 -7.9375
vt -2.1875 -7.9375
vt -2.1875 -7.5
vt -2.3125 -7.5
vt -2.375 1.25
vt -1.875 1.25
vt -2.3125 1.9375
vt -2.1875 1.9375
vt -2.1875 2.0625
vt -2.3125 2.0625
vt 2.3125 2.0625
vt 2.1875 2.0625
vt 2.1875 1.9375
vt 2.3125 1.9375
vt -6.875 1.625
vt -6.25 1.75
vt -6.875 1.75
vt 1.125 1.75
vt 1 1.75
vt 1 1.625
vt 1.125 1.625
vt -1.125 7.25
vt -1 7.25
vt -1 7.875
vt -1.125 7.875
vt 1.125 7.875
vt 1 7.875
vt 1 7.25
vt 1.125 7.25
vt -1.125 1.625
vt -1 1.625
vt -1 1.75
vt -1.125 1.75
vt 6.875 1.75
vt 6.25 1.75
vt 6.875 1.625
vt -6.375 0.5
vt -6.25 1.25
vt -6.375 1.25
vt 1 1.25
vt 1.125 0.5
vt -1 7.375
vt -1.125 7.375
vt 1.125 7.375
vt 1 7.375
vt -1.125 0.5
vt -1 1.25
vt 6.375 1.25
vt 6.25 1.25
vt 6.375 0.5
vt -6.875 0.5
vt -6.75 0.5
vt -6.75 1.25
vt -6.875 1.25
vt -1.125 7.75
vt -1 7.75
vt 1 7.75
vt 1.125 7.75
vt 6.875 1.25
vt 6.75 1.25
vt 6.75 0.5
vt 6.875 0.5
vt -6.875 0.375
vt -6.25 0.375
vt 1 0.375
vt 1.125 0.375
vt -1.125 0.375
vt -1 0.375
vt 6.25 0.375
vt 6.875 0.375
vt -6.75 0.25
vt -6.375 0.25
vt -6.375 0.375
vt -6.75 0.375
vt 6.75 0.375
vt 6.375 0.375
vt 6.375 0.25
vt 6.75 0.25
vt -6.1875 0.5
vt -6.0625 0.5
vt -6.0625 1.25
vt -6.1875 1.25
vt -1.125 6.0625
vt -1 6.0625
vt -1 6.1875
vt -1.125 6.1875
vt 1.125 6.1875
vt 1 6.1875
vt 1 6.0625
vt 1.125 6.0625
vt 6.1875 1.25
vt 6.0625 1.25
vt 6.0625 0.5
vt 6.1875 0.5
vt -6.375 1.625
vt -5.75 1.625
vt -5.75 1.75
vt -6.375 1.75
vt 6.375 1.75
vt 5.75 1.75
vt 5.75 1.625
vt 6.375 1.625
vt -5.875 0.5
vt -5.75 1.25
vt -5.875 1.25
vt 5.875 1.25
vt 5.75 1.25
vt 5.875 0.5
vt -5.75 0.375
vt 5.75 0.375
vt -5.875 0.25
vt -5.875 0.375
vt 5.875 0.375
vt 5.875 0.25
vt -11.875 0.75
vt -12.875 0.75
vt -0.375 0.25
vt -0.25 11.875
vt 0.375 11.875
vt 0.375 12.875
vt -0.25 12.875
vt 0.25 12.875
vt -0.375 12.875
vt -0.375 11.875
vt 0.25 11.875
vt 0.375 0.25
vt 12.875 0.75
vt 11.875 0.75
vt -12.875 0.5
vt -10.75 0.5
vt -10.75 0.625
vt -12.875 0.625
vt -2.9597502 0.625
vt -4.0373363 0.625
vt -4.0373363 0.5
vt -2.9597502 0.5
vt -24 688
vt -64 688
vt -64 824
vt -24 824
vt -2.9597502 12.177256
vt -4.0373363 12.177256
vt -4.0373363 9.6875
vt -2.9597502 9.6875
vt -2.0409484 0.484375
vt -0.963362 0.484375
vt -0.963362 0.609375
vt -2.0409484 0.609375
vt 12.875 0.625
vt 10.75 0.625
vt 10.75 0.5
vt 12.875 0.5
vt -0.375 0.5
vt 24 688
vt 64 688
vt 64 824
vt 24 824
vt 0.375 0.5
vt 1.625 0.75
vt 1.625 0.25
vt 2.25 0.25
vt -2.25 11.875
vt -1.625 11.875
vt -1.625 12.875
vt -2.25 12.875
vt 2.25 12.875
vt 1.625 12.875
vt 1.625 11.875
vt 2.25 11.875
vt -2.25 0.25
vt -1.625 0.25
vt -1.625 0.75
vt 3.0402498 0.625
vt 1.9626637 0.625
vt 1.9626637 0.5
vt 3.0402498 0.5
vt 120 688
vt 80 688
vt 80 824
vt 120 824
vt 3.0402498 14.177256
vt 1.9626637 14.177256
vt 1.9626637 11.6875
vt 3.0402498 11.6875
vt -3.0409484 0.484375
vt -1.9633622 0.484375
vt -1.9633622 0.609375
vt -3.0409484 0.609375
vt 1.625 0.5
vt -120 688
vt -80 688
vt -80 824
vt -120 824
vt -1.625 0.5
vt -2.75 0.75
vt 3.375 11.875
vt 2.75 11.875
vt 2.75 12.875
vt 3.375 12.875
vt -3.375 12.875
vt -2.75 12.875
vt -2.75 11.875
vt -3.375 11.875
vt 2.75 0.75
vt -7.037337 0.625
vt -5.9597507 0.625
vt -5.9597507 0.5
vt -7.037337 0.5
vt -256 688
vt -216 688
vt -216 824
vt -256 824
vt -7.037337 14.177256
vt -5.9597507 14.177256
vt -5.9597507 11.6875
vt -7.037337 11.6875
vt 7.036638 0.484375
vt 5.9590516 0.484375
vt 5.9590516 0.609375
vt 7.036638 0.609375
vt -4 0.5
vt -3.375 0.5
vt -4 0.25
vt 256 688
vt 216 688
vt 216 824
vt 256 824
vt 4 0.25
vt 3.375 0.5
vt 4 0.5
vt 6.25 0.75
vt 5.625 0.75
vt 5.625 0.25
vt -6.25 11.875
vt -5.625 11.875
vt -5.625 12.875
vt -6.25 12.875
vt 6.25 12.875
vt 5.625 12.875
vt 5.625 11.875
vt 6.25 11.875
vt -5.625 0.25
vt -5.625 0.75
vt -6.25 0.75
vt 9.040251 0.625
vt 7.9626646 0.625
vt 7.9626646 0.5
vt 9.040251 0.5
vt 360 688
vt 320 688
vt 320 824
vt 360 824
vt 9.040251 14.177256
vt 7.9626646 14.177256
vt 7.9626646 11.6875
vt 9.040251 11.6875
vt -9.040949 0.484375
vt -7.9633627 0.484375
vt -7.9633627 0.609375
vt -9.040949 0.609375
vt 5.625 0.5
vt 5 0.5
vt -360 688
vt -320 688
vt -320 824
vt -360 824
vt -5 0.5
vt -5.625 0.5
vt -50.5 2
vt -47.5 2
vt -47.5 5.5
vt 14 47.5
vt 14.5 47.5
vt 14.5 50.5
vt 14 50.5
vt -14 50.5
vt -14.5 50.5
vt -14.5 47.5
vt -14 47.5
vt 47.5 5.5
vt 47.5 2
vt 50.5 2
vt -11.875 0.875
vt -12.5 0.8125
vt 3.625 11.875
vt 7.875 12.5
vt 3.625 12.5
vt -3.625 12.5
vt -7.875 12.5
vt -3.625 11.875
vt 11.875 0.875
vt -11.875 1
vt -11.875 1.125
vt -12.5 1.0625
vt 11.875 1.125
vt 11.875 1
vt -11.875 0.4375
vt 7.9375 11.875
vt 7.9375 12.5625
vt 3.625 12.5625
vt -3.625 12.5625
vt -7.9375 12.5625
vt -7.9375 11.875
vt 11.875 0.4375
vt -47.5 6
vt 31.5 47.5
vt 31.5 50.5
vt -31.5 50.5
vt -31.5 47.5
vt 47.5 6
vt -50.5 1
vt -47.5 1
vt 47.5 1
vt 50.5 1
vt 14.5 50.25
vt 31.5 50.25
vt -31.5 50.25
vt -14.5 50.25
vt -1.2500001 4.96875
vt -1.0428933 4.96875
vt -1.0428933 5
vt -1.2500001 5
vt -5 3.2941942
vt -5 1.7032039
vt -4.96875 1.7032039
vt -4.96875 3.2941942
vt -4.0368347 0.59834945
vt -2.4458447 0.59834945
vt -2.4458447 0.8054563
vt -4.0368347 0.80545616
vt -1.2500001 3.2941942
vt -1.2500001 1.7032039
vt -1.0428933 1.7032039
vt -1.0428933 3.2941942
vt 4.96875 3.2941942
vt 4.96875 1.7032039
vt 5 1.7032039
vt 5 3.2941942
vt 1.2500001 5
vt 1.0428933 5
vt 1.0428933 4.96875
vt 1.2500001 4.96875
vt -2.9571066 -5.03125
vt -2.75 -5.03125
vt -2.75 -5
vt -2.9571066 -5
vt -5 -1.2803303
vt -5 0.36871827
vt -5.03125 0.36871827
vt -5.03125 -1.2803303
vt -1.7136118 -2.4900389
vt -0.06456328 -2.4900389
vt -0.064563274 -2.282932
vt -1.7136118 -2.282932
vt -2.75 -1.2803303
vt -2.75 0.36871827
vt -2.9571066 0.36871827
vt -2.9571066 -1.2803303
vt 5.03125 -1.2803303
vt 5.03125 0.36871827
vt 5 0.36871827
vt 5 -1.2803303
vt 2.75 -5.03125
vt 2.9571066 -5.03125
vt 2.9571066 -5
vt 2.75 -5
vt -0.25000006 4.96875
vt -0.04289329 4.96875
vt -0.04289329 5
vt -0.25000006 5
vt -4.329728 -0.10875738
vt -2.7387378 -0.10875732
vt -2.7387378 0.09834945
vt -4.329728 0.09834939
vt -0.25000006 3.2941942
vt -0.25000006 1.7032039
vt -0.04289329 1.7032039
vt -0.04289329 3.2941942
vt 0.25000006 5
vt 0.04289329 5
vt 0.04289329 4.96875
vt 0.25000006 4.96875
vt -2.9571068 -5.03125
vt -2.9571068 -5
vt -5 -1.2803302
vt -5.03125 -1.2803302
vt -2.1555533 -3.020369
vt -0.50650483 -3.020369
vt -0.50650483 -2.8132622
vt -2.1555533 -2.8132622
vt -2.75 -1.2803302
vt -2.9571068 0.36871827
vt -2.9571068 -1.2803302
vt 5.03125 -1.2803302
vt 5 -1.2803302
vt 2.9571068 -5.03125
vt 2.9571068 -5
vt -0.04289323 4.96875
vt -0.04289323 5
vt -5 1.5125632
vt -4.96875 1.5125632
vt -4.6832814 0.24479604
vt -2.9016504 0.2447961
vt -2.9016504 0.45190287
vt -4.6832814 0.45190275
vt -0.25000006 1.5125632
vt -0.04289323 1.5125632
vt -0.04289323 3.2941942
vt 4.96875 1.5125632
vt 5 1.5125632
vt 0.04289323 5
vt 0.04289323 4.96875
vt 2.7500002 4.96875
vt 2.9571068 4.96875
vt 2.9571068 5
vt 2.7500002 5
vt -5 0.2941941
vt -5 -1.2967961
vt -4.96875 -1.2967961
vt -4.96875 0.2941941
vt -0.081883594 -2.2248738
vt 1.5091066 -2.2248738
vt 1.5091066 -2.017767
vt -0.08188361 -2.0177672
vt 2.7500002 0.2941941
vt 2.7500002 -1.2967961
vt 2.9571068 -1.2967961
vt 2.9571068 0.2941941
vt 4.96875 0.2941941
vt 4.96875 -1.2967961
vt 5 -1.2967961
vt 5 0.2941941
vt -2.7500002 5
vt -2.9571068 5
vt -2.9571068 4.96875
vt -2.7500002 4.96875
vt 1.0428934 -5.03125
vt 1.2500001 -5.03125
vt 1.2500001 -5
vt 1.0428934 -5
vt -5 2.7196696
vt -5 4.368718
vt -5.03125 4.368718
vt -5.03125 2.7196696
vt 2.2413397 1.6867375
vt 3.890388 1.6867374
vt 3.890388 1.8938442
vt 2.2413397 1.8938442
vt 1.2500001 2.7196696
vt 1.2500001 4.368718
vt 1.0428934 4.368718
vt 1.0428934 2.7196696
vt 5.03125 2.7196696
vt 5.03125 4.368718
vt 5 4.368718
vt 5 2.7196696
vt -1.2500001 -5.03125
vt -1.0428934 -5.03125
vt -1.0428934 -5
vt -1.2500001 -5
vt 2.75 4.96875
vt 2.75 5
vt 0.6252233 -2.9319806
vt 2.2162135 -2.9319806
vt 2.2162135 -2.7248738
vt 0.6252233 -2.7248738
vt 2.75 0.2941941
vt 2.75 -1.2967961
vt -2.75 5
vt -2.75 4.96875
vt 1.042893 -5.03125
vt 1.2499998 -5.03125
vt 1.2499998 -5
vt 1.042893 -5
vt -5 2.7196698
vt -5.03125 2.7196698
vt 1.7993982 1.1564076
vt 3.4484468 1.1564076
vt 3.4484468 1.3635143
vt 1.7993982 1.3635144
vt 1.2499998 2.7196698
vt 1.2499998 4.368718
vt 1.042893 4.368718
vt 1.042893 2.7196698
vt 5.03125 2.7196698
vt 5 2.7196698
vt -1.2499998 -5.03125
vt -1.042893 -5.03125
vt -1.042893 -5
vt -1.2499998 -5
vt 2.957107 4.96875
vt 2.957107 5
vt -5 -1.3990486
vt -4.96875 -1.3990486
vt 0.27166972 -2.5784273
vt 1.9649124 -2.578427
vt 1.9649124 -2.3713205
vt 0.2716697 -2.3713205
vt 2.7500002 -1.3990486
vt 2.957107 -1.3990486
vt 2.957107 0.2941941
vt 4.96875 -1.3990486
vt 5 -1.3990486
vt -2.957107 5
vt -2.957107 4.96875
vt -3.3749986 -30.8125
vt 0.37500134 -30.8125
vt 0.3750013 -30.6875
vt -3.3749986 -30.6875
vt -4.5454946 -13.854223
vt -0.79549444 -13.854223
vt -0.79549444 -13.765835
vt -4.5454946 -13.765835
vt -0.088387154 -29.940903
vt -0.088387154 -29.852514
vt -3.8383873 -29.852514
vt -3.8383873 -29.940903
vt -4.2500005 11.0625
vt -4.2500005 10.9375
vt -0.5000005 10.9375
vt -0.5000005 11.0625
vt -29.8125 -11.875001
vt -29.75 -11.812501
vt -29.75 -11.687501
vt -29.8125 -11.625001
vt -29.9375 -11.625001
vt -30 -11.687501
vt -30 -11.812501
vt -29.9375 -11.875001
vt -30.9375 11.124999
vt -31 11.062499
vt -31 10.937499
vt -30.9375 10.874999
vt -30.8125 10.874999
vt -30.75 10.937499
vt -30.75 11.062499
vt -30.8125 11.124999
vt 0.5000005 -11.8125
vt 0.5000005 -11.6875
vt -3.2499995 -11.6875
vt -3.2499995 -11.8125
vt -3.6616127 29.190903
vt -3.6616127 29.102514
vt 0.088387154 29.102514
vt 0.088387154 29.190903
vt 0.79549444 13.015835
vt 0.79549444 13.104223
vt -2.9545054 13.104223
vt -2.9545054 13.015835
vt -4.1250014 29.9375
vt -0.3750013 29.9375
vt -0.37500134 30.0625
vt -4.1250014 30.0625
vt -2.6249974 -61.875
vt -2.6249986 -29.875
vt -2.7499986 -29.875
vt -2.7499974 -61.875
vt -3.8750005 12.625
vt -3.8750005 11.125
vt -3.7500005 11.125
vt -3.7500005 12.625
vt -29.5 -13.125001
vt -29.5 -11.625001
vt -61.5 -11.625003
vt -61.5 -13.125003
vt -62.5 11.874997
vt -62.5 10.374997
vt -30.5 10.374999
vt -30.5 11.874999
vt -2.7499995 -12.375
vt -2.7499995 -10.875
vt -2.8749995 -10.875
vt -2.8749995 -12.375
vt -4.000003 62.125
vt -4.0000014 30.125
vt -3.8750014 30.125
vt -3.8750026 62.125
vt -0.37499732 -61.75
vt -0.3749987 -29.75
vt -0.4999987 -29.75
vt -0.49999726 -61.75
vt -1.6250006 12.75
vt -1.6250005 11.25
vt -1.5000005 11.25
vt -1.5000006 12.75
vt -0.49999946 -12.25
vt -0.49999952 -10.75
vt -0.6249995 -10.75
vt -0.6249994 -12.25
vt -1.7500027 62.25
vt -1.7500013 30.25
vt -1.6250013 30.25
vt -1.6250027 62.25
vt -3.81066 -13.323894
vt -0.060659796 -13.323893
vt -0.0606598 -13.235504
vt -3.81066 -13.235505
vt 0.17677724 -30.471231
vt 0.17677724 -30.382845
vt -3.5732226 -30.382845
vt -3.5732226 -30.471233
vt -3.6250005 11.8125
vt -3.6250005 11.6875
vt 0.12499947 11.6875
vt 0.12499946 11.8125
vt -30.4375 -12.625001
vt -30.375 -12.562501
vt -30.375 -12.437501
vt -30.4375 -12.375001
vt -30.5625 -12.375001
vt -30.625 -12.437501
vt -30.625 -12.562501
vt -30.5625 -12.625001
vt -30.3125 11.874999
vt -30.375 11.812499
vt -30.375 11.687499
vt -30.3125 11.624999
vt -30.1875 11.624999
vt -30.125 11.687499
vt -30.125 11.812499
vt -30.1875 11.874999
vt -0.12499946 -12.5625
vt -0.12499947 -12.4375
vt -3.8749995 -12.4375
vt -3.8749995 -12.5625
vt -3.9267774 29.721231
vt -3.9267774 29.632843
vt -0.17677724 29.632845
vt -0.17677724 29.721231
vt 0.0606598 12.485504
vt 0.060659796 12.573893
vt -3.68934 12.573893
vt -3.68934 12.485504
vt -1.8749974 -62.5
vt -1.8749986 -30.5
vt -1.9999986 -30.5
vt -1.9999974 -62.5
vt -3.1250005 12
vt -3.1250005 10.5
vt -3.0000005 10.5
vt -3.0000005 12
vt -1.9999995 -13
vt -1.9999995 -11.5
vt -2.1249995 -11.5
vt -2.1249995 -13
vt -3.2500026 61.5
vt -3.2500014 29.5
vt -3.1250014 29.5
vt -3.1250026 61.5
vt -1.1249973 -62.125
vt -1.1249987 -30.125
vt -1.2499987 -30.125
vt -1.2499973 -62.125
vt -2.3750005 12.375
vt -2.3750005 10.875
vt -2.2500005 10.875
vt -2.2500005 12.375
vt -1.2499994 -12.625
vt -1.2499995 -11.125
vt -1.3749995 -11.125
vt -1.3749994 -12.625
vt -2.5000029 61.875
vt -2.5000014 29.875
vt -2.3750014 29.875
vt -2.3750029 61.875
vt -3.7499974 -62.0625
vt 2.6964465e-06 -62.0625
vt 2.6909825e-06 -61.9375
vt -3.7499974 -61.9375
vt -2.762116 -35.42098
vt 0.98788416 -35.42098
vt 0.98788416 -35.332592
vt -2.762116 -35.332592
vt 0.22532119 -52.568317
vt 0.22532119 -52.47993
vt -3.5246787 -52.47993
vt -3.5246787 -52.56832
vt -61.6875 -12.250003
vt -61.625 -12.187503
vt -61.625 -12.062503
vt -61.6875 -12.000003
vt -61.8125 -12.000003
vt -61.875 -12.062503
vt -61.875 -12.187503
vt -61.8125 -12.250003
vt -61.5625 12.249997
vt -61.625 12.187497
vt -61.625 12.062497
vt -61.5625 11.999997
vt -61.4375 11.999997
vt -61.375 12.062497
vt -61.375 12.187497
vt -61.4375 12.249997
vt -3.9753213 51.818317
vt -3.9753213 51.72993
vt -0.22532119 51.72993
vt -0.22532119 51.818317
vt -0.98788416 34.582592
vt -0.98788416 34.67098
vt -4.737884 34.67098
vt -4.737884 34.582592
vt -3.7500026 61.1875
vt -2.6909825e-06 61.1875
vt -2.6964465e-06 61.3125
vt -3.7500026 61.3125
vt -3.4969504 -35.95131
vt 0.2530495 -35.95131
vt 0.2530495 -35.862923
vt -3.4969504 -35.862923
vt 0.96015584 -52.03799
vt 0.96015584 -51.9496
vt -2.7898443 -51.9496
vt -2.7898443 -52.03799
vt -61.0625 -11.500003
vt -61 -11.437503
vt -61 -11.312503
vt -61.0625 -11.250003
vt -61.1875 -11.250003
vt -61.25 -11.312503
vt -61.25 -11.437503
vt -61.1875 -11.500003
vt -62.1875 11.499997
vt -62.25 11.437497
vt -62.25 11.312497
vt -62.1875 11.249997
vt -62.0625 11.249997
vt -62 11.312497
vt -62 11.437497
vt -62.0625 11.499997
vt -4.7101555 51.28799
vt -4.7101555 51.1996
vt -0.96015584 51.1996
vt -0.96015584 51.28799
vt -0.2530495 35.112923
vt -0.2530495 35.20131
vt -4.00305 35.20131
vt -4.00305 35.112923
vt -3.3749974 -58.8125
vt 0.37500256 -58.8125
vt 0.37500256 -58.6875
vt -3.3749974 -58.6875
vt -3.2265816 -37.49205
vt 0.5234183 -37.49205
vt 0.52341825 -37.40366
vt -3.2265816 -37.40366
vt 0.39169103 -44.90106
vt 0.39169103 -44.81267
vt -3.358309 -44.81267
vt -3.358309 -44.901062
vt -4 5.5625
vt -4 5.4375
vt -0.25 5.4375
vt -0.25 5.5625
vt -58.0625 -5.3750024
vt -58 -5.3125024
vt -58 -5.1875024
vt -58.0625 -5.1250024
vt -58.1875 -5.1250024
vt -58.25 -5.1875024
vt -58.25 -5.3125024
vt -58.1875 -5.3750024
vt -58.6875 5.6249976
vt -58.75 5.5624976
vt -58.75 5.4374976
vt -58.6875 5.3749976
vt -58.5625 5.3749976
vt -58.5 5.4374976
vt -58.5 5.5624976
vt -58.5625 5.6249976
vt 0.25 -5.3125
vt 0.25 -5.1875
vt -3.5 -5.1875
vt -3.5 -5.3125
vt -4.141691 45.15106
vt -4.141691 45.06267
vt -0.39169115 45.06267
vt -0.39169115 45.15106
vt -0.52341837 37.65366
vt -0.5234184 37.74205
vt -4.2734184 37.74205
vt -4.2734184 37.65366
vt -4.1250024 57.9375
vt -0.37500244 57.9375
vt -0.37500244 58.0625
vt -4.1250024 58.0625
vt 59.375 -3.1249948
vt 30.625 -3.1249974
vt 30.625 -3.2499974
vt 59.375 -3.2499948
vt 5.75 3.5
vt 4.25 3.375
vt 5.75 3.375
vt -29.75 -6.6250014
vt -29.75 -5.1250014
vt -58.5 -5.1250024
vt -58.5 -6.6250024
vt -59 6.3749976
vt -59 4.8749976
vt -30.25 4.8749986
vt -30.25 6.3749986
vt -5.75 3.375
vt -4.25 3.375
vt -5.75 3.5
vt -59.375 -3.2500052
vt -30.625 -3.2500026
vt -30.625 -3.1250026
vt -59.375 -3.1250052
vt 59.375 -0.7499949
vt 30.625 -0.7499974
vt 30.625 -0.8749974
vt 59.375 -0.8749949
vt 5.75 1.375
vt 4.25 1.375
vt 4.25 1.25
vt -4.25 1.25
vt -4.25 1.375
vt -5.75 1.375
vt -59.375 -0.8750051
vt -30.625 -0.8750026
vt -30.625 -0.7500026
vt -59.375 -0.7500051
vt -3.491747 -36.961716
vt 0.25825292 -36.961716
vt 0.25825292 -36.873325
vt -3.491747 -36.873325
vt 0.65685445 -45.431385
vt 0.65685445 -45.343
vt -3.0931456 -45.343
vt -3.0931456 -45.431385
vt -3.375 6.3125
vt -3.375 6.1875
vt 0.37499997 6.1875
vt 0.37499997 6.3125
vt -58.6875 -6.1250024
vt -58.625 -6.0625024
vt -58.625 -5.9375024
vt -58.6875 -5.8750024
vt -58.8125 -5.8750024
vt -58.875 -5.9375024
vt -58.875 -6.0625024
vt -58.8125 -6.1250024
vt -58.0625 6.3749976
vt -58.125 6.3124976
vt -58.125 6.1874976
vt -58.0625 6.1249976
vt -57.9375 6.1249976
vt -57.875 6.1874976
vt -57.875 6.3124976
vt -57.9375 6.3749976
vt -0.37499997 -6.0625
vt -0.37499997 -5.9375
vt -4.125 -5.9375
vt -4.125 -6.0625
vt -4.4068546 45.681385
vt -4.4068546 45.593
vt -0.65685457 45.593
vt -0.65685457 45.681385
vt -0.25825304 37.123325
vt -0.25825304 37.211716
vt -4.008253 37.211716
vt -4.008253 37.123325
vt 59.375 -2.9999948
vt 30.625 -2.9999974
vt 5.75 2.125
vt 4.25 2.125
vt 4.25 2
vt 5.75 2
vt -5.75 2
vt -4.25 2
vt -4.25 2.125
vt -5.75 2.125
vt -30.625 -3.0000026
vt -59.375 -3.0000052
vt 59.375 -1.8749949
vt 30.625 -1.8749974
vt 30.625 -1.9999974
vt 59.375 -1.9999949
vt 4.25 1.75
vt 4.25 1.625
vt -4.25 1.625
vt -4.25 1.75
vt -59.375 -2.0000052
vt -30.625 -2.0000026
vt -30.625 -1.8750026
vt -59.375 -1.8750051
vt -4.3749986 -30.8125
vt -0.62499857 -30.8125
vt -0.62499857 -30.6875
vt -4.3749986 -30.6875
vt -4.1260777 -17.693058
vt -0.3760776 -17.693056
vt -0.3760776 -17.60467
vt -4.1260777 -17.60467
vt -0.50780576 -25.102066
vt -0.50780576 -25.013678
vt -4.257806 -25.013678
vt -4.257806 -25.102066
vt -30.0625 -5.3750014
vt -30 -5.3125014
vt -30 -5.1875014
vt -30.0625 -5.1250014
vt -30.1875 -5.1250014
vt -30.25 -5.1875014
vt -30.25 -5.3125014
vt -30.1875 -5.3750014
vt -30.6875 5.6249986
vt -30.75 5.5624986
vt -30.75 5.4374986
vt -30.6875 5.3749986
vt -30.5625 5.3749986
vt -30.5 5.4374986
vt -30.5 5.5624986
vt -30.5625 5.6249986
vt -3.2421942 25.352066
vt -3.2421942 25.263678
vt 0.50780576 25.263678
vt 0.50780576 25.352066
vt 0.3760776 17.85467
vt 0.3760776 17.943056
vt -3.3739223 17.943056
vt -3.3739223 17.854668
vt -3.1250014 29.9375
vt 0.6249987 29.9375
vt 0.6249987 30.0625
vt -3.1250014 30.0625
vt -4.391242 -17.16273
vt -0.64124197 -17.16273
vt -0.64124197 -17.07434
vt -4.391242 -17.07434
vt -0.24263948 -25.632399
vt -0.24263948 -25.54401
vt -3.9926395 -25.54401
vt -3.9926395 -25.632399
vt -30.6875 -6.1250014
vt -30.625 -6.0625014
vt -30.625 -5.9375014
vt -30.6875 -5.8750014
vt -30.8125 -5.8750014
vt -30.875 -5.9375014
vt -30.875 -6.0625014
vt -30.8125 -6.1250014
vt -30.0625 6.3749986
vt -30.125 6.3124986
vt -30.125 6.1874986
vt -30.0625 6.1249986
vt -29.9375 6.1249986
vt -29.875 6.1874986
vt -29.875 6.3124986
vt -29.9375 6.3749986
vt -3.5073605 25.882399
vt -3.5073605 25.79401
vt 0.24263948 25.79401
vt 0.24263948 25.882399
vt 0.64124197 17.32434
vt 0.64124197 17.41273
vt -3.108758 17.41273
vt -3.108758 17.32434
vt -3.2265816 -42.492046
vt 0.52341837 -42.492046
vt 0.52341837 -42.40366
vt -3.2265816 -42.40366
vt 0.39169106 -40.90106
vt 0.39169106 -40.812668
vt -3.358309 -40.812668
vt -3.358309 -40.90106
vt -4 -1.4375001
vt -4 -1.5625001
vt -0.24999996 -1.5625
vt -0.24999996 -1.4375
vt -58.0625 0.62499744
vt -58 0.6874975
vt -58 0.8124975
vt -58.0625 0.8749975
vt -58.1875 0.8749975
vt -58.25 0.8124975
vt -58.25 0.6874975
vt -58.1875 0.62499744
vt -58.6875 -1.3750025
vt -58.75 -1.4375025
vt -58.75 -1.5625025
vt -58.6875 -1.6250025
vt -58.5625 -1.6250025
vt -58.5 -1.5625025
vt -58.5 -1.4375025
vt -58.5625 -1.3750025
vt 0.24999996 0.6875
vt 0.24999996 0.8125
vt -3.5 0.8124999
vt -3.5 0.6874999
vt -4.141691 40.15106
vt -4.141691 40.062668
vt -0.39169106 40.062668
vt -0.39169106 40.15106
vt -0.52341837 41.65366
vt -0.52341837 41.742046
vt -4.2734184 41.742046
vt -4.2734184 41.65366
vt -4.125003 57.9375
vt -0.37500256 57.9375
vt -0.37500256 58.0625
vt -4.125003 58.0625
vt -0.25 3.5
vt -1.75 3.5
vt -1.75 3.375
vt -0.25 3.375
vt -29.75 -0.6250013
vt -29.75 0.8749987
vt -58.5 0.8749974
vt -58.5 -0.62500256
vt -59 -0.62500256
vt -59 -2.1250026
vt -30.25 -2.1250014
vt -30.25 -0.6250013
vt 0.25 3.375
vt 1.75 3.375
vt 1.75 3.5
vt 0.25 3.5
vt -0.25 1.375
vt -1.75 1.375
vt -1.75 1.25
vt -0.25 1.25
vt 0.25 1.25
vt 1.75 1.25
vt 1.75 1.375
vt 0.25 1.375
vt -3.491747 -41.96172
vt 0.258253 -41.961716
vt 0.258253 -41.87333
vt -3.491747 -41.87333
vt 0.6568545 -41.43139
vt 0.6568545 -41.343
vt -3.0931454 -41.343
vt -3.0931454 -41.43139
vt -3.375 -0.6875002
vt -3.375 -0.8125002
vt 0.37500003 -0.8125
vt 0.375 -0.6875
vt -58.6875 -0.12500255
vt -58.625 -0.06250253
vt -58.625 0.062497467
vt -58.6875 0.12499744
vt -58.8125 0.12499744
vt -58.875 0.062497437
vt -58.875 -0.06250256
vt -58.8125 -0.12500255
vt -58.0625 -0.62500256
vt -58.125 -0.68750256
vt -58.125 -0.81250256
vt -58.0625 -0.87500256
vt -57.9375 -0.87500256
vt -57.875 -0.8125025
vt -57.875 -0.6875025
vt -57.9375 -0.62500256
vt -0.375 -0.0625
vt -0.37500003 0.0625
vt -4.125 0.06249982
vt -4.125 -0.06250018
vt -4.4068546 40.68139
vt -4.4068546 40.593
vt -0.6568545 40.593
vt -0.6568545 40.68139
vt -0.258253 41.12333
vt -0.258253 41.211716
vt -4.008253 41.211716
vt -4.008253 41.12333
vt -0.25 2.125
vt -1.75 2.125
vt -1.75 2
vt -0.25 2
vt 0.25 2
vt 1.75 2
vt 1.75 2.125
vt 0.25 2.125
vt -0.25 1.75
vt -1.75 1.75
vt -1.75 1.625
vt -0.25 1.625
vt 0.25 1.625
vt 1.75 1.625
vt 1.75 1.75
vt 0.25 1.75
vt -0.6249987 -30.8125
vt -0.6249987 -30.6875
vt -4.1260777 -22.693058
vt -0.37607762 -22.693058
vt -0.37607762 -22.60467
vt -4.1260777 -22.60467
vt -0.5078059 -21.102068
vt -0.5078059 -21.01368
vt -4.257806 -21.01368
vt -4.257806 -21.102068
vt -30.0625 1.6249987
vt -30 1.6874987
vt -30 1.8124987
vt -30.0625 1.8749987
vt -30.1875 1.8749987
vt -30.25 1.8124987
vt -30.25 1.6874987
vt -30.1875 1.6249987
vt -30.6875 -0.3750013
vt -30.75 -0.4375013
vt -30.75 -0.5625013
vt -30.6875 -0.6250013
vt -30.5625 -0.6250013
vt -30.5 -0.5625013
vt -30.5 -0.4375013
vt -30.5625 -0.3750013
vt -3.2421942 20.352068
vt -3.2421942 20.26368
vt 0.5078059 20.26368
vt 0.5078059 20.352068
vt 0.37607762 21.85467
vt 0.37607762 21.943058
vt -3.3739223 21.943058
vt -3.3739223 21.85467
vt -4.391242 -22.162727
vt -0.641242 -22.162727
vt -0.641242 -22.074339
vt -4.391242 -22.074339
vt -0.24263957 -21.632397
vt -0.24263957 -21.54401
vt -3.9926395 -21.54401
vt -3.9926395 -21.632399
vt -30.6875 0.8749987
vt -30.625 0.9374987
vt -30.625 1.0624987
vt -30.6875 1.1249987
vt -30.8125 1.1249987
vt -30.875 1.0624987
vt -30.875 0.9374987
vt -30.8125 0.8749987
vt -30.0625 0.37499866
vt -30.125 0.31249866
vt -30.125 0.18749866
vt -30.0625 0.12499869
vt -29.9375 0.12499869
vt -29.875 0.18749869
vt -29.875 0.3124987
vt -29.9375 0.3749987
vt -3.5073605 20.882397
vt -3.5073605 20.794008
vt 0.24263957 20.79401
vt 0.24263957 20.882397
vt 0.641242 21.324339
vt 0.641242 21.412727
vt -3.108758 21.412727
vt -3.108758 21.324339
vt -3.624998 -46.3125
vt 0.12500201 -46.3125
vt 0.125002 -46.1875
vt -3.624998 -46.1875
vt -3.7014544 -37.5423
vt 0.048545554 -37.5423
vt 0.04854555 -37.45391
vt -3.7014544 -37.45391
vt 0.027728342 -28.173136
vt 0.027728338 -28.084747
vt -3.7222717 -28.084747
vt -3.7222717 -28.173136
vt -3.2499998 -6.9375
vt -3.2499998 -7.0625
vt 0.5000003 -7.0625
vt 0.5000003 -6.9375
vt -46.3125 6.374998
vt -46.25 6.437498
vt -46.25 6.562498
vt -46.3125 6.624998
vt -46.4375 6.624998
vt -46.5 6.562498
vt -46.5 6.437498
vt -46.4375 6.374998
vt -45.4375 -6.625002
vt -45.5 -6.687502
vt -45.5 -6.812502
vt -45.4375 -6.875002
vt -45.3125 -6.875002
vt -45.25 -6.812502
vt -45.25 -6.687502
vt -45.3125 -6.625002
vt -0.5000003 6.1875
vt -0.5000003 6.3125
vt -4.25 6.3125
vt -4.25 6.1875
vt -3.7777283 27.423136
vt -3.7777283 27.334747
vt -0.027728338 27.334747
vt -0.027728342 27.423136
vt -0.04854555 36.70391
vt -0.048545554 36.7923
vt -3.7985456 36.7923
vt -3.7985456 36.70391
vt -3.875002 45.4375
vt -0.125002 45.4375
vt -0.12500201 45.5625
vt -3.875002 45.5625
vt -3.8749974 -61.875
vt -3.874998 -45.375
vt -3.999998 -45.375
vt -3.9999974 -61.875
vt -2.8749998 -5.375
vt -2.8749998 -6.875
vt -2.7499998 -6.875
vt -2.7499998 -5.375
vt -46 6.124998
vt -46 7.624998
vt -62.5 7.624997
vt -62.5 6.124997
vt -61.5 -4.875003
vt -61.5 -6.375003
vt -45 -6.375002
vt -45 -4.875002
vt -3.7500002 5.625
vt -3.7500002 7.125
vt -3.8750002 7.125
vt -3.8750002 5.625
vt -2.7500026 62.125
vt -2.750002 45.625
vt -2.625002 45.625
vt -2.6250026 62.125
vt -1.6249974 -61.75
vt -1.6249981 -45.25
vt -1.749998 -45.25
vt -1.7499973 -61.75
vt -0.62499976 -5.25
vt -0.62499964 -6.75
vt -0.4999997 -6.75
vt -0.49999976 -5.25
vt -1.5000002 5.75
vt -1.5000004 7.25
vt -1.6250004 7.25
vt -1.6250002 5.75
vt -0.50000274 62.25
vt -0.500002 45.75
vt -0.37500203 45.75
vt -0.37500274 62.25
vt -3.9666197 -37.01197
vt -0.2166198 -37.01197
vt -0.2166198 -36.92358
vt -3.9666197 -36.92358
vt 0.2928937 -28.703465
vt 0.29289368 -28.615078
vt -3.4571064 -28.615078
vt -3.4571064 -28.703466
vt -3.6249998 -6.1875
vt -3.6249998 -6.3125
vt 0.12500025 -6.3125
vt 0.12500025 -6.1875
vt -45.9375 5.624998
vt -45.875 5.687498
vt -45.875 5.812498
vt -45.9375 5.874998
vt -46.0625 5.874998
vt -46.125 5.812498
vt -46.125 5.687498
vt -46.0625 5.624998
vt -45.8125 -5.875002
vt -45.875 -5.937502
vt -45.875 -6.062502
vt -45.8125 -6.125002
vt -45.6875 -6.125002
vt -45.625 -6.062502
vt -45.625 -5.937502
vt -45.6875 -5.875002
vt -0.12500025 5.4375
vt -0.12500025 5.5625
vt -3.8750002 5.5625
vt -3.8750002 5.4375
vt -4.0428934 27.953465
vt -4.0428934 27.865076
vt -0.29289368 27.865078
vt -0.2928937 27.953465
vt 0.2166198 36.17358
vt 0.2166198 36.26197
vt -3.5333803 36.26197
vt -3.5333803 36.17358
vt -3.1249974 -62.5
vt -3.124998 -46
vt -3.249998 -46
vt -3.2499974 -62.5
vt -2.1249998 -6
vt -2.1249998 -7.5
vt -1.9999998 -7.5
vt -1.9999998 -6
vt -3.0000002 5
vt -3.0000002 6.5
vt -3.1250002 6.5
vt -3.1250002 5
vt -2.0000026 61.5
vt -2.000002 45
vt -1.8750019 45
vt -1.8750026 61.5
vt -2.3749971 -62.125
vt -2.374998 -45.625
vt -2.499998 -45.625
vt -2.4999971 -62.125
vt -1.3749998 -5.625
vt -1.3749996 -7.125
vt -1.2499996 -7.125
vt -1.2499998 -5.625
vt -2.2500002 5.375
vt -2.2500005 6.875
vt -2.3750005 6.875
vt -2.3750002 5.375
vt -1.2500027 61.875
vt -1.250002 45.375
vt -1.125002 45.375
vt -1.1250027 61.875
vt -3.398153 -48.148903
vt 0.35184687 -48.148903
vt 0.35184687 -48.060513
vt -3.398153 -48.060513
vt 0.8613604 -39.840397
vt 0.8613604 -39.75201
vt -2.8886397 -39.75201
vt -2.8886397 -39.840397
vt -61.6875 5.749997
vt -61.625 5.812497
vt -61.625 5.937497
vt -61.6875 5.999997
vt -61.8125 5.999997
vt -61.875 5.937497
vt -61.875 5.812497
vt -61.8125 5.749997
vt -61.5625 -5.750003
vt -61.625 -5.812503
vt -61.625 -5.937503
vt -61.5625 -6.000003
vt -61.4375 -6.000003
vt -61.375 -5.937503
vt -61.375 -5.812503
vt -61.4375 -5.750003
vt -4.6113605 39.090397
vt -4.6113605 39.00201
vt -0.8613604 39.00201
vt -0.8613604 39.090397
vt -0.35184687 47.310513
vt -0.35184687 47.398903
vt -4.1018467 47.398903
vt -4.1018467 47.310513
vt -3.1329896 -48.679234
vt 0.6170103 -48.679234
vt 0.6170103 -48.590843
vt -3.1329896 -48.590843
vt 0.59619504 -39.310066
vt 0.596195 -39.22168
vt -3.153805 -39.22168
vt -3.153805 -39.310066
vt -62.0625 6.499997
vt -62 6.562497
vt -62 6.687497
vt -62.0625 6.749997
vt -62.1875 6.749997
vt -62.25 6.687497
vt -62.25 6.562497
vt -62.1875 6.499997
vt -61.1875 -6.500003
vt -61.25 -6.562503
vt -61.25 -6.687503
vt -61.1875 -6.750003
vt -61.0625 -6.750003
vt -61 -6.687503
vt -61 -6.562503
vt -61.0625 -6.500003
vt -4.346195 38.560066
vt -4.346195 38.47168
vt -0.596195 38.47168
vt -0.59619504 38.560066
vt -0.6170103 47.840843
vt -0.6170103 47.929234
vt -4.36701 47.929234
vt -4.36701 47.840843
vt 8.75 -10.125
vt 8.75 -9.25
vt 8.5 -9.25
vt 8.5 -10.125
vt 8.5 1.5
vt 8.5 -0.625
vt 8.75 -0.625
vt 8.75 1.5
vt 9.25 1.499999
vt 9.25 -0.62500095
vt 10.125 -0.62500095
vt 10.125 1.499999
vt -10.125 1.499999
vt -10.125 -0.62500095
vt -9.25 -0.62500095
vt -9.25 1.499999
vt -8.75 1.5
vt -8.75 -0.625
vt -8.5 -0.625
vt -8.5 1.5
vt -8.5 -10.125
vt -8.5 -9.25
vt -8.75 -9.25
vt -8.75 -10.125
vt 9.749999 -10.125
vt 9.749999 -9.25
vt 9.499999 -9.25
vt 9.499999 -10.125
vt 9.5 1.5
vt 9.5 -0.625
vt 9.75 -0.625
vt 9.75 1.5
vt 9.25 1.5
vt 9.25 -0.625
vt 10.125 -0.625
vt 10.125 1.5
vt -10.125 1.5
vt -10.125 -0.625
vt -9.25 -0.625
vt -9.25 1.5
vt -9.75 1.5
vt -9.75 -0.625
vt -9.5 -0.625
vt -9.5 1.5
vt -9.5 -10.125
vt -9.5 -9.25
vt -9.75 -9.25
vt -9.75 -10.125
vt 9.875 -10.125
vt 9.875 -9.25
vt 7.875 -9.25
vt 7.875 -10.125
vt 7.875 1.75
vt 7.875 1.5
vt 9.875 1.5
vt 9.875 1.75
vt 9.25 1.75
vt 10.125 1.75
vt -10.125 1.75
vt -9.25 1.75
vt -9.875 1.75
vt -9.875 1.5
vt -7.875 1.5
vt -7.875 1.75
vt -7.875 -10.125
vt -7.875 -9.25
vt -9.875 -9.25
vt -9.875 -10.125
vt 9.624999 -10.125
vt 9.624999 -9.25
vt 8.124999 -9.25
vt 8.124999 -10.125
vt 8.125 -0.3750019
vt 8.125 -0.6250019
vt 9.625 -0.6250019
vt 9.625 -0.3750019
vt 9.25 -0.375
vt 10.125 -0.375
vt -10.125 -0.37500095
vt -9.25 -0.37500095
vt -9.625 -0.3750019
vt -9.625 -0.6250019
vt -8.125 -0.6250019
vt -8.125 -0.3750019
vt -8.125 -10.125
vt -8.125 -9.25
vt -9.625 -9.25
vt -9.625 -10.125
vt -6.125 -7.500001
vt -6.125 -9.624965
vt -5.25 -9.624965
vt -5.25 -7.500001
vt 4.75 -5.25
vt 4.5 -5.25
vt 4.5 -6.125
vt 4.75 -6.125
vt 4.75 -7.5
vt 4.5 -7.5
vt 4.5 -9.624964
vt 4.75 -9.625002
vt -4.75 -9.625002
vt -4.5 -9.624964
vt -4.5 -7.5
vt -4.75 -7.5
vt -4.75 -6.125
vt -4.5 -6.125
vt -4.5 -5.25
vt -4.75 -5.25
vt 6.125 -9.625003
vt 6.125 -7.500001
vt 5.25 -7.500001
vt 5.25 -9.625003
vt -6.125 -7.5
vt -6.125 -9.625
vt -5.25 -9.625
vt -5.25 -7.5
vt 6.75 -5.25
vt 6.5 -5.25
vt 6.5 -6.125
vt 6.75 -6.125
vt 6.75 -7.5
vt 6.5 -7.5
vt 6.5 -9.625
vt 6.75 -9.625
vt -6.75 -9.625
vt -6.5 -9.625
vt -6.5 -7.5
vt -6.75 -7.5
vt -6.75 -6.125
vt -6.5 -6.125
vt -6.5 -5.25
vt -6.75 -5.25
vt 6.125 -9.625
vt 6.125 -7.5
vt 5.25 -7.5
vt 5.25 -9.625
vt -6.125 -7.25
vt -5.25 -7.25
vt 5.875 -5.25
vt 3.875 -5.25
vt 3.875 -6.125
vt 5.875 -6.125
vt 5.875 -7.25
vt 3.875 -7.25
vt 3.875 -7.5
vt 5.875 -7.5
vt -5.875 -7.5
vt -3.875 -7.5
vt -3.875 -7.25
vt -5.875 -7.25
vt -5.875 -6.125
vt -3.875 -6.125
vt -3.875 -5.25
vt -5.875 -5.25
vt 6.125 -7.25
vt 5.25 -7.25
vt -6.125 -9.375001
vt -6.125 -9.625001
vt -5.25 -9.625001
vt -5.25 -9.375001
vt 5.625 -5.25
vt 4.125 -5.25
vt 4.125 -6.125
vt 5.625 -6.125
vt 5.625 -9.375001
vt 4.125 -9.375001
vt 4.125 -9.625001
vt 5.625 -9.625001
vt -5.625 -9.625001
vt -4.125 -9.625001
vt -4.125 -9.375001
vt -5.625 -9.375001
vt -5.625 -6.125
vt -4.125 -6.125
vt -4.125 -5.25
vt -5.625 -5.25
vt 6.125 -9.375
vt 5.25 -9.375
vt 7.75 -7.25
vt 7.5 -7.25
vt 7.5 -8.125
vt 7.75 -8.125
vt -8.125 -3.5000012
vt -8.125 -5.624965
vt -7.25 -5.624965
vt -7.25 -3.5000012
vt 7.5 -3.4999993
vt 7.5 -5.6249633
vt 7.75 -5.6250014
vt 7.75 -3.4999993
vt -7.75 -3.4999993
vt -7.75 -5.6250014
vt -7.5 -5.6249633
vt -7.5 -3.4999993
vt 7.25 -3.5000012
vt 7.25 -5.6250033
vt 8.125 -5.6250033
vt 8.125 -3.5000012
vt -7.75 -8.125
vt -7.5 -8.125
vt -7.5 -7.25
vt -7.75 -7.25
vt 9.75 -7.25
vt 9.5 -7.25
vt 9.5 -8.125
vt 9.75 -8.125
vt -8.125 -3.5000002
vt -8.125 -5.625
vt -7.25 -5.625
vt -7.25 -3.5000002
vt 9.5 -3.5000002
vt 9.5 -5.625
vt 9.75 -5.625
vt 9.75 -3.5000002
vt -9.75 -3.5000002
vt -9.75 -5.625
vt -9.5 -5.625
vt -9.5 -3.5000002
vt 7.25 -3.5000002
vt 7.25 -5.625
vt 8.125 -5.625
vt 8.125 -3.5000002
vt -9.75 -8.125
vt -9.5 -8.125
vt -9.5 -7.25
vt -9.75 -7.25
vt 8.875 -7.25
vt 6.875 -7.25
vt 6.875 -8.125
vt 8.875 -8.125
vt -8.125 -3.2500002
vt -7.25 -3.2500002
vt 6.875 -3.2500002
vt 6.875 -3.5000002
vt 8.875 -3.5000002
vt 8.875 -3.2500002
vt -8.875 -3.2500002
vt -8.875 -3.5000002
vt -6.875 -3.5000002
vt -6.875 -3.2500002
vt 7.25 -3.2500002
vt 8.125 -3.2500002
vt -8.875 -8.125
vt -6.875 -8.125
vt -6.875 -7.25
vt -8.875 -7.25
vt 8.625 -7.25
vt 7.125 -7.25
vt 7.125 -8.125
vt 8.625 -8.125
vt -8.125 -5.375001
vt -8.125 -5.625001
vt -7.25 -5.625001
vt -7.25 -5.375001
vt 7.125 -5.375001
vt 7.125 -5.625001
vt 8.625 -5.625001
vt 8.625 -5.375001
vt -8.625 -5.375001
vt -8.625 -5.625001
vt -7.125 -5.625001
vt -7.125 -5.375001
vt 7.25 -5.375
vt 8.125 -5.375
vt -8.625 -8.125
vt -7.125 -8.125
vt -7.125 -7.25
vt -8.625 -7.25
vt 7.75 -8.25
vt 7.5 -8.25
vt 7.5 -9.125
vt 7.75 -9.125
vt -9.125 -0.50000036
vt -9.125 -2.6249647
vt -8.25 -2.6249647
vt -8.25 -0.50000036
vt 7.5 -0.4999994
vt 7.5 -2.6249638
vt 7.75 -2.6250017
vt 7.75 -0.4999994
vt -7.75 -0.4999994
vt -7.75 -2.6250017
vt -7.5 -2.6249638
vt -7.5 -0.4999994
vt 8.25 -0.50000036
vt 8.25 -2.6250026
vt 9.125 -2.6250026
vt 9.125 -0.50000036
vt -7.75 -9.125
vt -7.5 -9.125
vt -7.5 -8.25
vt -7.75 -8.25
vt 9.749999 -8.25
vt 9.500009 -8.25
vt 9.500009 -9.125
vt 9.749999 -9.125
vt -9.125 -0.4999994
vt -9.125 -2.6250017
vt -8.25 -2.6250017
vt -8.25 -0.4999994
vt 9.499999 -0.4999994
vt 9.500009 -2.6250017
vt 9.749999 -2.6249993
vt 9.749999 -0.4999994
vt -9.749999 -0.4999994
vt -9.749999 -2.6249993
vt -9.500009 -2.6250017
vt -9.499999 -0.4999994
vt 8.25 -2.6250002
vt 9.125 -2.6250002
vt -9.75 -9.125
vt -9.5 -9.125
vt -9.5 -8.25
vt -9.75 -8.25
vt 9.875 -8.25
vt 7.875 -8.25
vt 7.875 -9.125
vt 9.875 -9.125
vt -9.125 -0.25000036
vt -8.25 -0.25000036
vt 7.875 -0.25000036
vt 7.875 -0.50000036
vt 9.875 -0.50000036
vt 9.875 -0.25000036
vt -9.875 -0.25000036
vt -9.875 -0.50000036
vt -7.875 -0.50000036
vt -7.875 -0.25000036
vt 8.25 -0.25000036
vt 9.125 -0.25000036
vt -9.875 -9.125
vt -7.875 -9.125
vt -7.875 -8.25
vt -9.875 -8.25
vt 9.625009 -8.25
vt 8.124999 -8.25
vt 8.124999 -9.125
vt 9.625009 -9.125
vt -9.125 -2.3750012
vt -9.125 -2.6250012
vt -8.25 -2.6250012
vt -8.25 -2.3750012
vt 8.124999 -2.3750012
vt 8.124999 -2.6250012
vt 9.625009 -2.6250036
vt 9.624999 -2.3750012
vt -9.624999 -2.3750012
vt -9.625009 -2.6250036
vt -8.124999 -2.6250012
vt -8.124999 -2.3750012
vt 8.25 -2.3750002
vt 9.125 -2.3750002
vt -9.625 -9.125
vt -8.125 -9.125
vt -8.125 -8.25
vt -9.625 -8.25
vt 6.7500005 -6.25
vt 6.5000005 -6.25
vt 6.5000005 -7.125
vt 6.7500005 -7.125
vt -7.125 -5.500001
vt -7.125 -7.624965
vt -6.25 -7.624965
vt -6.25 -5.500001
vt 6.5000005 -5.5
vt 6.5000005 -7.624964
vt 6.7500005 -7.6250024
vt 6.7500005 -5.5
vt -6.7500005 -5.5
vt -6.7500005 -7.6250024
vt -6.5000005 -7.624964
vt -6.5000005 -5.5
vt 6.25 -5.500001
vt 6.25 -7.6250033
vt 7.125 -7.6250033
vt 7.125 -5.500001
vt -6.7500005 -7.125
vt -6.5000005 -7.125
vt -6.5000005 -6.25
vt -6.7500005 -6.25
vt -7.125 -5.5
vt -7.125 -7.625
vt -6.25 -7.625
vt -6.25 -5.5
vt 7.75 -6.25
vt 7.5 -6.25
vt 7.5 -7.125
vt 7.75 -7.125
vt 7.5 -5.5
vt 7.5 -7.625
vt 7.75 -7.625
vt 7.75 -5.5
vt -7.75 -5.5
vt -7.75 -7.625
vt -7.5 -7.625
vt -7.5 -5.5
vt 6.25 -5.5
vt 6.25 -7.625
vt 7.125 -7.625
vt 7.125 -5.5
vt -7.75 -6.25
vt -7.75 -7.125
vt -7.5 -7.125
vt -7.5 -6.25
vt 7.8749995 -6.25
vt 5.875 -6.25
vt 5.875 -7.125
vt 7.8749995 -7.125
vt -7.125 -5.25
vt -6.25 -5.25
vt 5.875 -5.5
vt 7.8749995 -5.5
vt 7.8749995 -5.25
vt -7.8749995 -5.25
vt -7.8749995 -5.5
vt -5.875 -5.5
vt 6.25 -5.25
vt 7.125 -5.25
vt -7.8749995 -7.125
vt -5.875 -7.125
vt -5.875 -6.25
vt -7.8749995 -6.25
vt 7.6249995 -6.25
vt 6.125 -6.25
vt 6.125 -7.125
vt 7.6249995 -7.125
vt -7.125 -7.375001
vt -7.125 -7.625001
vt -6.25 -7.625001
vt -6.25 -7.375001
vt 7.6249995 -7.375001
vt 6.125 -7.375001
vt 6.125 -7.625001
vt 7.6249995 -7.625001
vt -7.6249995 -7.625001
vt -6.125 -7.625001
vt -6.125 -7.375001
vt -7.6249995 -7.375001
vt -7.6249995 -7.125
vt -6.125 -7.125
vt -6.125 -6.25
vt -7.6249995 -6.25
vt 7.125 -7.375
vt 6.25 -7.375
vt -5.125 -8.500001
vt -5.125 -10.624965
vt -4.25 -10.624965
vt -4.25 -8.500001
vt 2.7499917 -4.25
vt 2.5 -4.25
vt 2.5 -5.125
vt 2.7499917 -5.125
vt 2.75 -8.5
vt 2.5 -8.5
vt 2.5 -10.624964
vt 2.7499917 -10.625005
vt -2.7499917 -10.625005
vt -2.5 -10.624964
vt -2.5 -8.5
vt -2.75 -8.5
vt -2.75 -5.125
vt -2.5 -5.125
vt -2.5 -4.25
vt -2.75 -4.25
vt 5.125 -10.625006
vt 5.125 -8.500001
vt 4.25 -8.500001
vt 4.25 -10.625006
vt -5.125 -8.5
vt -5.125 -10.625
vt -4.25 -10.625
vt -4.25 -8.5
vt 3.75 -4.25
vt 3.5 -4.25
vt 3.5 -5.125
vt 3.75 -5.125
vt 3.5 -10.625
vt 3.75 -10.625
vt -3.75 -10.625
vt -3.5 -10.625
vt -3.75 -8.5
vt -3.75 -5.125
vt -3.5 -5.125
vt -3.5 -4.25
vt -3.75 -4.25
vt 5.125 -10.625
vt 5.125 -8.5
vt 4.25 -8.5
vt 4.25 -10.625
vt -5.125 -8.25
vt -4.25 -8.25
vt 3.875 -4.25
vt 1.875 -4.25
vt 1.875 -5.125
vt 3.875 -5.125
vt 3.875 -8.25
vt 1.875 -8.25
vt -1.875 -8.25
vt -3.875 -8.25
vt -3.875 -5.125
vt -1.875 -5.125
vt -1.875 -4.25
vt -3.875 -4.25
vt 5.125 -8.25
vt 4.25 -8.25
vt -5.125 -10.375001
vt -5.125 -10.625003
vt -4.25 -10.625003
vt -4.25 -10.375001
vt 3.625 -4.25
vt 2.1249912 -4.25
vt 2.1249912 -5.125
vt 3.625 -5.125
vt 3.625 -10.375001
vt 2.125 -10.375001
vt 2.1249912 -10.625003
vt 3.625 -10.625001
vt -3.625 -10.625001
vt -2.1249912 -10.625003
vt -2.125 -10.375001
vt -3.625 -10.375001
vt -3.625 -5.125
vt -2.125 -5.125
vt -2.125 -4.25
vt -3.625 -4.25
vt 5.125 -10.375
vt 4.25 -10.375
vt -4.125 -10.625
vt -3.25 -10.625
vt -0.5 -10.625
vt -0.25 -10.625
vt -0.25 -3.25
vt -0.5 -3.25
vt -0.5 -4.125
vt -0.25 -4.125
vt 0.25 -4.125
vt 0.5 -4.125
vt 0.5 -3.25
vt 0.25 -3.25
vt 0.25 -10.625
vt 0.5 -10.625
vt 3.25 -10.625
vt 4.125 -10.625
vt 1.5 -10.625
vt 1.75 -10.625
vt 1.75 -3.25
vt 1.5 -3.25
vt 1.5 -4.125
vt 1.75 -4.125
vt -1.75 -4.125
vt -1.5 -4.125
vt -1.5 -3.25
vt -1.75 -3.25
vt -1.75 -10.625
vt -1.5 -10.625
vt -3.25 -8.25
vt -4.125 -8.25
vt 1.875 -3.25
vt -0.125 -3.25
vt -0.125 -4.125
vt 1.875 -4.125
vt -1.875 -4.125
vt 0.125 -4.125
vt 0.125 -3.25
vt -1.875 -3.25
vt 0.125 -8.5
vt 4.125 -8.25
vt 3.25 -8.25
vt 0.125 -10.625
vt 1.625 -10.625
vt 1.625 -3.25
vt 1.625 -4.125
vt -1.625 -4.125
vt -1.625 -3.25
vt -1.625 -10.625
vt -0.125 -10.625
vt -1.625 -10.375
vt 11.875 9.499998
vt 11.875 7.375034
vt 12.75 7.375034
vt 12.75 9.499998
vt -5.249999 12.75
vt -5.499999 12.75
vt -5.499999 11.875
vt -5.249999 11.875
vt 5.249999 7.3749957
vt 5.499999 7.375034
vt 5.499999 9.499998
vt 5.249999 9.499998
vt -5.249999 9.499998
vt -5.499999 9.499998
vt -5.499999 7.375034
vt -5.249999 7.3749957
vt 5.249999 11.875
vt 5.499999 11.875
vt 5.499999 12.75
vt 5.249999 12.75
vt -12.75 9.499998
vt -12.75 7.3749957
vt -11.875 7.3749957
vt -11.875 9.499998
vt 11.875 9.5
vt 11.875 7.375
vt 12.75 7.375
vt 12.75 9.5
vt -3.2499993 12.75
vt -3.4999993 12.75
vt -3.4999993 11.875
vt -3.2499993 11.875
vt 3.2499993 7.375
vt 3.4999993 7.375
vt 3.4999993 9.5
vt 3.2499993 9.5
vt -3.2499993 9.5
vt -3.4999993 9.5
vt -3.4999993 7.375
vt -3.2499993 7.375
vt 3.2499993 11.875
vt 3.4999993 11.875
vt 3.4999993 12.75
vt 3.2499993 12.75
vt -12.75 9.5
vt -12.75 7.375
vt -11.875 7.375
vt -11.875 9.5
vt 11.875 9.75
vt 12.75 9.75
vt -3.1249993 12.75
vt -5.124999 12.75
vt -5.124999 11.875
vt -3.1249993 11.875
vt 3.1249993 9.5
vt 5.124999 9.5
vt 5.124999 9.75
vt 3.1249993 9.75
vt -3.1249993 9.75
vt -5.124999 9.75
vt -5.124999 9.5
vt -3.1249993 9.5
vt 3.1249993 11.875
vt 5.124999 11.875
vt 5.124999 12.75
vt 3.1249993 12.75
vt -12.75 9.75
vt -11.875 9.75
vt 11.875 7.625
vt 12.75 7.625
vt -3.3749993 12.75
vt -4.874999 12.75
vt -4.874999 11.875
vt -3.3749993 11.875
vt 3.3749993 7.375
vt 4.874999 7.375
vt 4.874999 7.625
vt 3.3749993 7.625
vt -3.3749993 7.625
vt -4.874999 7.625
vt -4.874999 7.375
vt -3.3749993 7.375
vt 3.3749993 11.875
vt 4.874999 11.875
vt 4.874999 12.75
vt 3.3749993 12.75
vt -12.75 7.625
vt -11.875 7.625
vt -9.25 11.75
vt -9.5 11.75
vt -9.5 10.875
vt -9.25 10.875
vt 10.875 6.499999
vt 10.875 4.375035
vt 11.75 4.375035
vt 11.75 6.499999
vt 9.25 6.499999
vt 9.25 4.3749967
vt 9.5 4.375035
vt 9.5 6.499999
vt -9.5 6.499999
vt -9.5 4.375035
vt -9.25 4.3749967
vt -9.25 6.499999
vt -11.75 6.499999
vt -11.75 4.3749967
vt -10.875 4.3749967
vt -10.875 6.499999
vt 9.5 11.75
vt 9.25 11.75
vt 9.25 10.875
vt 9.5 10.875
vt -7.25 11.75
vt -7.5 11.75
vt -7.5 10.875
vt -7.25 10.875
vt 10.875 6.5
vt 10.875 4.375
vt 11.75 4.375
vt 11.75 6.5
vt 7.25 6.5
vt 7.25 4.375
vt 7.5 4.375
vt 7.5 6.5
vt -7.5 6.5
vt -7.5 4.375
vt -7.25 4.375
vt -7.25 6.5
vt -11.75 6.5
vt -11.75 4.375
vt -10.875 4.375
vt -10.875 6.5
vt 7.5 11.75
vt 7.25 11.75
vt 7.25 10.875
vt 7.5 10.875
vt -7.125 11.75
vt -9.125 11.75
vt -9.125 10.875
vt -7.125 10.875
vt 10.875 6.75
vt 11.75 6.75
vt 7.125 6.75
vt 7.125 6.5
vt 9.125 6.5
vt 9.125 6.75
vt -9.125 6.75
vt -9.125 6.5
vt -7.125 6.5
vt -7.125 6.75
vt -11.75 6.75
vt -10.875 6.75
vt 9.125 11.75
vt 7.125 11.75
vt 7.125 10.875
vt 9.125 10.875
vt -7.375 11.75
vt -8.875 11.75
vt -8.875 10.875
vt -7.375 10.875
vt 10.875 4.624998
vt 10.875 4.374998
vt 11.75 4.374998
vt 11.75 4.624998
vt 7.375 4.624998
vt 7.375 4.374998
vt 8.875 4.374998
vt 8.875 4.624998
vt -8.875 4.624998
vt -8.875 4.374998
vt -7.375 4.374998
vt -7.375 4.624998
vt -11.75 4.624998
vt -11.75 4.374998
vt -10.875 4.374998
vt -10.875 4.624998
vt 8.875 11.75
vt 7.375 11.75
vt 7.375 10.875
vt 8.875 10.875
vt -10.25 10.75
vt -10.5 10.75
vt -10.5 9.875
vt -10.25 9.875
vt 9.875 4.499999
vt 9.875 2.3750348
vt 10.75 2.3750348
vt 10.75 4.499999
vt 10.25 4.499999
vt 10.25 2.3749967
vt 10.5 2.3750348
vt 10.5 4.499999
vt -10.5 4.499999
vt -10.5 2.3750348
vt -10.25 2.3749967
vt -10.25 4.499999
vt -10.75 4.499999
vt -10.75 2.3749967
vt -9.875 2.3749967
vt -9.875 4.499999
vt 10.5 10.75
vt 10.25 10.75
vt 10.25 9.875
vt 10.5 9.875
vt -8.250001 10.75
vt -8.499991 10.75
vt -8.499991 9.875
vt -8.250001 9.875
vt 9.875 2.3749967
vt 10.75 2.3749967
vt 8.25 4.500001
vt 8.25 2.375001
vt 8.49999 2.3749986
vt 8.5 4.500001
vt -8.5 4.500001
vt -8.49999 2.3749986
vt -8.25 2.375001
vt -8.25 4.500001
vt -10.75 4.499998
vt -10.75 2.374998
vt -9.875 2.374998
vt -9.875 4.499998
vt 8.5 10.75
vt 8.25 10.75
vt 8.25 9.875
vt 8.5 9.875
vt -8.125 10.75
vt -10.125 10.75
vt -10.125 9.875
vt -8.125 9.875
vt 9.875 4.749998
vt 9.875 4.499998
vt 10.75 4.499998
vt 10.75 4.749998
vt 8.125 4.749998
vt 8.125 4.499998
vt 10.125 4.499998
vt 10.125 4.749998
vt -10.125 4.749998
vt -10.125 4.499998
vt -8.125 4.499998
vt -8.125 4.749998
vt -10.75 4.749998
vt -9.875 4.749998
vt 10.125 10.75
vt 8.125 10.75
vt 8.125 9.875
vt 10.125 9.875
vt -8.374991 10.75
vt -9.875001 10.75
vt -9.875001 9.875
vt -8.374991 9.875
vt 9.875 2.6249971
vt 9.875 2.3749971
vt 10.75 2.3749971
vt 10.75 2.6249971
vt 8.375001 2.625001
vt 8.374991 2.3749986
vt 9.875001 2.375001
vt 9.875001 2.625001
vt -9.875001 2.625001
vt -9.875001 2.375001
vt -8.374991 2.3749986
vt -8.375001 2.625001
vt -10.75 2.624999
vt -9.875 2.624999
vt 9.875 10.75
vt 8.375 10.75
vt 8.375 9.875
vt 9.875 9.875
vt -7.250001 12.75
vt -7.500001 12.75
vt -7.500001 11.875
vt -7.250001 11.875
vt 11.875 8.499998
vt 11.875 6.3750343
vt 12.75 6.3750343
vt 12.75 8.499998
vt 7.250001 8.500002
vt 7.250001 6.375
vt 7.500001 6.375038
vt 7.500001 8.500002
vt -7.500001 8.500002
vt -7.500001 6.375038
vt -7.250001 6.375
vt -7.250001 8.500002
vt -12.75 8.499998
vt -12.75 6.374996
vt -11.875 6.374996
vt -11.875 8.499998
vt 7.500001 11.875
vt 7.500001 12.75
vt 7.250001 12.75
vt 7.250001 11.875
vt 11.875 6.374999
vt 12.75 6.374999
vt 5.249999 8.499998
vt 5.249999 6.374999
vt 5.499999 6.374999
vt 5.499999 8.499998
vt -5.499999 8.499998
vt -5.499999 6.374999
vt -5.249999 6.374999
vt -5.249999 8.499998
vt -12.75 6.374999
vt -11.875 6.374999
vt -5.125001 12.75
vt -7.125001 12.75
vt -7.125001 11.875
vt -5.125001 11.875
vt 11.875 8.750001
vt 11.875 8.500001
vt 12.75 8.500001
vt 12.75 8.750001
vt 5.125001 8.750001
vt 5.125001 8.500001
vt 7.125001 8.500001
vt 7.125001 8.750001
vt -7.125001 8.750001
vt -7.125001 8.500001
vt -5.125001 8.500001
vt -5.125001 8.750001
vt -12.75 8.750001
vt -12.75 8.500001
vt -11.875 8.500001
vt -11.875 8.750001
vt 7.125001 11.875
vt 7.125001 12.75
vt 5.125001 12.75
vt 5.125001 11.875
vt 11.875 6.6249995
vt 11.875 6.3749995
vt 12.75 6.3749995
vt 12.75 6.6249995
vt -5.375001 12.75
vt -6.875001 12.75
vt -6.875001 11.875
vt -5.375001 11.875
vt 5.375001 6.6249995
vt 5.375001 6.3749995
vt 6.875001 6.3749995
vt 6.875001 6.6249995
vt -6.875001 6.6249995
vt -6.875001 6.3749995
vt -5.375001 6.3749995
vt -5.375001 6.6249995
vt -12.75 6.6249995
vt -12.75 6.3749995
vt -11.875 6.3749995
vt -11.875 6.6249995
vt 6.875001 11.875
vt 6.875001 12.75
vt 5.375001 12.75
vt 5.375001 11.875
vt 12.875 9.499999
vt 12.875 7.3750353
vt 13.75 7.3750353
vt 13.75 9.499999
vt -2.2500076 13.75
vt -2.4999993 13.75
vt -2.4999993 12.875
vt -2.2500076 12.875
vt 2.2500086 7.374995
vt 2.5000002 7.3750353
vt 2.5000002 9.499999
vt 2.2500002 9.499999
vt -2.2500002 9.499999
vt -2.5000002 9.499999
vt -2.5000002 7.3750353
vt -2.2500086 7.374995
vt 2.2499993 12.875
vt 2.4999993 12.875
vt 2.4999993 13.75
vt 2.2499993 13.75
vt -13.75 9.499998
vt -13.75 7.3749943
vt -12.875 7.3749943
vt -12.875 9.499998
vt 12.875 9.5
vt 12.875 7.375
vt 13.75 7.375
vt 13.75 9.5
vt -1.2500004 13.75
vt -1.5000004 13.75
vt -1.5000004 12.875
vt -1.2500004 12.875
vt 1.2500004 7.375
vt 1.5000004 7.375
vt 1.5000004 9.5
vt 1.2500004 9.5
vt -1.2500004 9.5
vt -1.5000004 9.5
vt -1.5000004 7.375
vt -1.2500004 7.375
vt 1.2500004 12.875
vt 1.5000004 12.875
vt 1.5000004 13.75
vt 1.2500004 13.75
vt -13.75 9.5
vt -13.75 7.375
vt -12.875 7.375
vt -12.875 9.5
vt 12.875 9.75
vt 13.75 9.75
vt -1.1249985 13.75
vt -3.1249983 13.75
vt -3.1249983 12.875
vt -1.1249985 12.875
vt 1.1249985 9.5
vt 3.1249983 9.5
vt 3.1249983 9.75
vt 1.1249985 9.75
vt -1.1249985 9.75
vt -3.1249983 9.75
vt -3.1249983 9.5
vt -1.1249985 9.5
vt 1.1249985 12.875
vt 3.1249983 12.875
vt 3.1249983 13.75
vt 1.1249985 13.75
vt -13.75 9.75
vt -12.875 9.75
vt 12.875 7.624998
vt 12.875 7.374996
vt 13.75 7.374996
vt 13.75 7.624998
vt -1.3749994 13.75
vt -2.8750083 13.75
vt -2.8750083 12.875
vt -1.3749994 12.875
vt 1.3749994 7.374998
vt 2.8750083 7.374996
vt 2.8749993 7.624998
vt 1.3749994 7.624998
vt -1.3749994 7.624998
vt -2.8749993 7.624998
vt -2.8750083 7.374996
vt -1.3749994 7.374998
vt 1.3749985 12.875
vt 2.8749983 12.875
vt 2.8749983 13.75
vt 1.3749985 13.75
vt -13.75 7.625
vt -12.875 7.625
vt 14.75 10.5
vt 13.875 10.5
vt 13.875 8.375
vt 14.75 8.375
vt 0.25 8.375
vt 0.5 8.375
vt 0.5 10.5
vt 0.25 10.5
vt 0.25 13.875
vt 0.5 13.875
vt 0.5 14.75
vt 0.25 14.75
vt -0.25 14.75
vt -0.5 14.75
vt -0.5 13.875
vt -0.25 13.875
vt -0.25 10.5
vt -0.5 10.5
vt -0.5 8.375
vt -0.25 8.375
vt -14.75 8.375
vt -13.875 8.375
vt -13.875 10.5
vt -14.75 10.5
vt -1.75 8.375
vt -1.5 8.375
vt -1.5 10.5
vt -1.75 10.5
vt -1.75 13.875
vt -1.5 13.875
vt -1.5 14.75
vt -1.75 14.75
vt 1.75 14.75
vt 1.5 14.75
vt 1.5 13.875
vt 1.75 13.875
vt 1.75 10.5
vt 1.5 10.5
vt 1.5 8.375
vt 1.75 8.375
vt 14.75 10.75
vt 13.875 10.75
vt -1.875 10.5
vt 0.125 10.5
vt 0.125 10.75
vt -1.875 10.75
vt -1.875 13.875
vt 0.125 13.875
vt 0.125 14.75
vt -1.875 14.75
vt 1.875 14.75
vt -0.125 14.75
vt -0.125 13.875
vt 1.875 13.875
vt 1.875 10.75
vt -0.125 10.75
vt -0.125 10.5
vt 1.875 10.5
vt -13.875 10.75
vt -14.75 10.75
vt 14.75 8.625
vt 13.875 8.625
vt -1.625 8.375
vt -0.125 8.375
vt -0.125 8.625
vt -1.625 8.625
vt -1.625 13.875
vt -1.625 14.75
vt 1.625 14.75
vt 1.625 13.875
vt 1.625 8.625
vt 0.125 8.625
vt 0.125 8.375
vt 1.625 8.375
vt -13.875 8.625
vt -14.75 8.625
vt -8.75 21.75
vt -8.75 20.875
vt -8.5 20.875
vt -8.5 21.75
vt -8.5 -2.6249998
vt -8.5 -0.49999976
vt -8.75 -0.49999976
vt -8.75 -2.6249998
vt -20.875 -2.6250007
vt -20.875 -0.5000007
vt -21.75 -0.5000007
vt -21.75 -2.6250007
vt 21.75 -2.6250007
vt 21.75 -0.5000007
vt 20.875 -0.5000007
vt 20.875 -2.6250007
vt 8.75 -2.6249998
vt 8.75 -0.49999976
vt 8.5 -0.49999976
vt 8.5 -2.6249998
vt 8.5 21.75
vt 8.5 20.875
vt 8.75 20.875
vt 8.75 21.75
vt -9.75 21.75
vt -9.75 20.875
vt -9.5 20.875
vt -9.5 21.75
vt -9.5 -2.625
vt -9.5 -0.5
vt -9.75 -0.5
vt -9.75 -2.625
vt -20.875 -2.625
vt -20.875 -0.5
vt -21.75 -0.5
vt -21.75 -2.625
vt 21.75 -2.6249998
vt 21.75 -0.49999976
vt 20.875 -0.49999976
vt 20.875 -2.6249998
vt 9.75 -2.625
vt 9.75 -0.5
vt 9.5 -0.5
vt 9.5 -2.625
vt 9.499999 21.75
vt 9.499999 20.875
vt 9.749999 20.875
vt 9.749999 21.75
vt -9.875 21.75
vt -9.875 20.875
vt -7.875 20.875
vt -7.875 21.75
vt -7.875 -0.5
vt -7.875 -0.25
vt -9.875 -0.25
vt -9.875 -0.5
vt -20.875 -0.25
vt -21.75 -0.25
vt 21.75 -0.5
vt 21.75 -0.25
vt 20.875 -0.25
vt 20.875 -0.5
vt 9.875 -0.5
vt 9.875 -0.25
vt 7.875 -0.25
vt 7.875 -0.5
vt 7.875 21.75
vt 7.875 20.875
vt 9.875 20.875
vt 9.875 21.75
vt -9.625 21.75
vt -9.625 20.875
vt -8.125 20.875
vt -8.125 21.75
vt -8.125 -2.6250014
vt -8.125 -2.3750014
vt -9.625 -2.3750014
vt -9.625 -2.6250014
vt -20.875 -2.6250002
vt -20.875 -2.3750002
vt -21.75 -2.3750002
vt -21.75 -2.6250002
vt 21.75 -2.625001
vt 21.75 -2.375001
vt 20.875 -2.375001
vt 20.875 -2.625001
vt 9.625 -2.6250014
vt 9.625 -2.3750014
vt 8.125 -2.3750014
vt 8.125 -2.6250014
vt 8.124999 21.75
vt 8.124999 20.875
vt 9.624999 20.875
vt 9.624999 21.75
vt -24.875 -10.625003
vt -24.875 -8.500001
vt -25.75 -8.500001
vt -25.75 -10.625003
vt -2.5 25.75
vt -2.75 25.75
vt -2.75 24.875
vt -2.5 24.875
vt -2.4999998 -8.5
vt -2.7499998 -8.5
vt -2.7499998 -10.625002
vt -2.4999998 -10.624964
vt 2.4999998 -10.624964
vt 2.7499998 -10.625002
vt 2.7499998 -8.5
vt 2.4999998 -8.5
vt 2.4999998 24.875
vt 2.7499998 24.875
vt 2.7499998 25.75
vt 2.4999998 25.75
vt 25.75 -10.624965
vt 25.75 -8.500001
vt 24.875 -8.500001
vt 24.875 -10.624965
vt -24.875 -10.625
vt -24.875 -8.5
vt -25.75 -8.5
vt -25.75 -10.625
vt -4.5 25.75
vt -4.75 25.75
vt -4.75 24.875
vt -4.5 24.875
vt -4.75 -8.5
vt -4.75 -10.625
vt -4.5 -10.625
vt 4.5 -10.625
vt 4.75 -10.625
vt 4.75 -8.5
vt 4.5 24.875
vt 4.75 24.875
vt 4.75 25.75
vt 4.5 25.75
vt 25.75 -10.625
vt 25.75 -8.5
vt 24.875 -8.5
vt 24.875 -10.625
vt -24.875 -8.25
vt -25.75 -8.25
vt -1.875 25.75
vt -3.8750002 25.75
vt -3.8750002 24.875
vt -1.875 24.875
vt -3.8750002 -8.25
vt -3.8750002 -8.5
vt 3.8750002 -8.5
vt 3.8750002 -8.25
vt 1.875 24.875
vt 3.8750002 24.875
vt 3.8750002 25.75
vt 1.875 25.75
vt 25.75 -8.25
vt 24.875 -8.25
vt -24.875 -10.375
vt -25.75 -10.375
vt -2.125 25.75
vt -3.6250002 25.75
vt -3.6250002 24.875
vt -2.125 24.875
vt -2.1249998 -10.375001
vt -2.1249998 -10.625001
vt 2.1249998 -10.625001
vt 2.1249998 -10.375001
vt 2.1249998 24.875
vt 3.625 24.875
vt 3.625 25.75
vt 2.1249998 25.75
vt 25.75 -10.625001
vt 25.75 -10.375001
vt 24.875 -10.375001
vt 24.875 -10.625001
vt -6.5 23.75
vt -6.75 23.75
vt -6.75 22.875
vt -6.5 22.875
vt -22.875 -7.625003
vt -22.875 -5.5000005
vt -23.75 -5.5000005
vt -23.75 -7.625003
vt -6.5 -7.6249638
vt -6.5 -5.4999995
vt -6.75 -5.4999995
vt -6.75 -7.625002
vt 6.75 -7.625002
vt 6.75 -5.4999995
vt 6.5 -5.4999995
vt 6.5 -7.6249638
vt 23.75 -7.6249647
vt 23.75 -5.5000005
vt 22.875 -5.5000005
vt 22.875 -7.6249647
vt 6.75 23.75
vt 6.5 23.75
vt 6.5 22.875
vt 6.75 22.875
vt -7.5 23.75
vt -7.75 23.75
vt -7.75 22.875
vt -7.5 22.875
vt -22.875 -7.625
vt -22.875 -5.5
vt -23.75 -5.5
vt -23.75 -7.625
vt 23.75 -7.625
vt 23.75 -5.5
vt 22.875 -5.5
vt 22.875 -7.625
vt 7.75 23.75
vt 7.5 23.75
vt 7.5 22.875
vt 7.75 22.875
vt -5.875 23.75
vt -7.875 23.75
vt -7.875 22.875
vt -5.875 22.875
vt -22.875 -5.25
vt -23.75 -5.25
vt -7.875 -5.25
vt -7.875 -5.5
vt 7.875 -5.5
vt 7.875 -5.25
vt 23.75 -5.25
vt 22.875 -5.25
vt 7.875 23.75
vt 5.875 23.75
vt 5.875 22.875
vt 7.875 22.875
vt -6.125 23.75
vt -7.625 23.75
vt -7.625 22.875
vt -6.125 22.875
vt -22.875 -7.375
vt -23.75 -7.375
vt -7.625 -7.375001
vt -7.625 -7.625001
vt 7.625 -7.625001
vt 7.625 -7.375001
vt 23.75 -7.625001
vt 23.75 -7.375001
vt 22.875 -7.375001
vt 22.875 -7.625001
vt 7.625 23.75
vt 6.125 23.75
vt 6.125 22.875
vt 7.625 22.875
vt -7.4999995 22.75
vt -7.75 22.75
vt -7.75 21.875
vt -7.4999995 21.875
vt -21.875 -5.625003
vt -21.875 -3.5000007
vt -22.75 -3.5000007
vt -22.75 -5.625003
vt -7.4999995 -5.6249638
vt -7.4999995 -3.4999998
vt -7.75 -3.4999998
vt -7.75 -5.625002
vt 7.75 -5.625002
vt 7.75 -3.4999998
vt 7.4999995 -3.4999998
vt 7.4999995 -5.6249638
vt 22.75 -5.6249647
vt 22.75 -3.5000007
vt 21.875 -3.5000007
vt 21.875 -5.6249647
vt 7.75 22.75
vt 7.4999995 22.75
vt 7.4999995 21.875
vt 7.75 21.875
vt -9.5 22.75
vt -9.75 22.75
vt -9.75 21.875
vt -9.5 21.875
vt -21.875 -5.625
vt -21.875 -3.5
vt -22.75 -3.5
vt -22.75 -5.625
vt -9.500009 -5.625002
vt -9.5 -3.5
vt -9.75 -3.5
vt 9.75 -3.5
vt 9.5 -3.5
vt 9.500009 -5.625002
vt 22.75 -5.625002
vt 22.75 -3.4999998
vt 21.875 -3.4999998
vt 21.875 -5.625002
vt 9.75 22.75
vt 9.500009 22.75
vt 9.500009 21.875
vt 9.75 21.875
vt -7.8749995 22.75
vt -9.875 22.75
vt -9.875 21.875
vt -7.8749995 21.875
vt -21.875 -3.25
vt -22.75 -3.25
vt -7.8749995 -3.5
vt -7.8749995 -3.25
vt -9.875 -3.25
vt -9.875 -3.5
vt 9.875 -3.5
vt 9.875 -3.25
vt 7.8749995 -3.25
vt 7.8749995 -3.5
vt 22.75 -3.5
vt 22.75 -3.25
vt 21.875 -3.25
vt 21.875 -3.5
vt 9.875 22.75
vt 7.8749995 22.75
vt 7.8749995 21.875
vt 9.875 21.875
vt -8.125 22.75
vt -9.625 22.75
vt -9.625 21.875
vt -8.125 21.875
vt -21.875 -5.6250024
vt -21.875 -5.375
vt -22.75 -5.375
vt -22.75 -5.6250024
vt -9.625 -5.375001
vt -9.625009 -5.6250033
vt 9.625009 -5.6250033
vt 9.625 -5.375001
vt 8.125 -5.375001
vt 8.125 -5.625001
vt 22.75 -5.625001
vt 22.75 -5.375001
vt 21.875 -5.375001
vt 21.875 -5.625001
vt 9.625009 22.75
vt 8.125 22.75
vt 8.125 21.875
vt 9.625009 21.875
vt -4.5 24.75
vt -4.75 24.75
vt -4.75 23.875
vt -4.5 23.875
vt -23.875 -9.625003
vt -23.875 -7.5000005
vt -24.75 -7.5000005
vt -24.75 -9.625003
vt -4.5 -7.4999995
vt -4.75 -7.4999995
vt 4.75 -7.4999995
vt 4.5 -7.4999995
vt 24.75 -9.624965
vt 24.75 -7.5000005
vt 23.875 -7.5000005
vt 23.875 -9.624965
vt 4.75 23.875
vt 4.75 24.75
vt 4.5 24.75
vt 4.5 23.875
vt -6.5 24.75
vt -6.75 24.75
vt -6.75 23.875
vt -6.5 23.875
vt -23.875 -9.625
vt -23.875 -7.5
vt -24.75 -7.5
vt -24.75 -9.625
vt 6.5 23.875
vt 6.75 23.875
vt 6.75 24.75
vt 6.5 24.75
vt 23.875 -9.625
vt 24.75 -9.625
vt 24.75 -7.5
vt 23.875 -7.5
vt -4.875 24.75
vt -6.875 24.75
vt -6.875 23.875
vt -4.875 23.875
vt -23.875 -7.25
vt -24.75 -7.25
vt -4.875 -7.25
vt -6.875 -7.5
vt -4.875 -7.5
vt 4.875 -7.5
vt 6.875 -7.5
vt 4.875 -7.25
vt 4.875 23.875
vt 6.875 23.875
vt 6.875 24.75
vt 4.875 24.75
vt 24.75 -7.25
vt 23.875 -7.25
vt -23.875 -9.375
vt -24.75 -9.375
vt -5.125 24.75
vt -6.625 24.75
vt -6.625 23.875
vt -5.125 23.875
vt -5.125 -9.625001
vt -5.125 -9.375001
vt -6.625 -9.375001
vt -6.625 -9.625001
vt 6.625 -9.625001
vt 6.625 -9.375001
vt 5.125 -9.375001
vt 5.125 -9.625001
vt 24.75 -9.625001
vt 24.75 -9.375001
vt 23.875 -9.375001
vt 23.875 -9.625001
vt 6.625 23.875
vt 6.625 24.75
vt 5.125 24.75
vt 5.125 23.875
vt -24.875 -10.625005
vt -25.75 -10.625005
vt 0.50000006 25.75
vt 0.25000006 25.75
vt 0.25000006 24.875
vt 0.50000006 24.875
vt 0.50000006 -8.5
vt 0.25000006 -8.5
vt 0.25000834 -10.625005
vt 0.50000006 -10.624965
vt -0.50000006 -10.624965
vt -0.25000834 -10.625005
vt -0.25000006 -8.5
vt -0.50000006 -8.5
vt -0.50000006 24.875
vt -0.25000834 24.875
vt -0.25000834 25.75
vt -0.50000006 25.75
vt -1.5 25.75
vt -1.75 25.75
vt -1.75 24.875
vt -1.5 24.875
vt 1.5 24.875
vt 1.75 24.875
vt 1.75 25.75
vt 1.5 25.75
vt 0.12500006 25.75
vt 0.12500006 24.875
vt 0.12500006 -8.25
vt 0.12500006 -8.5
vt -0.12500006 -8.5
vt -0.12500006 -8.25
vt -0.12500006 24.875
vt -0.12500006 25.75
vt -0.12499994 25.75
vt -1.625 25.75
vt -1.625 24.875
vt -0.12499994 24.875
vt -0.12499994 -10.375
vt -0.12499106 -10.625003
vt 0.12499106 -10.625003
vt 0.12499994 -10.375
vt 0.12499106 24.875
vt 1.625 24.875
vt 1.625 25.75
vt 0.12499106 25.75
vt 25.75 -10.625003
vt 25.75 -10.375
vt 24.875 -10.375
vt 24.875 -10.625003
vt -26.75 -10.625
vt -25.875 -10.625
vt -25.875 -8.5
vt 1.25 -10.625
vt -1.5 25.875
vt -1.25 25.875
vt 1.25 25.875
vt 1.5 25.875
vt -1.25 -10.625
vt 25.875 -8.5
vt 25.875 -10.625
vt 26.75 -10.625
vt -0.5 25.875
vt -0.25 25.875
vt 0.25 25.875
vt 0.5 25.875
vt -25.875 -8.25
vt -26.75 -8.25
vt -2.125 25.875
vt -0.125 25.875
vt -0.125 26.75
vt -2.125 26.75
vt 2.125 26.75
vt 0.125 26.75
vt 0.125 25.875
vt 2.125 25.875
vt 26.75 -8.25
vt 25.875 -8.25
vt -25.875 -10.375
vt 0.375 -10.625
vt 1.875 -10.625
vt -1.875 25.875
vt -0.375 25.875
vt 0.375 25.875
vt 1.875 25.875
vt -1.875 -10.625
vt -0.375 -10.625
vt 25.875 -10.375
vt 17.125 7.374996
vt 17.125 9.499998
vt 16.25 9.499998
vt 16.25 7.374996
vt 7.499999 -16.25
vt 7.249999 -16.25
vt 7.249999 -17.125
vt 7.499999 -17.125
vt -7.499999 7.3750343
vt -7.249999 7.374996
vt -7.249999 9.499998
vt -7.499999 9.499998
vt 7.499999 9.499998
vt 7.249999 9.499998
vt 7.249999 7.374996
vt 7.499999 7.3750343
vt -7.499999 -17.125
vt -7.249999 -17.125
vt -7.249999 -16.25
vt -7.499999 -16.25
vt -17.125 9.499998
vt -17.125 7.3750343
vt -16.25 7.3750343
vt -16.25 9.499998
vt 17.125 7.375
vt 17.125 9.5
vt 16.25 9.5
vt 16.25 7.375
vt 5.499999 -16.25
vt 5.249999 -16.25
vt 5.249999 -17.125
vt 5.499999 -17.125
vt -5.499999 7.375
vt -5.249999 7.375
vt -5.249999 9.5
vt -5.499999 9.5
vt 5.499999 9.5
vt 5.249999 9.5
vt 5.249999 7.375
vt 5.499999 7.375
vt -5.499999 -17.125
vt -5.249999 -17.125
vt -5.249999 -16.25
vt -5.499999 -16.25
vt -17.125 9.5
vt -17.125 7.375
vt -16.25 7.375
vt -16.25 9.5
vt 17.125 9.75
vt 16.25 9.75
vt 7.124999 -16.25
vt 5.124999 -16.25
vt 5.124999 -17.125
vt 7.124999 -17.125
vt -7.124999 9.5
vt -7.124999 9.75
vt 7.124999 9.75
vt 7.124999 9.5
vt -7.124999 -17.125
vt -5.124999 -17.125
vt -5.124999 -16.25
vt -7.124999 -16.25
vt -17.125 9.75
vt -16.25 9.75
vt 17.125 7.625
vt 16.25 7.625
vt 6.874999 -16.25
vt 5.374999 -16.25
vt 5.374999 -17.125
vt 6.874999 -17.125
vt -6.874999 7.375
vt -5.374999 7.375
vt -5.374999 7.625
vt -6.874999 7.625
vt 6.874999 7.625
vt 5.374999 7.625
vt 5.374999 7.375
vt 6.874999 7.375
vt -6.874999 -17.125
vt -5.374999 -17.125
vt -5.374999 -16.25
vt -6.874999 -16.25
vt -17.125 7.625
vt -16.25 7.625
vt 10.5 -18.25
vt 10.25 -18.25
vt 10.25 -19.125
vt 10.5 -19.125
vt 19.125 3.3749964
vt 19.125 5.499999
vt 18.25 5.499999
vt 18.25 3.3749964
vt -10.25 3.3749964
vt -10.25 5.499999
vt -10.5 5.499999
vt -10.5 3.3750346
vt 10.5 3.3750346
vt 10.5 5.499999
vt 10.25 5.499999
vt 10.25 3.3749964
vt -18.25 3.3750346
vt -18.25 5.499999
vt -19.125 5.499999
vt -19.125 3.3750346
vt -10.5 -19.125
vt -10.25 -19.125
vt -10.25 -18.25
vt -10.5 -18.25
vt 8.5 -18.25
vt 8.25 -18.25
vt 8.25 -19.125
vt 8.5 -19.125
vt 19.125 3.375
vt 19.125 5.5
vt 18.25 5.5
vt 18.25 3.375
vt -8.25 3.375
vt -8.25 5.5
vt -8.5 5.5
vt -8.5 3.375
vt 8.5 3.375
vt 8.5 5.5
vt 8.25 5.5
vt 8.25 3.375
vt -18.25 3.375
vt -18.25 5.5
vt -19.125 5.5
vt -19.125 3.375
vt -8.5 -19.125
vt -8.25 -19.125
vt -8.25 -18.25
vt -8.5 -18.25
vt 10.125 -18.25
vt 8.125 -18.25
vt 8.125 -19.125
vt 10.125 -19.125
vt 19.125 5.75
vt 18.25 5.75
vt -8.125 5.5
vt -8.125 5.75
vt -10.125 5.75
vt -10.125 5.5
vt 10.125 5.5
vt 10.125 5.75
vt 8.125 5.75
vt 8.125 5.5
vt -18.25 5.75
vt -19.125 5.75
vt -10.125 -19.125
vt -8.125 -19.125
vt -8.125 -18.25
vt -10.125 -18.25
vt 9.875 -18.25
vt 8.375 -18.25
vt 8.375 -19.125
vt 9.875 -19.125
vt 19.125 3.374998
vt 19.125 3.624998
vt 18.25 3.624998
vt 18.25 3.374998
vt -8.375 3.374998
vt -8.375 3.624998
vt -9.875 3.624998
vt -9.875 3.374998
vt 9.875 3.374998
vt 9.875 3.624998
vt 8.375 3.624998
vt 8.375 3.374998
vt -18.25 3.374998
vt -18.25 3.624998
vt -19.125 3.624998
vt -19.125 3.374998
vt -9.875 -19.125
vt -8.375 -19.125
vt -8.375 -18.25
vt -9.875 -18.25
vt 10.5 -19.25
vt 10.25 -19.25
vt 10.25 -20.125
vt 10.5 -20.125
vt 20.125 0.37499613
vt 20.125 2.4999986
vt 19.25 2.4999986
vt 19.25 0.37499613
vt -10.25 0.37499613
vt -10.25 2.4999986
vt -10.5 2.4999986
vt -10.5 0.37503427
vt 10.5 0.37503427
vt 10.5 2.4999986
vt 10.25 2.4999986
vt 10.25 0.37499613
vt -19.25 0.37503427
vt -19.25 2.4999986
vt -20.125 2.4999986
vt -20.125 0.37503427
vt -10.5 -20.125
vt -10.25 -20.125
vt -10.25 -19.25
vt -10.5 -19.25
vt 9.5 -19.25
vt 9.25 -19.25
vt 9.25 -20.125
vt 9.5 -20.125
vt 20.125 0.37499756
vt 20.125 2.4999976
vt 19.25 2.4999976
vt 19.25 0.37499756
vt -9.25 0.37500066
vt -9.25 2.5000007
vt -9.5 2.5000007
vt -9.499991 0.37499827
vt 9.499991 0.37499827
vt 9.5 2.5000007
vt 9.25 2.5000007
vt 9.25 0.37500066
vt -19.25 0.37499613
vt -20.125 0.37499613
vt -9.499991 -20.125
vt -9.25 -20.125
vt -9.25 -19.25
vt -9.499991 -19.25
vt 11.125 -19.25
vt 9.125 -19.25
vt 9.125 -20.125
vt 11.125 -20.125
vt 20.125 2.7499976
vt 19.25 2.7499976
vt -9.125 2.4999976
vt -9.125 2.7499976
vt -11.125 2.7499976
vt -11.125 2.4999976
vt 11.125 2.4999976
vt 11.125 2.7499976
vt 9.125 2.7499976
vt 9.125 2.4999976
vt -19.25 2.4999976
vt -19.25 2.7499976
vt -20.125 2.7499976
vt -20.125 2.4999976
vt -11.125 -20.125
vt -9.125 -20.125
vt -9.125 -19.25
vt -11.125 -19.25
vt 10.875 -19.25
vt 9.375 -19.25
vt 9.375 -20.125
vt 10.875 -20.125
vt 20.125 0.6249985
vt 19.25 0.6249985
vt -9.374991 0.37499827
vt -9.375 0.62500066
vt -10.875 0.62500066
vt -10.875 0.37500066
vt 10.875 0.37500066
vt 10.875 0.62500066
vt 9.375 0.62500066
vt 9.374991 0.37499827
vt -19.25 0.37499756
vt -19.25 0.62499756
vt -20.125 0.62499756
vt -20.125 0.37499756
vt -10.875 -20.125
vt -9.374991 -20.125
vt -9.374991 -19.25
vt -10.875 -19.25
vt 9.500001 -17.25
vt 9.250001 -17.25
vt 9.250001 -18.125
vt 9.500001 -18.125
vt 18.125 5.374996
vt 18.125 7.4999986
vt 17.25 7.4999986
vt 17.25 5.374996
vt -9.250001 5.375
vt -9.250001 7.5000024
vt -9.500001 7.5000024
vt -9.500001 5.375038
vt 9.500001 5.375038
vt 9.500001 7.5000024
vt 9.250001 7.5000024
vt 9.250001 5.375
vt -17.25 5.3750343
vt -17.25 7.4999986
vt -18.125 7.4999986
vt -18.125 5.3750343
vt -9.500001 -18.125
vt -9.250001 -18.125
vt -9.250001 -17.25
vt -9.500001 -17.25
vt 7.499999 -17.25
vt 7.249999 -17.25
vt 7.249999 -18.125
vt 7.499999 -18.125
vt 18.125 5.374999
vt 18.125 7.499999
vt 17.25 7.499999
vt 17.25 5.374999
vt -7.499999 5.374999
vt -7.249999 5.374999
vt -7.249999 7.499999
vt -7.499999 7.499999
vt 7.499999 7.499999
vt 7.249999 7.499999
vt 7.249999 5.374999
vt 7.499999 5.374999
vt -7.499999 -18.125
vt -7.249999 -18.125
vt -7.249999 -17.25
vt -7.499999 -17.25
vt -17.25 7.499999
vt -18.125 7.499999
vt -18.125 5.374999
vt -17.25 5.374999
vt 9.125002 -17.25
vt 7.125001 -17.25
vt 7.125001 -18.125
vt 9.125002 -18.125
vt 18.125 7.500001
vt 18.125 7.750001
vt 17.25 7.750001
vt 17.25 7.500001
vt -7.125001 7.500001
vt -7.125001 7.750001
vt -9.125002 7.750001
vt -9.125002 7.500001
vt 9.125002 7.500001
vt 9.125002 7.750001
vt 7.125001 7.750001
vt 7.125001 7.500001
vt -17.25 7.500001
vt -17.25 7.750001
vt -18.125 7.750001
vt -18.125 7.500001
vt -9.125002 -18.125
vt -7.125001 -18.125
vt -7.125001 -17.25
vt -9.125002 -17.25
vt 8.875002 -17.25
vt 7.375001 -17.25
vt 7.375001 -18.125
vt 8.875002 -18.125
vt 18.125 5.624999
vt 17.25 5.624999
vt -7.375001 5.374999
vt -7.375001 5.624999
vt -8.875002 5.624999
vt -8.875002 5.374999
vt 8.875002 5.374999
vt 8.875002 5.624999
vt 7.375001 5.624999
vt 7.375001 5.374999
vt -17.25 5.624999
vt -18.125 5.624999
vt -8.875002 -18.125
vt -7.375001 -18.125
vt -7.375001 -17.25
vt -8.875002 -17.25
vt 17.125 8.374994
vt 17.125 10.499999
vt 16.25 10.499999
vt 16.25 8.374994
vt -5.5000005 8.375035
vt -5.250009 8.374995
vt -5.2500005 10.5
vt -5.5000005 10.5
vt 5.5000005 10.5
vt 5.2500005 10.5
vt 5.250009 8.374995
vt 5.5000005 8.375035
vt -5.4999995 -17.125
vt -5.250008 -17.125
vt -5.250008 -16.25
vt -5.4999995 -16.25
vt -17.125 10.5
vt -17.125 8.375035
vt -16.25 8.375035
vt -16.25 10.5
vt 17.125 8.375
vt 17.125 10.5
vt 16.25 10.5
vt 16.25 8.375
vt 3.5000005 -16.25
vt 3.2500005 -16.25
vt 3.2500005 -17.125
vt 3.5000005 -17.125
vt -3.5000005 8.375
vt -3.2500005 8.375
vt -3.2500005 10.5
vt -3.5000005 10.5
vt 3.5000005 10.5
vt 3.2500005 10.5
vt 3.2500005 8.375
vt 3.5000005 8.375
vt -3.5000005 -17.125
vt -3.2500005 -17.125
vt -3.2500005 -16.25
vt -3.5000005 -16.25
vt -17.125 8.375
vt -16.25 8.375
vt 17.125 10.75
vt 16.25 10.75
vt 5.124998 -16.25
vt 3.1249986 -16.25
vt 3.1249986 -17.125
vt 5.124998 -17.125
vt -5.124998 10.5
vt -3.1249986 10.5
vt -3.1249986 10.75
vt -5.124998 10.75
vt 5.124998 10.75
vt 3.1249986 10.75
vt 3.1249986 10.5
vt 5.124998 10.5
vt -5.124998 -17.125
vt -3.1249986 -17.125
vt -3.1249986 -16.25
vt -5.124998 -16.25
vt -17.125 10.75
vt -16.25 10.75
vt 17.125 8.625
vt 16.25 8.625
vt 4.874998 -16.25
vt 3.3749986 -16.25
vt 3.3749986 -17.125
vt 4.874998 -17.125
vt -4.8750086 8.374996
vt -3.3749998 8.374998
vt -3.3749998 8.624999
vt -4.8749995 8.624999
vt 4.8749995 8.624999
vt 3.3749998 8.624999
vt 3.3749998 8.374998
vt 4.8750086 8.374996
vt -4.8750086 -17.125
vt -3.375 -17.125
vt -3.375 -16.25
vt -4.8750086 -16.25
vt -17.125 8.624998
vt -17.125 8.374996
vt -16.25 8.374996
vt -16.25 8.624998
vt 16.125 10.5
vt 15.25 10.5
vt 15.25 8.375
vt 16.125 8.375
vt -2.5 8.375
vt -2.25 8.375
vt -2.25 10.5
vt -2.5 10.5
vt 2.5 -15.25
vt 2.25 -15.25
vt 2.25 -16.125
vt 2.5 -16.125
vt -2.5 -16.125
vt -2.25 -16.125
vt -2.25 -15.25
vt -2.5 -15.25
vt 2.5 10.5
vt 2.25 10.5
vt 2.25 8.375
vt 2.5 8.375
vt -16.125 8.375
vt -15.25 8.375
vt -15.25 10.5
vt -16.125 10.5
vt 0.5 -15.25
vt 0.25 -15.25
vt 0.25 -16.125
vt 0.5 -16.125
vt -0.5 -16.125
vt -0.25 -16.125
vt -0.25 -15.25
vt -0.5 -15.25
vt 16.125 10.75
vt 15.25 10.75
vt -2.125 10.5
vt -2.125 10.75
vt 2.125 -15.25
vt 0.125 -15.25
vt 0.125 -16.125
vt 2.125 -16.125
vt -2.125 -16.125
vt -0.125 -16.125
vt -0.125 -15.25
vt -2.125 -15.25
vt 2.125 10.75
vt 2.125 10.5
vt -15.25 10.75
vt -16.125 10.75
vt 16.125 8.625
vt 15.25 8.625
vt -1.875 8.375
vt -0.375 8.375
vt -0.375 8.625
vt -1.875 8.625
vt 1.875 -15.25
vt 0.375 -15.25
vt 0.375 -16.125
vt 1.875 -16.125
vt -1.875 -16.125
vt -0.375 -16.125
vt -0.375 -15.25
vt -1.875 -15.25
vt 1.875 8.625
vt 0.375 8.625
vt 0.375 8.375
vt 1.875 8.375
vt -15.25 8.625
vt -16.125 8.625
vt -16.625 -6.125
vt -16.75 -6.25
vt -16.625 -6.375
vt -16.5 -6.25
vt 7.2556643 44
vt 7.2556643 33.375
vt 7.4324408 33.375
vt 7.4324408 44
vt 16.071514 44
vt 16.071514 33.375
vt 16.248291 33.375
vt 16.248291 44
vt -16.248291 44
vt -16.248291 33.375
vt -16.071514 33.375
vt -16.071514 44
vt -7.4324408 44
vt -7.4324408 33.375
vt -7.2556643 33.375
vt -7.2556643 44
vt 16.75 -6.25
vt 16.625 -6.125
vt 16.5 -6.25
vt 16.625 -6.375
vt -16.625 -5.875
vt -16.75 -6
vt -16.5 -6
vt 7.427539 44
vt 7.427539 33.375
vt 7.6043158 33.375
vt 7.6043158 44
vt 15.899639 44
vt 15.899639 33.375
vt 16.076416 33.375
vt 16.076416 44
vt -16.076416 44
vt -16.076416 33.375
vt -15.899639 33.375
vt -15.899639 44
vt -7.6043158 44
vt -7.6043158 33.375
vt -7.427539 33.375
vt -7.427539 44
vt 16.75 -6
vt 16.625 -5.875
vt 16.5 -6
vt -16.75 -6.5
vt -16.625 -6.625
vt -16.5 -6.5
vt 7.068164 44
vt 7.068164 33.375
vt 7.2449408 33.375
vt 7.2449408 44
vt 16.27464 44
vt 16.27464 33.375
vt 16.451416 33.375
vt 16.451416 44
vt -16.451416 44
vt -16.451416 33.375
vt -16.27464 33.375
vt -16.27464 44
vt -7.2449408 44
vt -7.2449408 33.375
vt -7.068164 33.375
vt -7.068164 44
vt 16.75 -6.5
vt 16.5 -6.5
vt 16.625 -6.625
vt 16.75 -4.75
vt 16.5 -4.75
vt 16.625 -4.625
vt 12.211837 68
vt 15.040264 44
vt 15.217041 44
vt 12.388614 68
vt -5.650888 68
vt -8.479315 44
vt -8.302539 44
vt -5.4741116 68
vt 5.4741116 68
vt 8.302539 44
vt 8.479315 44
vt 5.650888 68
vt -12.388614 68
vt -15.217041 44
vt -15.040264 44
vt -12.211837 68
vt 12.5 -4.75
vt 12.625 -4.875
vt 12.75 -4.75
vt 12.625 -4.625
vt -16.625 -4.625
vt -16.75 -4.75
vt -16.5 -4.75
vt 8.302539 33.375
vt 8.479315 33.375
vt 15.040264 33.375
vt 15.217041 33.375
vt -15.217041 33.375
vt -15.040264 33.375
vt -8.479315 33.375
vt -8.302539 33.375
vt -16.625 -5.375
vt -16.75 -5.5
vt -16.625 -5.625
vt -16.5 -5.5
vt 7.771289 44
vt 7.771289 33.375
vt 7.9480658 33.375
vt 7.9480658 44
vt 15.571514 44
vt 15.571514 33.375
vt 15.748291 33.375
vt 15.748291 44
vt -15.748291 44
vt -15.748291 33.375
vt -15.571514 33.375
vt -15.571514 44
vt -7.9480658 44
vt -7.9480658 33.375
vt -7.771289 33.375
vt -7.771289 44
vt 16.75 -5.5
vt 16.625 -5.375
vt 16.5 -5.5
vt 16.625 -5.625
vt 13.446212 68
vt 13.622989 68
vt -4.4165134 68
vt -4.2397366 68
vt 4.2397366 68
vt 4.4165134 68
vt -13.622989 68
vt -13.446212 68
vt 13.243087 68
vt 13.419864 68
vt -4.604014 68
vt -4.427237 68
vt 4.427237 68
vt 4.604014 68
vt -13.419864 68
vt -13.243087 68
vt 16.75 -5.25
vt 16.5 -5.25
vt 16.625 -5.125
vt 12.555587 68
vt 15.384014 44
vt 15.56079 44
vt 12.732364 68
vt -5.2915134 68
vt -8.119941 44
vt -7.943164 44
vt -5.1147366 68
vt 5.1147366 68
vt 7.943164 44
vt 8.119941 44
vt 5.2915134 68
vt -12.732364 68
vt -15.56079 44
vt -15.384014 44
vt -12.555587 68
vt 12.5 -5.25
vt 12.625 -5.375
vt 12.75 -5.25
vt 12.625 -5.125
vt -12.625 -6.375
vt -12.75 -6.5
vt -12.625 -6.625
vt -12.5 -6.5
vt 4.240039 71.5
vt 4.240039 68
vt 4.4168158 68
vt 4.4168158 71.5
vt 13.446514 71.5
vt 13.446514 68
vt 13.623291 68
vt 13.623291 71.5
vt -13.623291 71.5
vt -13.623291 68
vt -13.446514 68
vt -13.446514 71.5
vt -4.4168158 71.5
vt -4.4168158 68
vt -4.240039 68
vt -4.240039 71.5
vt 16.75 -5
vt 16.5 -5
vt 12.383712 68
vt 15.212139 44
vt 15.388916 44
vt 12.560489 68
vt -5.4790134 68
vt -8.307441 44
vt -8.130664 44
vt -5.3022366 68
vt 5.3022366 68
vt 8.130664 44
vt 8.307441 44
vt 5.4790134 68
vt -12.560489 68
vt -15.388916 44
vt -15.212139 44
vt -12.383712 68
vt 12.5 -5
vt 12.75 -5
vt 12.743088 68
vt 12.919864 68
vt -5.1196384 68
vt -4.942862 68
vt 4.942862 68
vt 5.1196384 68
vt -12.919864 68
vt -12.743088 68
vt 12.5 -5.5
vt 12.625 -5.625
vt 12.75 -5.5
vt 13.071212 68
vt 13.247989 68
vt -4.7758884 68
vt -4.599112 68
vt 4.599112 68
vt 4.7758884 68
vt -13.247989 68
vt -13.071212 68
vt 12.5 -6
vt 12.75 -6
vt 12.625 -5.875
vt -16.625 -5.125
vt -16.75 -5.25
vt -16.5 -5.25
vt 7.943164 33.375
vt 8.119941 33.375
vt 15.384014 33.375
vt 15.56079 33.375
vt -15.56079 33.375
vt -15.384014 33.375
vt -8.119941 33.375
vt -7.943164 33.375
vt 16.75 -5.75
vt 16.5 -5.75
vt 12.914962 68
vt 15.743389 44
vt 15.920166 44
vt 13.091739 68
vt -4.9477634 68
vt -7.7761903 44
vt -7.599414 44
vt -4.7709866 68
vt 4.7709866 68
vt 7.599414 44
vt 7.7761903 44
vt 4.9477634 68
vt -13.091739 68
vt -15.920166 44
vt -15.743389 44
vt -12.914962 68
vt 12.5 -5.75
vt 12.75 -5.75
vt 3.8864856 72.125
vt 3.974874 72.25
vt 13.888454 72.25
vt 13.62329 71.5
vt 13.976843 72.125
vt 3.974874 71.25001
vt 4.240039 70.50001
vt 4.4168158 70.62501
vt 13.446513 70.62501
vt 13.62329 70.50001
vt 13.888454 71.25001
vt 12.5 -72.239586
vt 12.625 -72.114586
vt 12.75 -72.239586
vt 12.625 -72.364586
vt -13.976843 -72.36312
vt -14.065231 -72.23812
vt -13.62329 -71.61312
vt -13.446513 -71.61312
vt -4.240039 -71.61312
vt -3.7980974 -72.23812
vt -3.8864856 -72.36312
vt -4.4168158 -71.61312
vt -16.75 -5
vt -16.5 -5
vt 8.130664 33.375
vt 8.307441 33.375
vt 15.212139 33.375
vt 15.388916 33.375
vt -15.388916 33.375
vt -15.212139 33.375
vt -8.307441 33.375
vt -8.130664 33.375
vt -16.75 -5.75
vt -16.5 -5.75
vt 7.599414 33.375
vt 7.7761903 33.375
vt 15.743389 33.375
vt 15.920166 33.375
vt -15.920166 33.375
vt -15.743389 33.375
vt -7.7761903 33.375
vt -7.599414 33.375
vt 12.75 5.25
vt 12.5 5.25
vt -5.1340146 80.125
vt -5.1340146 80
vt -5.3107915 80
vt -5.3107915 80.125
vt -12.536911 80.125
vt -12.536911 80
vt -12.713688 80
vt -12.713688 80.125
vt 12.713688 79.12501
vt 12.713688 79.00001
vt 12.536911 79.00001
vt 5.3107915 79.00001
vt 5.1340146 79.00001
vt 5.1340146 79.12501
vt -67.23266 4.875
vt -67.055885 4.875
vt -67.055885 -10.75
vt -67.23266 -10.75
vt 49.369335 -10.75
vt 49.19256 -10.75
vt 49.19256 4.875
vt 49.369335 4.875
vt 12.5 -83.125
vt 12.625 -83
vt 12.75 -83.125
vt 12.625 -83.25
vt -12.625 -83.25
vt -12.75 -83.125
vt -12.625 -83
vt -12.5 -83.125
vt -49.369335 4.875
vt -49.19256 4.875
vt -49.19256 -10.75
vt -49.369335 -10.75
vt 67.23266 -10.75
vt 67.055885 -10.75
vt 67.055885 4.875
vt 67.23266 4.875
vt 12.2717495 80.75
vt 12.536915 80
vt 12.183361 80.625
vt 5.6643443 80.625
vt 5.310791 80
vt 5.575956 80.75
vt 12.271746 79.75001
vt 5.5759525 79.75001
vt 5.3107877 79.00001
vt 5.134011 79.12501
vt 12.625 -80.864586
vt 12.75 -80.739586
vt 12.625 -80.614586
vt 12.5 -80.739586
vt -5.134014 -80.11312
vt -5.310791 -80.11312
vt -5.7527328 -80.73812
vt -5.6643443 -80.86312
vt -12.536915 -80.11312
vt -12.713692 -80.11312
vt -12.183361 -80.86312
vt -12.094973 -80.73812
vt 12.0998745 79.5
vt 12.36504 78.75
vt 12.011486 79.375
vt 5.83622 79.375
vt 5.4826665 78.75
vt 5.7478313 79.5
vt 12.099871 78.50001
vt 5.7478275 78.50001
vt 5.4826627 77.75001
vt 5.305886 77.87501
vt 12.625 -79.614586
vt 12.75 -79.489586
vt 12.625 -79.364586
vt 12.5 -79.489586
vt -5.3058896 -78.86312
vt -5.4826665 -78.86312
vt -5.924608 -79.48812
vt -5.83622 -79.61312
vt -12.365039 -78.86312
vt -12.541816 -78.86312
vt -12.011485 -79.61312
vt -11.923098 -79.48812
vt -64.67016 4.375
vt -64.493385 4.375
vt -64.493385 -11.25
vt -64.67016 -11.25
vt 46.80684 -11.25
vt 46.630062 -11.25
vt 46.630062 4.375
vt 46.80684 4.375
vt 12.5 -79.5
vt 12.625 -79.375
vt 12.75 -79.5
vt 12.625 -79.625
vt -12.625 -79.625
vt -12.75 -79.5
vt -12.625 -79.375
vt -12.5 -79.5
vt -46.80684 4.375
vt -46.630062 4.375
vt -46.630062 -11.25
vt -46.80684 -11.25
vt 64.67016 -11.25
vt 64.493385 -11.25
vt 64.493385 4.375
vt 64.67016 4.375
vt 11.928 79.375
vt 12.193165 78.625
vt 11.839612 79.25
vt 6.0237193 79.25
vt 5.670166 78.625
vt 5.9353313 79.375
vt 11.927997 78.37501
vt 5.935328 78.37501
vt 5.6701627 77.62501
vt 5.4933863 77.75001
vt 12.625 -78.50521
vt 12.75 -78.38021
vt 12.625 -78.25521
vt 12.5 -78.38021
vt -5.4933896 -77.753746
vt -5.670166 -77.753746
vt -6.1121078 -78.378746
vt -6.0237193 -78.503746
vt -12.193164 -77.753746
vt -12.369941 -77.753746
vt -11.839611 -78.503746
vt -11.751223 -78.378746
vt -65.545166 4.625
vt -65.368385 4.625
vt -65.368385 -11
vt -65.545166 -11
vt 47.69746 -11
vt 47.520683 -11
vt 47.520683 4.625
vt 47.69746 4.625
vt 12.5 -80.75
vt 12.625 -80.625
vt 12.75 -80.75
vt 12.625 -80.875
vt -12.625 -80.875
vt -12.75 -80.75
vt -12.625 -80.625
vt -12.5 -80.75
vt -47.69746 4.625
vt -47.520683 4.625
vt -47.520683 -11
vt -47.69746 -11
vt 65.545166 -11
vt 65.368385 -11
vt 65.368385 4.625
vt 65.545166 4.625
vt -64.59203 4.125
vt -64.41526 4.125
vt -64.41526 -11.5
vt -64.59203 -11.5
vt 46.744335 -11.5
vt 46.56756 -11.5
vt 46.56756 4.125
vt 46.744335 4.125
vt 12.5 -79.375
vt 12.625 -79.25
vt 12.75 -79.375
vt 12.625 -79.5
vt -12.625 -79.5
vt -12.75 -79.375
vt -12.625 -79.25
vt -12.5 -79.375
vt -46.744335 4.125
vt -46.56756 4.125
vt -46.56756 -11.5
vt -46.744335 -11.5
vt 64.59203 -11.5
vt 64.41526 -11.5
vt 64.41526 4.125
vt 64.59203 4.125
vt -12.625 -4.625
vt -12.75 -4.75
vt -12.625 -4.875
vt -12.5 -4.75
vt 5.4744143 78.625
vt 5.4744143 68
vt 5.6511908 68
vt 5.6511908 78.625
vt 12.212139 78.625
vt 12.212139 68
vt 12.388916 68
vt 12.388916 78.625
vt -12.388916 78.625
vt -12.388916 68
vt -12.212139 68
vt -12.212139 78.625
vt -5.6511908 78.625
vt -5.6511908 68
vt -5.4744143 68
vt -5.4744143 78.625
vt 12.4592495 83.125
vt 12.724415 82.375
vt 12.370861 83
vt 5.49247 83
vt 5.138916 82.375
vt 5.4040813 83.125
vt 12.901187 81.50001
vt 12.724411 81.37501
vt 12.459246 82.12501
vt 5.404078 82.12501
vt 5.1389127 81.37501
vt 4.9621363 81.50001
vt 12.625 -83.239586
vt 12.75 -83.114586
vt 12.625 -82.989586
vt 12.5 -83.114586
vt -4.9621396 -82.48812
vt -5.138916 -82.48812
vt -5.5808578 -83.11312
vt -5.49247 -83.23812
vt -12.724415 -82.48812
vt -12.901191 -82.48812
vt -12.370861 -83.23812
vt -12.282473 -83.11312
vt -59.545166 -22.75
vt -59.36839 -22.75
vt -59.36839 -7.125
vt -59.545166 -7.125
vt 41.681835 -7.125
vt 41.50506 -7.125
vt 41.50506 -22.75
vt 41.681835 -22.75
vt -12.5 -72.25
vt -12.625 -72.125
vt -12.75 -72.25
vt -12.625 -72.375
vt 12.625 -72.375
vt 12.75 -72.25
vt 12.625 -72.125
vt 12.5 -72.25
vt -41.681835 -22.75
vt -41.50506 -22.75
vt -41.50506 -7.125
vt -41.681835 -7.125
vt 59.545166 -7.125
vt 59.36839 -7.125
vt 59.36839 -22.75
vt 59.545166 -22.75
vt -12.625 -6.125
vt -12.75 -6.25
vt -12.5 -6.25
vt 4.411914 71.75
vt 4.411914 68
vt 4.5886908 68
vt 4.5886908 71.75
vt 13.259014 71.75
vt 13.259014 68
vt 13.435791 68
vt 13.435791 71.75
vt -13.435791 68
vt -13.259014 68
vt -4.5886908 68
vt -4.411914 68
vt -12.625 -5.875
vt -12.75 -6
vt -12.5 -6
vt 4.5994143 91.625
vt 4.5994143 68
vt 4.7761908 68
vt 4.7761908 91.625
vt 13.071514 91.625
vt 13.071514 68
vt 13.248291 68
vt 13.248291 91.625
vt -13.248291 91.625
vt -13.248291 68
vt -13.071514 68
vt -13.071514 91.625
vt -4.7761908 91.625
vt -4.7761908 68
vt -4.5994143 68
vt -4.5994143 91.625
vt -12.625 -5.125
vt -12.75 -5.25
vt -12.625 -5.375
vt -12.5 -5.25
vt 5.115039 80
vt 5.115039 68
vt 5.2918158 68
vt 5.2918158 80
vt 12.555889 80
vt 12.555889 68
vt 12.732666 68
vt 12.732666 80
vt -12.732666 80
vt -12.732666 68
vt -12.555889 68
vt -12.555889 80
vt -5.2918158 80
vt -5.2918158 68
vt -5.115039 68
vt -5.115039 80
vt -59.717045 -23.875
vt -59.540268 -23.875
vt -59.540268 -6.875
vt -59.717045 -6.875
vt 41.869335 -6.875
vt 41.69256 -6.875
vt 41.69256 -23.875
vt 41.869335 -23.875
vt -12.5 -72.5
vt -12.75 -72.5
vt -12.625 -72.625
vt 12.625 -72.625
vt 12.75 -72.5
vt 12.5 -72.5
vt -41.869335 -23.875
vt -41.69256 -23.875
vt -41.69256 -6.875
vt -41.869335 -6.875
vt 59.717045 -6.875
vt 59.540268 -6.875
vt 59.540268 -23.875
vt 59.717045 -23.875
vt 4.058361 72.375
vt 4.4119143 71.75
vt 4.1467495 72.5
vt 13.700954 72.5
vt 13.435789 71.75
vt 13.789342 72.375
vt 4.146749 71.50001
vt 13.259013 70.87501
vt 13.43579 70.75001
vt 13.700955 71.50001
vt 12.5 -72.489586
vt 12.75 -72.489586
vt 12.625 -72.614586
vt -13.789343 -72.61312
vt -13.877731 -72.48812
vt -13.43579 -71.86312
vt -13.259013 -71.86312
vt -4.4119143 -71.86312
vt -3.9699726 -72.48812
vt -4.058361 -72.61312
vt -4.588691 -71.86312
vt -12.625 -5.625
vt -12.75 -5.75
vt -12.5 -5.75
vt 4.771289 91.625
vt 4.771289 68
vt 4.9480658 68
vt 4.9480658 91.625
vt 12.915264 91.625
vt 12.915264 68
vt 13.092041 68
vt 13.092041 91.625
vt -13.092041 91.625
vt -13.092041 68
vt -12.915264 68
vt -12.915264 91.625
vt -4.9480658 91.625
vt -4.9480658 68
vt -4.771289 68
vt -4.771289 91.625
vt -12.75 -5.5
vt -12.5 -5.5
vt 4.943164 82.375
vt 4.943164 68
vt 5.1199403 68
vt 5.1199403 82.375
vt 12.743389 82.375
vt 12.743389 68
vt 12.920165 68
vt 12.920165 82.375
vt -12.920165 82.375
vt -12.920165 68
vt -12.743389 68
vt -12.743389 82.375
vt -5.1199403 82.375
vt -5.1199403 68
vt -4.943164 68
vt -4.943164 82.375
vt -12.75 -5
vt -12.5 -5
vt 5.302539 78.75
vt 5.302539 68
vt 5.4793158 68
vt 5.4793158 78.75
vt 12.384014 78.75
vt 12.384014 68
vt 12.560791 68
vt 12.560791 78.75
vt -12.560791 78.75
vt -12.560791 68
vt -12.384014 68
vt -12.384014 78.75
vt -5.4793158 78.75
vt -5.4793158 68
vt -5.302539 68
vt -5.302539 78.75
vt 17.749998 1.9375007
vt 21.499998 1.937501
vt 21.499998 2.062501
vt 17.749998 2.0625007
vt 17.338387 25.102512
vt 21.088387 25.102512
vt 21.088387 25.1909
vt 17.338387 25.1909
vt 21.204506 -21.854221
vt 21.204506 -21.765833
vt 17.454506 -21.765835
vt 17.454506 -21.854221
vt 16.874998 33.0625
vt 16.874998 32.9375
vt 20.624998 32.9375
vt 20.624998 33.0625
vt -33 -2.8125005
vt -32.9375 -2.8750005
vt -32.8125 -2.8750005
vt -32.75 -2.8125005
vt -32.75 -2.6875005
vt -32.8125 -2.6250005
vt -32.9375 -2.6250005
vt -33 -2.6875005
vt -33 1.9374995
vt -32.9375 1.8749995
vt -32.8125 1.8749995
vt -32.75 1.9374995
vt -32.75 2.0624995
vt -32.8125 2.1249995
vt -32.9375 2.1249995
vt -33 2.0624995
vt 21.375 -32.8125
vt 21.375 -32.6875
vt 17.625 -32.6875
vt 17.625 -32.8125
vt 17.045494 22.104221
vt 17.045494 22.015833
vt 20.795494 22.015833
vt 20.795494 22.104221
vt 20.911613 -24.940905
vt 20.911613 -24.852516
vt 17.161613 -24.852516
vt 17.161613 -24.940905
vt 17.750002 -2.812499
vt 21.500002 -2.8124988
vt 21.500002 -2.6874988
vt 17.750002 -2.687499
vt 18.249998 2.1250007
vt 18.249998 3.6250007
vt 18.124998 3.6250007
vt 18.124998 2.1250007
vt 18.000002 44
vt 18.000002 33.125
vt 18.125002 33.125
vt 18.125002 44
vt -43.375 -3.125001
vt -32.5 -3.1250005
vt -32.5 -1.6250005
vt -43.375 -1.625001
vt -43.375 2.3749988
vt -32.5 2.3749993
vt -32.5 3.8749993
vt -43.375 3.8749988
vt 17.375002 -43.75
vt 17.375002 -32.875
vt 17.250002 -32.875
vt 17.250002 -43.75
vt 18.125002 -1.8749993
vt 18.125002 -3.3749993
vt 18.250002 -3.3749993
vt 18.250002 -1.8749993
vt 20.499998 2.250001
vt 20.499998 3.750001
vt 20.374998 3.750001
vt 20.374998 2.250001
vt 20.250002 44.125
vt 20.250002 33.25
vt 20.375002 33.25
vt 20.375002 44.125
vt 19.625002 -43.625
vt 19.625002 -32.75
vt 19.500002 -32.75
vt 19.500002 -43.625
vt 20.375002 -1.7499992
vt 20.375002 -3.249999
vt 20.500002 -3.249999
vt 20.500002 -1.7499992
vt 17.374998 2.6875007
vt 21.124998 2.687501
vt 21.124998 2.812501
vt 17.374998 2.8125007
vt 17.073223 25.632841
vt 20.823223 25.632841
vt 20.823223 25.72123
vt 17.073223 25.72123
vt 20.93934 -21.323893
vt 20.93934 -21.235504
vt 17.18934 -21.235504
vt 17.18934 -21.323893
vt -33.625 -3.5625005
vt -33.5625 -3.6250005
vt -33.4375 -3.6250005
vt -33.375 -3.5625005
vt -33.375 -3.4375005
vt -33.4375 -3.3750005
vt -33.5625 -3.3750005
vt -33.625 -3.4375005
vt -33.375 3.687499
vt -33.3125 3.624999
vt -33.1875 3.624999
vt -33.125 3.687499
vt -33.125 3.812499
vt -33.1875 3.874999
vt -33.3125 3.874999
vt -33.375 3.812499
vt 17.31066 21.573893
vt 17.31066 21.485504
vt 21.06066 21.485504
vt 21.06066 21.573893
vt 21.176777 -25.471233
vt 21.176777 -25.382845
vt 17.426777 -25.382847
vt 17.426777 -25.471233
vt 17.125002 -3.562499
vt 20.875002 -3.5624988
vt 20.875002 -3.4374988
vt 17.125002 -3.437499
vt 18.999998 2.500001
vt 18.999998 4.000001
vt 18.874998 4.000001
vt 18.874998 2.500001
vt 18.750002 43.375
vt 18.750002 32.5
vt 18.875002 32.5
vt 18.875002 43.375
vt 18.125002 -43.375
vt 18.125002 -32.5
vt 18.000002 -32.5
vt 18.000002 -43.375
vt 18.875002 -2.499999
vt 18.875002 -3.999999
vt 19.000002 -3.999999
vt 19.000002 -2.499999
vt 19.749998 1.8750008
vt 19.749998 3.3750007
vt 19.624998 3.3750007
vt 19.624998 1.8750008
vt 19.500002 43.75
vt 19.500002 32.875
vt 19.625002 32.875
vt 19.625002 43.75
vt 18.875002 -44
vt 18.875002 -33.125
vt 18.750002 -33.125
vt 18.750002 -44
vt 19.625002 -2.124999
vt 19.625002 -3.624999
vt 19.750002 -3.624999
vt 19.750002 -2.124999
vt 13.749998 -3.0624998
vt 17.499998 -3.0624995
vt 17.499998 -2.9374995
vt 13.749998 -2.9374998
vt 13.338387 56.102512
vt 17.088387 56.102512
vt 17.088387 56.1909
vt 13.338387 56.1909
vt 17.204506 -60.854225
vt 17.204506 -60.765835
vt 13.454506 -60.765835
vt 13.454506 -60.854225
vt 12.874996 83.0625
vt 12.874996 82.9375
vt 16.624996 82.9375
vt 16.624996 83.0625
vt -84 3.1874974
vt -83.9375 3.1249974
vt -83.8125 3.1249974
vt -83.75 3.1874974
vt -83.75 3.3124974
vt -83.8125 3.3749974
vt -83.9375 3.3749974
vt -84 3.3124974
vt -84 -3.0625029
vt -83.9375 -3.1250029
vt -83.8125 -3.1250029
vt -83.75 -3.0625029
vt -83.75 -2.9375029
vt -83.8125 -2.8750029
vt -83.9375 -2.8750029
vt -84 -2.9375029
vt 17.375 -83.8125
vt 17.375 -83.6875
vt 13.625 -83.6875
vt 13.625 -83.8125
vt 13.045494 61.10422
vt 13.045494 61.01583
vt 16.795494 61.015835
vt 16.795494 61.10422
vt 16.911613 -56.940903
vt 16.911613 -56.852512
vt 13.161613 -56.852516
vt 13.161613 -56.940903
vt 13.750002 3.1875005
vt 17.500002 3.1875007
vt 17.500002 3.3125007
vt 13.750002 3.3125005
vt 14.249998 -3.8749995
vt 14.249998 -2.3749995
vt 14.124998 -2.3749995
vt 14.124998 -3.8749995
vt 14.000002 87.875
vt 14.000002 83.125
vt 14.125002 83.125
vt 14.125002 87.875
vt -88.25 1.8749976
vt -83.5 1.8749979
vt -83.5 3.3749979
vt -88.25 3.3749976
vt -88.25 -3.6250029
vt -83.5 -3.6250026
vt -83.5 -2.1250026
vt -88.25 -2.1250029
vt 14.375 -87.625
vt 14.375 -82.875
vt 14.25 -82.875
vt 14.25 -87.625
vt 14.125002 4.1250005
vt 14.125002 2.6250005
vt 14.250002 2.6250005
vt 14.250002 4.1250005
vt 16.499998 -3.7499993
vt 16.499998 -2.2499993
vt 16.374998 -2.2499993
vt 16.374998 -3.7499993
vt 16.250002 88
vt 16.250002 83.25
vt 16.375002 83.25
vt 16.375002 88
vt 16.625 -87.5
vt 16.625 -82.75
vt 16.5 -82.75
vt 16.5 -87.5
vt 16.375002 3.2500007
vt 16.375002 1.7500007
vt 16.500002 1.7500007
vt 16.500002 3.2500007
vt 13.374998 -2.3124998
vt 17.124998 -2.3124995
vt 17.124998 -2.1874995
vt 13.374998 -2.1874998
vt 13.073223 56.632843
vt 16.823223 56.632843
vt 16.823223 56.72123
vt 13.073223 56.72123
vt 16.939339 -60.32389
vt 16.939339 -60.2355
vt 13.189341 -60.2355
vt 13.189341 -60.32389
vt -83.625 2.4374974
vt -83.5625 2.3749974
vt -83.4375 2.3749974
vt -83.375 2.4374974
vt -83.375 2.5624974
vt -83.4375 2.6249974
vt -83.5625 2.6249974
vt -83.625 2.5624974
vt -83.375 -2.3125029
vt -83.3125 -2.3750029
vt -83.1875 -2.3750029
vt -83.125 -2.3125029
vt -83.125 -2.1875029
vt -83.1875 -2.1250029
vt -83.3125 -2.1250029
vt -83.375 -2.1875029
vt 13.310659 60.57389
vt 13.310659 60.485504
vt 17.060661 60.485504
vt 17.060661 60.57389
vt 17.176777 -57.471233
vt 17.176777 -57.382843
vt 13.426777 -57.382843
vt 13.426777 -57.471233
vt 13.125002 2.4375005
vt 16.875002 2.4375007
vt 16.875002 2.5625007
vt 13.125002 2.5625005
vt 14.999998 -3.4999995
vt 14.999998 -1.9999995
vt 14.874998 -1.9999995
vt 14.874998 -3.4999995
vt 14.750002 88.25
vt 14.750002 83.5
vt 14.875002 83.5
vt 14.875002 88.25
vt 15.125 -88.25
vt 15.125 -83.5
vt 15 -83.5
vt 15 -88.25
vt 14.875002 3.5000007
vt 14.875002 2.0000007
vt 15.000002 2.0000007
vt 15.000002 3.5000007
vt 15.749998 -3.1249995
vt 15.749998 -1.6249995
vt 15.624998 -1.6249995
vt 15.624998 -3.1249995
vt 15.500002 87.625
vt 15.500002 82.875
vt 15.625002 82.875
vt 15.625002 87.625
vt 15.875 -87.875
vt 15.875 -83.125
vt 15.75 -83.125
vt 15.75 -87.875
vt 15.625002 3.8750007
vt 15.625002 2.3750007
vt 15.750002 2.3750007
vt 15.750002 3.8750007
vt 13.073223 59.632843
vt 16.823223 59.632843
vt 16.823223 59.72123
vt 13.073223 59.72123
vt 16.939339 -63.323887
vt 16.939339 -63.2355
vt 13.189341 -63.235504
vt 13.189341 -63.323887
vt 12.874996 87.0625
vt 12.874996 86.9375
vt 16.624996 86.9375
vt 16.624996 87.0625
vt -87.625 2.4374971
vt -87.5625 2.3749971
vt -87.4375 2.3749971
vt -87.375 2.4374971
vt -87.375 2.5624971
vt -87.4375 2.6249971
vt -87.5625 2.6249971
vt -87.625 2.5624971
vt -87.375 -2.3125029
vt -87.3125 -2.3750029
vt -87.1875 -2.3750029
vt -87.125 -2.3125029
vt -87.125 -2.1875029
vt -87.1875 -2.1250029
vt -87.3125 -2.1250029
vt -87.375 -2.1875029
vt 17.375 -87.8125
vt 17.375 -87.6875
vt 13.625 -87.6875
vt 13.625 -87.8125
vt 13.310659 63.573895
vt 13.310659 63.485504
vt 17.060661 63.485504
vt 17.060661 63.573895
vt 17.176777 -59.471233
vt 17.176777 -59.382847
vt 13.426777 -59.382847
vt 13.426777 -59.471233
vt 13.338387 59.102512
vt 17.088387 59.102512
vt 17.088387 59.190903
vt 13.338387 59.1909
vt 17.204506 -63.854225
vt 17.204506 -63.76584
vt 13.454506 -63.76584
vt 13.454506 -63.854225
vt -88 3.1874971
vt -87.9375 3.1249971
vt -87.8125 3.1249971
vt -87.75 3.1874971
vt -87.75 3.3124971
vt -87.8125 3.3749971
vt -87.9375 3.3749971
vt -88 3.3124971
vt -88 -3.0625029
vt -87.9375 -3.1250029
vt -87.8125 -3.1250029
vt -87.75 -3.0625029
vt -87.75 -2.9375029
vt -87.8125 -2.8750029
vt -87.9375 -2.8750029
vt -88 -2.9375029
vt 13.045494 64.104225
vt 13.045494 64.01584
vt 16.795494 64.01584
vt 16.795494 64.104225
vt 16.911613 -58.940903
vt 16.911613 -58.852516
vt 13.161613 -58.852516
vt 13.161613 -58.940903
vt 13.75 9.187501
vt 17.5 9.187501
vt 17.5 9.312501
vt 13.75 9.312501
vt 13.1616125 76.059105
vt 16.911613 76.059105
vt 16.911613 76.14749
vt 13.1616125 76.14749
vt 16.795494 -62.98416
vt 16.795494 -62.895775
vt 13.045494 -62.895775
vt 13.045494 -62.98416
vt 13.624996 99.3125
vt 13.624996 99.1875
vt 17.374996 99.1875
vt 17.374996 99.3125
vt 99.25 9.312504
vt 99.1875 9.375004
vt 99.0625 9.375004
vt 99 9.312504
vt 99 9.187504
vt 99.0625 9.125004
vt 99.1875 9.125004
vt 99.25 9.187504
vt 99.25 -8.937496
vt 99.1875 -8.874996
vt 99.0625 -8.874996
vt 99 -8.937496
vt 99 -9.062496
vt 99.0625 -9.124996
vt 99.1875 -9.124996
vt 99.25 -9.062496
vt 17.625004 -99.0625
vt 17.625004 -98.9375
vt 13.875004 -98.9375
vt 13.875004 -99.0625
vt 13.454506 63.23416
vt 13.454506 63.145775
vt 17.204506 63.145775
vt 17.204506 63.23416
vt 17.088387 -76.89749
vt 17.088387 -76.8091
vt 13.3383875 -76.8091
vt 13.3383875 -76.89749
vt 13.75 -9.062499
vt 17.5 -9.062499
vt 17.5 -8.937499
vt 13.75 -8.937499
vt 14.25 8.625
vt 14.25 10.125
vt 14.125 10.125
vt 14.125 8.625
vt 13.250001 99.125
vt 13.250003 67.125
vt 13.375003 67.125
vt 13.375001 99.125
vt 99.5 10.375003
vt 67.5 10.375001
vt 67.5 8.875001
vt 99.5 8.875003
vt 99.5 -8.124996
vt 67.5 -8.124998
vt 67.5 -9.624998
vt 99.5 -9.624996
vt 14.125004 -99.875
vt 14.125002 -67.875
vt 14.000002 -67.875
vt 14.000004 -99.875
vt 14.125 -8.374999
vt 14.125 -9.874999
vt 14.25 -9.874999
vt 14.25 -8.374999
vt 13.125 8.437501
vt 16.875 8.437501
vt 16.875 8.562501
vt 13.125 8.562501
vt 13.426777 75.52877
vt 17.176777 75.52877
vt 17.176777 75.61716
vt 13.426777 75.61716
vt 17.060658 -63.51449
vt 17.060658 -63.4261
vt 13.310659 -63.4261
vt 13.310659 -63.51449
vt 99.625 8.562504
vt 99.5625 8.625004
vt 99.4375 8.625004
vt 99.375 8.562504
vt 99.375 8.437504
vt 99.4375 8.375004
vt 99.5625 8.375004
vt 99.625 8.437504
vt 98.875 -8.187496
vt 98.8125 -8.124996
vt 98.6875 -8.124996
vt 98.625 -8.187496
vt 98.625 -8.312496
vt 98.6875 -8.374996
vt 98.8125 -8.374996
vt 98.875 -8.312496
vt 13.189341 63.764496
vt 13.189341 63.6761
vt 16.939342 63.6761
vt 16.939342 63.764496
vt 16.823223 -76.36716
vt 16.823223 -76.27877
vt 13.073223 -76.27877
vt 13.073223 -76.36716
vt 13.375 -8.312499
vt 17.125 -8.312499
vt 17.125 -8.187499
vt 13.375 -8.187499
vt 15 8.000001
vt 15 9.500001
vt 14.875 9.500001
vt 14.875 8.000001
vt 14.000001 99.5
vt 14.000002 78.25
vt 14.125002 78.25
vt 14.125001 99.5
vt 78.25 10.375002
vt 78.25 8.875002
vt 78.25 -8.124997
vt 78.25 -9.624997
vt 14.875004 -99.5
vt 14.875003 -78.25
vt 14.750003 -78.25
vt 14.750004 -99.5
vt 14.875 -7.999999
vt 14.875 -9.499999
vt 15 -9.499999
vt 15 -7.999999
vt 15.75 8.375
vt 15.75 9.875
vt 15.625 9.875
vt 15.625 8.375
vt 14.750001 99.875
vt 14.750002 78.75
vt 14.875002 78.75
vt 14.875001 99.875
vt 78.375 10.375002
vt 78.375 8.875002
vt 78.375 -8.124997
vt 78.375 -9.624997
vt 15.625004 -99.125
vt 15.625003 -78
vt 15.500003 -78
vt 15.500004 -99.125
vt 15.625 -8.624999
vt 15.625 -10.124999
vt 15.75 -10.124999
vt 15.75 -8.624999
vt 13.475321 53.431683
vt 17.22532 53.431683
vt 17.22532 53.52007
vt 13.475321 53.52007
vt 17.012115 -41.417404
vt 17.012115 -41.329018
vt 13.2621155 -41.329018
vt 13.2621155 -41.417404
vt 13.249998 68.0625
vt 13.249998 67.9375
vt 16.999996 67.9375
vt 16.999996 68.0625
vt 68.375 8.937502
vt 68.3125 9.000002
vt 68.1875 9.000002
vt 68.125 8.937502
vt 68.125 8.812502
vt 68.1875 8.750002
vt 68.3125 8.750002
vt 68.375 8.812502
vt 67.625 -8.812498
vt 67.5625 -8.749998
vt 67.4375 -8.749998
vt 67.375 -8.812498
vt 67.375 -8.937498
vt 67.4375 -8.999998
vt 67.5625 -8.999998
vt 67.625 -8.937498
vt 17.000004 -67.8125
vt 17.000004 -67.6875
vt 13.250002 -67.6875
vt 13.250002 -67.8125
vt 13.2378845 41.667404
vt 13.2378845 41.579018
vt 16.987885 41.579018
vt 16.987885 41.667404
vt 16.77468 -54.270073
vt 16.77468 -54.181683
vt 13.024679 -54.181683
vt 13.024679 -54.270073
vt 13.2101555 53.96201
vt 16.960155 53.96201
vt 16.960155 54.0504
vt 13.2101555 54.0504
vt 16.74695 -40.887074
vt 16.74695 -40.798687
vt 12.99695 -40.798687
vt 12.99695 -40.887074
vt 68 9.687502
vt 67.9375 9.750002
vt 67.8125 9.750002
vt 67.75 9.687502
vt 67.75 9.562502
vt 67.8125 9.500002
vt 67.9375 9.500002
vt 68 9.562502
vt 68 -9.562498
vt 67.9375 -9.499998
vt 67.8125 -9.499998
vt 67.75 -9.562498
vt 67.75 -9.687498
vt 67.8125 -9.749998
vt 67.9375 -9.749998
vt 68 -9.687498
vt 13.50305 41.137077
vt 13.50305 41.048687
vt 17.25305 41.048687
vt 17.25305 41.137077
vt 17.039845 -54.8004
vt 17.039845 -54.712013
vt 13.2898445 -54.712013
vt 13.2898445 -54.800404
vt 13.475321 61.431683
vt 17.225323 61.431683
vt 17.225323 61.52007
vt 13.475321 61.52007
vt 17.012115 -49.417404
vt 17.012115 -49.329018
vt 13.2621155 -49.329018
vt 13.2621155 -49.417404
vt 13.249998 79.0625
vt 13.249998 78.9375
vt 16.999998 78.9375
vt 16.999998 79.0625
vt 79.375 8.937502
vt 79.3125 9.000002
vt 79.1875 9.000002
vt 79.125 8.937502
vt 79.125 8.812502
vt 79.1875 8.750002
vt 79.3125 8.750002
vt 79.375 8.812502
vt 78.625 -8.812498
vt 78.5625 -8.749998
vt 78.4375 -8.749998
vt 78.375 -8.812498
vt 78.375 -8.937498
vt 78.4375 -8.999998
vt 78.5625 -8.999998
vt 78.625 -8.937498
vt 17.000002 -78.8125
vt 17.000002 -78.6875
vt 13.250002 -78.6875
vt 13.250002 -78.8125
vt 13.2378845 49.667404
vt 13.2378845 49.579014
vt 16.987885 49.579014
vt 16.987885 49.667404
vt 16.774677 -61.27007
vt 16.774677 -61.18168
vt 13.024679 -61.181683
vt 13.024679 -61.27007
vt 13.2101555 61.962013
vt 16.960155 61.962013
vt 16.960155 62.0504
vt 13.2101555 62.0504
vt 16.74695 -48.887077
vt 16.74695 -48.798687
vt 12.99695 -48.798687
vt 12.99695 -48.887077
vt 79 9.687502
vt 78.9375 9.750002
vt 78.8125 9.750002
vt 78.75 9.687502
vt 78.75 9.562502
vt 78.8125 9.500002
vt 78.9375 9.500002
vt 79 9.562502
vt 79 -9.562498
vt 78.9375 -9.499998
vt 78.8125 -9.499998
vt 78.75 -9.562498
vt 78.75 -9.687498
vt 78.8125 -9.749998
vt 78.9375 -9.749998
vt 79 -9.687498
vt 13.50305 49.137074
vt 13.50305 49.048683
vt 17.25305 49.048683
vt 17.25305 49.137074
vt 17.039845 -61.8004
vt 17.039845 -61.71201
vt 13.2898445 -61.71201
vt 13.2898445 -61.8004
vt 15.749995 99.875
vt 15.749996 78.75
vt 15.874996 78.75
vt 15.874995 99.875
vt 12.75 9.187501
vt 16.5 9.187501
vt 16.5 9.312501
vt 12.75 9.312501
vt 12.161613 54.059097
vt 15.911613 54.059097
vt 15.911613 54.147484
vt 12.161613 54.147484
vt 16.795494 -40.984165
vt 16.795494 -40.89578
vt 13.045495 -40.89578
vt 13.045495 -40.984165
vt 12.625002 67.3125
vt 12.625002 67.1875
vt 16.375 67.1875
vt 16.375 67.3125
vt 67.25 9.312502
vt 67.1875 9.375002
vt 67.0625 9.375002
vt 67 9.312502
vt 67 9.187502
vt 67.0625 9.125002
vt 67.1875 9.125002
vt 67.25 9.187502
vt 67.25 -8.937498
vt 67.1875 -8.874998
vt 67.0625 -8.874998
vt 67 -8.937498
vt 67 -9.062498
vt 67.0625 -9.124998
vt 67.1875 -9.124998
vt 67.25 -9.062498
vt 16.625 -67.0625
vt 16.625 -66.9375
vt 12.874998 -66.9375
vt 12.874998 -67.0625
vt 12.454505 40.234165
vt 12.454505 40.145775
vt 16.204506 40.145775
vt 16.204506 40.234165
vt 16.088387 -53.89749
vt 16.088387 -53.8091
vt 12.338387 -53.8091
vt 12.338387 -53.89749
vt 12.75 -9.062499
vt 16.5 -9.062499
vt 16.5 -8.937499
vt 12.75 -8.937499
vt 17 9.125001
vt 16.875 9.125001
vt 16.875 7.625001
vt 17 7.625001
vt 43.5 -8.124999
vt 43.5 -9.624999
vt 13.250002 67.125
vt 17.000004 43.125
vt 17.125004 43.125
vt 13.375002 67.125
vt 13.124998 -67.875
vt 16.874996 -43.875
vt 16.749996 -43.875
vt 12.999998 -67.875
vt 67.5 9.375002
vt 43.5 9.375001
vt 43.5 7.875001
vt 67.5 7.875002
vt 13.25 -8.374999
vt 13.125 -8.374999
vt 13.125 -9.874999
vt 13.25 -9.874999
vt 19.25 9.250001
vt 19.125 9.250001
vt 19.125 7.750001
vt 19.25 7.750001
vt 15.500001 67.25
vt 19.250002 43.25
vt 19.375002 43.25
vt 15.625001 67.25
vt 15.374999 -67.75
vt 19.124998 -43.75
vt 18.999998 -43.75
vt 15.249999 -67.75
vt 15.5 -8.249999
vt 15.375 -8.249999
vt 15.375 -9.749999
vt 15.5 -9.749999
vt 12.426777 53.528767
vt 16.176777 53.528767
vt 16.176777 53.617153
vt 12.426777 53.617153
vt 16.060661 -41.514492
vt 16.060661 -41.426105
vt 12.31066 -41.426105
vt 12.31066 -41.514492
vt 67.625 8.562502
vt 67.5625 8.625002
vt 67.4375 8.625002
vt 67.375 8.562502
vt 67.375 8.437502
vt 67.4375 8.375002
vt 67.5625 8.375002
vt 67.625 8.437502
vt 66.875 -8.187498
vt 66.8125 -8.124998
vt 66.6875 -8.124998
vt 66.625 -8.187498
vt 66.625 -8.312498
vt 66.6875 -8.374998
vt 66.8125 -8.374998
vt 66.875 -8.312498
vt 12.18934 40.7645
vt 12.18934 40.67611
vt 15.93934 40.67611
vt 15.93934 40.7645
vt 16.823223 -53.367153
vt 16.823223 -53.278763
vt 13.073223 -53.278763
vt 13.073223 -53.367153
vt 12.375 -8.312499
vt 16.125 -8.312499
vt 16.125 -8.187499
vt 12.375 -8.187499
vt 17.75 9.500001
vt 17.625 9.500001
vt 17.625 8.000001
vt 17.75 8.000001
vt 14.000001 67.5
vt 17.750002 43.5
vt 17.875002 43.5
vt 14.125001 67.5
vt 13.874999 -67.5
vt 17.624998 -43.5
vt 17.499998 -43.5
vt 13.749999 -67.5
vt 14 -7.999999
vt 13.875 -7.999999
vt 13.875 -9.499999
vt 14 -9.499999
vt 18.5 9.875001
vt 18.375 9.875001
vt 18.375 8.375001
vt 18.5 8.375001
vt 14.750001 67.875
vt 18.500002 43.875
vt 18.625002 43.875
vt 14.875001 67.875
vt 14.624999 -67.125
vt 18.374998 -43.125
vt 18.249998 -43.125
vt 14.499999 -67.125
vt 14.75 -7.625
vt 14.625 -7.625
vt 14.625 -9.125
vt 14.75 -9.125
vt 12.75 3.1875002
vt 16.5 3.1875005
vt 16.5 3.3125005
vt 12.75 3.3125002
vt 12.161613 49.059093
vt 15.911613 49.059093
vt 15.911613 49.147484
vt 12.161613 49.147484
vt 16.795494 -44.98417
vt 16.795494 -44.89578
vt 13.045495 -44.89578
vt 13.045495 -44.98417
vt 67.25 3.312502
vt 67.1875 3.375002
vt 67.0625 3.375002
vt 67 3.312502
vt 67 3.187502
vt 67.0625 3.125002
vt 67.1875 3.125002
vt 67.25 3.187502
vt 67.25 -2.937498
vt 67.1875 -2.874998
vt 67.0625 -2.874998
vt 67 -2.937498
vt 67 -3.062498
vt 67.0625 -3.124998
vt 67.1875 -3.124998
vt 67.25 -3.062498
vt 12.454505 45.234165
vt 12.454505 45.145775
vt 16.204506 45.145775
vt 16.204506 45.234165
vt 16.088387 -49.897488
vt 16.088387 -49.8091
vt 12.338387 -49.8091
vt 12.338387 -49.897488
vt 12.75 -3.0624993
vt 16.5 -3.062499
vt 16.5 -2.937499
vt 12.75 -2.9374993
vt 17 3.1250007
vt 16.875 3.1250007
vt 16.875 1.6250007
vt 17 1.6250007
vt 67.5 -2.1249976
vt 43.5 -2.1249986
vt 43.5 -3.6249986
vt 67.5 -3.6249976
vt 13.250002 68.125
vt 17.000004 44.125
vt 17.125004 44.125
vt 13.375002 68.125
vt 67.5 3.375002
vt 43.5 3.375001
vt 43.5 1.875001
vt 67.5 1.875002
vt 13.25 -2.374999
vt 13.125 -2.374999
vt 13.125 -3.874999
vt 13.25 -3.874999
vt 19.25 3.250001
vt 19.125 3.250001
vt 19.125 1.7500008
vt 19.25 1.7500008
vt 15.5 -2.249999
vt 15.375 -2.249999
vt 15.375 -3.749999
vt 15.5 -3.749999
vt 13.125 2.4375002
vt 16.875 2.4375005
vt 16.875 2.5625005
vt 13.125 2.5625002
vt 12.426777 48.528763
vt 16.176777 48.528763
vt 16.176777 48.617153
vt 12.426777 48.617153
vt 16.060661 -45.514492
vt 16.060661 -45.426105
vt 12.31066 -45.426105
vt 12.31066 -45.514492
vt 67.625 2.562502
vt 67.5625 2.625002
vt 67.4375 2.625002
vt 67.375 2.562502
vt 67.375 2.437502
vt 67.4375 2.375002
vt 67.5625 2.375002
vt 67.625 2.437502
vt 67.875 -2.187498
vt 67.8125 -2.124998
vt 67.6875 -2.124998
vt 67.625 -2.187498
vt 67.625 -2.312498
vt 67.6875 -2.374998
vt 67.8125 -2.374998
vt 67.875 -2.312498
vt 12.18934 45.764496
vt 12.18934 45.676105
vt 15.93934 45.676105
vt 15.93934 45.764496
vt 16.823223 -49.367157
vt 16.823223 -49.278767
vt 13.073223 -49.278767
vt 13.073223 -49.367157
vt 12.375 -2.3124993
vt 16.125 -2.312499
vt 16.125 -2.187499
vt 12.375 -2.1874993
vt 17.75 3.5000007
vt 17.625 3.5000007
vt 17.625 2.000001
vt 17.75 2.000001
vt 14 -1.9999992
vt 13.875 -1.9999992
vt 13.875 -3.499999
vt 14 -3.499999
vt 18.5 3.8750007
vt 18.375 3.8750007
vt 18.375 2.375001
vt 18.5 2.375001
vt 14.624999 -68.125
vt 18.374998 -44.125
vt 18.249998 -44.125
vt 14.499999 -68.125
vt 14.75 -2.624999
vt 14.625 -2.624999
vt 14.625 -4.124999
vt 14.75 -4.124999
vt 13.749998 -2.0624993
vt 17.499998 -2.062499
vt 17.499998 -1.9374992
vt 13.749998 -1.9374993
vt 13.338387 57.102512
vt 17.088387 57.102512
vt 17.088387 57.1909
vt 13.338387 57.1909
vt 17.204506 -59.85422
vt 17.204506 -59.76583
vt 13.454506 -59.76583
vt 13.454506 -59.85422
vt -84 2.1874974
vt -83.9375 2.1249974
vt -83.8125 2.1249974
vt -83.75 2.1874974
vt -83.75 2.3124974
vt -83.8125 2.3749974
vt -83.9375 2.3749974
vt -84 2.3124974
vt -84 -2.0625026
vt -83.9375 -2.1250024
vt -83.8125 -2.1250024
vt -83.75 -2.0625026
vt -83.75 -1.9375026
vt -83.8125 -1.8750026
vt -83.9375 -1.8750026
vt -84 -1.9375026
vt 13.045494 60.10422
vt 13.045494 60.015835
vt 16.795494 60.015835
vt 16.795494 60.10422
vt 16.911613 -57.940907
vt 16.911613 -57.852516
vt 13.161613 -57.852516
vt 13.161613 -57.940907
vt 13.750002 2.1875007
vt 17.500002 2.187501
vt 17.500002 2.312501
vt 13.750002 2.3125007
vt 14.249998 -2.8749995
vt 14.249998 -1.3749995
vt 14.124998 -1.3749995
vt 14.124998 -2.8749995
vt -88.25 0.87499696
vt -83.5 0.8749972
vt -83.5 2.3749971
vt -88.25 2.3749971
vt -88.25 -2.6250029
vt -83.5 -2.6250026
vt -83.5 -1.1250026
vt -88.25 -1.1250029
vt 14.125002 2.1250005
vt 14.125002 0.6250006
vt 14.250002 0.6250006
vt 14.250002 2.1250005
vt 16.499998 -2.7499993
vt 16.499998 -1.2499993
vt 16.374998 -1.2499993
vt 16.374998 -2.7499993
vt 16.375002 2.2500007
vt 16.375002 0.75000066
vt 16.500002 0.75000066
vt 16.500002 2.2500007
vt 13.374998 -1.3124993
vt 17.124998 -1.3124992
vt 17.124998 -1.1874992
vt 13.374998 -1.1874993
vt 13.073223 57.63284
vt 16.823223 57.63284
vt 16.823223 57.72123
vt 13.073223 57.72123
vt 16.939339 -59.32389
vt 16.939339 -59.235504
vt 13.189341 -59.235504
vt 13.189341 -59.32389
vt -83.625 1.4374973
vt -83.5625 1.3749973
vt -83.4375 1.3749974
vt -83.375 1.4374973
vt -83.375 1.5624973
vt -83.4375 1.6249973
vt -83.5625 1.6249973
vt -83.625 1.5624973
vt -83.375 -1.3125026
vt -83.3125 -1.3750026
vt -83.1875 -1.3750026
vt -83.125 -1.3125026
vt -83.125 -1.1875026
vt -83.1875 -1.1250026
vt -83.3125 -1.1250026
vt -83.375 -1.1875026
vt 13.310659 59.57389
vt 13.310659 59.485504
vt 17.060661 59.485504
vt 17.060661 59.57389
vt 17.176777 -58.471237
vt 17.176777 -58.382847
vt 13.426777 -58.382847
vt 13.426777 -58.471237
vt 13.125002 1.4375006
vt 16.875002 1.4375007
vt 16.875002 1.5625007
vt 13.125002 1.5625006
vt 14.999998 -2.499999
vt 14.999998 -0.9999993
vt 14.874998 -0.9999993
vt 14.874998 -2.499999
vt 14.875002 2.5000007
vt 14.875002 1.0000006
vt 15.000002 1.0000006
vt 15.000002 2.5000007
vt 15.749998 -2.1249993
vt 15.749998 -0.62499934
vt 15.624998 -0.62499934
vt 15.624998 -2.1249993
vt 15.625002 2.875001
vt 15.625002 1.3750007
vt 15.750002 1.3750007
vt 15.750002 2.875001
vt 13.073223 60.632843
vt 16.823223 60.632843
vt 16.823223 60.72123
vt 13.073223 60.72123
vt 16.939339 -62.32389
vt 16.939339 -62.235504
vt 13.189341 -62.235504
vt 13.189341 -62.32389
vt -87.625 1.4374971
vt -87.5625 1.3749971
vt -87.4375 1.3749971
vt -87.375 1.4374971
vt -87.375 1.5624971
vt -87.4375 1.6249971
vt -87.5625 1.6249971
vt -87.625 1.5624971
vt -87.375 -1.3125029
vt -87.3125 -1.3750029
vt -87.1875 -1.3750029
vt -87.125 -1.3125029
vt -87.125 -1.1875029
vt -87.1875 -1.1250029
vt -87.3125 -1.1250029
vt -87.375 -1.1875029
vt 13.310659 62.573895
vt 13.310659 62.485504
vt 17.060661 62.485504
vt 17.060661 62.573895
vt 17.176777 -60.471237
vt 17.176777 -60.382847
vt 13.426777 -60.382847
vt 13.426777 -60.471237
vt 13.338387 60.102512
vt 17.088387 60.102512
vt 17.088387 60.1909
vt 13.338387 60.1909
vt 17.204506 -62.85422
vt 17.204506 -62.765835
vt 13.454506 -62.765835
vt 13.454506 -62.85422
vt -88 2.1874971
vt -87.9375 2.1249971
vt -87.8125 2.1249971
vt -87.75 2.1874971
vt -87.75 2.3124971
vt -87.8125 2.3749971
vt -87.9375 2.3749971
vt -88 2.3124971
vt -88 -2.0625029
vt -87.9375 -2.1250029
vt -87.8125 -2.1250029
vt -87.75 -2.0625029
vt -87.75 -1.9375029
vt -87.8125 -1.8750029
vt -87.9375 -1.8750029
vt -88 -1.9375029
vt 13.045494 63.10422
vt 13.045494 63.015835
vt 16.795494 63.015835
vt 16.795494 63.10422
vt 16.911613 -59.940903
vt 16.911613 -59.852512
vt 13.161613 -59.852512
vt 13.161613 -59.940903
vt 13.625 5.1875005
vt 17.375 5.187501
vt 17.375 5.312501
vt 13.625 5.3125005
vt 13.454506 63.14577
vt 17.204506 63.14577
vt 16.911613 -54.940903
vt 16.911613 -54.852512
vt 13.161613 -54.852512
vt 13.161613 -54.940903
vt 13.749998 84.0625
vt 13.749998 83.9375
vt 17.499998 83.9375
vt 17.499998 84.0625
vt 6.187503 -83.875
vt 6.250003 -83.8125
vt 6.250003 -83.6875
vt 6.187503 -83.625
vt 6.062503 -83.625
vt 6.000003 -83.6875
vt 6.000003 -83.8125
vt 6.062503 -83.875
vt 6.062497 84.125
vt 5.999997 84.0625
vt 5.999997 83.9375
vt 6.062497 83.875
vt 6.187497 83.875
vt 6.249997 83.9375
vt 6.249997 84.0625
vt 6.187497 84.125
vt 17.500002 -83.8125
vt 17.500002 -83.6875
vt 13.750002 -83.6875
vt 13.750002 -83.8125
vt 13.338387 55.1909
vt 13.338387 55.102512
vt 17.088387 55.102512
vt 17.088387 55.1909
vt 13.045494 -62.984165
vt 12.875 -6.0624995
vt 16.625 -6.062499
vt 16.625 -5.937499
vt 12.875 -5.9374995
vt 13.375 1.3750006
vt 13.375 6.1250005
vt 13.25 6.1250005
vt 13.25 1.3750006
vt 14.124998 84.625
vt 14.124998 83.125
vt 14.249998 83.125
vt 14.249998 84.625
vt 6.500003 -85.125
vt 6.500003 -83.625
vt 1.7500027 -83.625
vt 1.7500027 -85.125
vt 1.7499973 84.875
vt 1.7499973 83.375
vt 6.499997 83.375
vt 6.499997 84.875
vt 14.250002 -85.375
vt 14.250002 -83.875
vt 14.125002 -83.875
vt 14.125002 -85.375
vt 14.000002 -1.1249994
vt 14.000002 -5.8749995
vt 14.125002 -5.8749995
vt 14.125002 -1.1249994
vt 15.625 1.500001
vt 15.625 6.250001
vt 15.5 6.250001
vt 15.5 1.500001
vt 16.374998 84.75
vt 16.374998 83.25
vt 16.499998 83.25
vt 16.499998 84.75
vt 16.500002 -85.25
vt 16.500002 -83.75
vt 16.375002 -83.75
vt 16.375002 -85.25
vt 16.250002 -0.9999993
vt 16.250002 -5.7499995
vt 16.375002 -5.7499995
vt 16.375002 -0.9999993
vt 13.189341 63.67611
vt 16.939342 63.67611
vt 17.176777 -55.471233
vt 17.176777 -55.382843
vt 13.426777 -55.382843
vt 13.426777 -55.471233
vt 13.374998 84.8125
vt 13.374998 84.6875
vt 17.124998 84.6875
vt 17.124998 84.8125
vt 5.562503 -84.625
vt 5.625003 -84.5625
vt 5.625003 -84.4375
vt 5.562503 -84.375
vt 5.437503 -84.375
vt 5.375003 -84.4375
vt 5.375003 -84.5625
vt 5.437503 -84.625
vt 5.687497 84.875
vt 5.624997 84.8125
vt 5.624997 84.6875
vt 5.687497 84.625
vt 5.812497 84.625
vt 5.874997 84.6875
vt 5.874997 84.8125
vt 5.812497 84.875
vt 16.875004 -84.5625
vt 16.875004 -84.4375
vt 13.125004 -84.4375
vt 13.125004 -84.5625
vt 13.073223 55.72123
vt 13.073223 55.632843
vt 16.823223 55.632843
vt 16.823223 55.72123
vt 17.060658 -63.5145
vt 17.060658 -63.426105
vt 13.310659 -63.426105
vt 13.310659 -63.5145
vt 14.125 1.7500006
vt 14.125 6.5000005
vt 14 6.5000005
vt 14 1.7500006
vt 14.874998 85
vt 14.874998 83.5
vt 14.999998 83.5
vt 14.999998 85
vt 15.000002 -85
vt 15.000002 -83.5
vt 14.875002 -83.5
vt 14.875002 -85
vt 14.750002 -1.7499996
vt 14.750002 -6.5
vt 14.875002 -6.5
vt 14.875002 -1.7499996
vt 14.875 1.125001
vt 14.875 5.875001
vt 14.75 5.875001
vt 14.75 1.125001
vt 15.624998 85.375
vt 15.624998 83.875
vt 15.749998 83.875
vt 15.749998 85.375
vt 15.750002 -84.625
vt 15.750002 -83.125
vt 15.625002 -83.125
vt 15.625002 -84.625
vt 15.500002 -1.3749993
vt 15.500002 -6.1249995
vt 15.625002 -6.1249995
vt 15.625002 -1.3749993
vt 13.625 1.1875006
vt 17.375 1.1875007
vt 17.375 1.3125007
vt 13.625 1.3125005
vt 13.189341 60.67611
vt 16.939342 60.67611
vt 16.939342 60.7645
vt 13.189341 60.764496
vt 17.176777 -58.471233
vt 17.176777 -58.382843
vt 13.426777 -58.382843
vt 13.426777 -58.471233
vt 1.5625027 -84.625
vt 1.6250027 -84.5625
vt 1.6250027 -84.4375
vt 1.5625027 -84.375
vt 1.4375026 -84.375
vt 1.3750026 -84.4375
vt 1.3750026 -84.5625
vt 1.4375026 -84.625
vt 1.6874973 84.875
vt 1.6249973 84.8125
vt 1.6249973 84.6875
vt 1.6874973 84.625
vt 1.8124971 84.625
vt 1.8749971 84.6875
vt 1.8749971 84.8125
vt 1.8124971 84.875
vt 13.073223 58.72123
vt 13.073223 58.632843
vt 16.823223 58.632843
vt 16.823223 58.72123
vt 17.060658 -61.514492
vt 17.060658 -61.426105
vt 13.310659 -61.426105
vt 13.310659 -61.514492
vt 12.875 -2.0624995
vt 16.625 -2.0624993
vt 16.625 -1.9374993
vt 12.875 -1.9374994
vt 13.454506 60.14578
vt 17.204506 60.14578
vt 17.204506 60.23417
vt 13.454506 60.23417
vt 16.911613 -57.940903
vt 13.161613 -57.940903
vt 2.1875026 -83.875
vt 2.2500026 -83.8125
vt 2.2500026 -83.6875
vt 2.1875026 -83.625
vt 2.0625029 -83.625
vt 2.0000029 -83.6875
vt 2.0000029 -83.8125
vt 2.0625029 -83.875
vt 2.0624974 84.125
vt 1.9999974 84.0625
vt 1.9999974 83.9375
vt 2.0624974 83.875
vt 2.1874976 83.875
vt 2.2499976 83.9375
vt 2.2499976 84.0625
vt 2.1874976 84.125
vt 13.338387 58.1909
vt 13.338387 58.102512
vt 17.088387 58.102512
vt 17.088387 58.1909
vt 16.795494 -60.98416
vt 16.795494 -60.895775
vt 13.045494 -60.895775
vt 13.045494 -60.98416
vt 13.750002 13.187501
vt 17.500004 13.187501
vt 17.500004 13.312501
vt 13.750002 13.312501
vt 13.161613 69.05909
vt 16.911613 69.05909
vt 16.911613 69.14748
vt 13.161613 69.14748
vt 16.795494 -48.984165
vt 16.795494 -48.895775
vt 13.045494 -48.89578
vt 13.045494 -48.984165
vt 13.625 84.3125
vt 13.625 84.1875
vt 17.375 84.1875
vt 17.375 84.3125
vt 84.25 13.312503
vt 84.1875 13.375003
vt 84.0625 13.375003
vt 84 13.312503
vt 84 13.187503
vt 84.0625 13.125003
vt 84.1875 13.125003
vt 84.25 13.187503
vt 84.25 -13.937497
vt 84.1875 -13.874997
vt 84.0625 -13.874997
vt 84 -13.937497
vt 84 -14.062497
vt 84.0625 -14.124997
vt 84.1875 -14.124997
vt 84.25 -14.062497
vt 16.625 -84.0625
vt 16.625 -83.9375
vt 12.875 -83.9375
vt 12.875 -84.0625
vt 13.454506 49.23417
vt 13.454506 49.145782
vt 17.204506 49.145782
vt 17.204506 49.23417
vt 17.088387 -68.89749
vt 17.088387 -68.809105
vt 13.338387 -68.809105
vt 13.338387 -68.89749
vt 13.749998 -14.062499
vt 17.499996 -14.062499
vt 17.499996 -13.937499
vt 13.749998 -13.937499
vt 14.250002 12.625001
vt 14.250002 14.125001
vt 14.125002 14.125001
vt 14.125002 12.625001
vt 13.25 84.125
vt 13.25 79.375
vt 13.375 79.375
vt 13.375 84.125
vt 84.5 14.375003
vt 79.75 14.375003
vt 79.75 12.875003
vt 84.5 12.875003
vt 84.5 -12.124997
vt 79.75 -12.124997
vt 79.75 -13.624997
vt 84.5 -13.624997
vt 14.125002 -84.875
vt 14.125002 -80.125
vt 14.000002 -80.125
vt 14.000002 -84.875
vt 14.124998 -12.374999
vt 14.124998 -13.874999
vt 14.249998 -13.874999
vt 14.249998 -12.374999
vt 16.500002 12.750001
vt 16.500002 14.250001
vt 16.375002 14.250001
vt 16.375002 12.750001
vt 15.5 84.25
vt 15.5 79.5
vt 15.625 79.5
vt 15.625 84.25
vt 16.375002 -84.75
vt 16.375002 -80
vt 16.250002 -80
vt 16.250002 -84.75
vt 16.374998 -12.249999
vt 16.374998 -13.749999
vt 16.499998 -13.749999
vt 16.499998 -12.249999
vt 13.124999 12.437501
vt 16.875 12.437501
vt 16.875 12.562501
vt 13.124999 12.562501
vt 13.426777 68.52876
vt 17.176777 68.52876
vt 17.176777 68.61715
vt 13.426777 68.61715
vt 17.06066 -49.514496
vt 17.06066 -49.426105
vt 13.310659 -49.426105
vt 13.310659 -49.514496
vt 84.625 12.562503
vt 84.5625 12.625003
vt 84.4375 12.625003
vt 84.375 12.562503
vt 84.375 12.437503
vt 84.4375 12.375003
vt 84.5625 12.375003
vt 84.625 12.437503
vt 83.875 -13.187497
vt 83.8125 -13.124997
vt 83.6875 -13.124997
vt 83.625 -13.187497
vt 83.625 -13.312497
vt 83.6875 -13.374997
vt 83.8125 -13.374997
vt 83.875 -13.312497
vt 13.189341 49.764496
vt 13.189341 49.67611
vt 16.93934 49.67611
vt 16.93934 49.764496
vt 16.823223 -68.367165
vt 16.823223 -68.27877
vt 13.073223 -68.27878
vt 13.073223 -68.367165
vt 13.374998 -13.312499
vt 17.124996 -13.312499
vt 17.124996 -13.187499
vt 13.374998 -13.187499
vt 15.000002 13.000001
vt 15.000002 14.500001
vt 14.875002 14.500001
vt 14.875002 13.000001
vt 14 84.5
vt 14 79.75
vt 14.125 79.75
vt 14.125 84.5
vt 14.875002 -84.5
vt 14.875002 -79.75
vt 14.750002 -79.75
vt 14.750002 -84.5
vt 14.874998 -12.999999
vt 14.874998 -14.499999
vt 14.999998 -14.499999
vt 14.999998 -12.999999
vt 15.750002 12.375001
vt 15.750002 13.875001
vt 15.625002 13.875001
vt 15.625002 12.375001
vt 14.75 84.875
vt 14.75 80.125
vt 14.875 80.125
vt 14.875 84.875
vt 15.625002 -84.125
vt 15.625002 -79.375
vt 15.500002 -79.375
vt 15.500002 -84.125
vt 15.624998 -12.624999
vt 15.624998 -14.124999
vt 15.749998 -14.124999
vt 15.749998 -12.624999
vt 13.426777 65.52876
vt 17.176777 65.52876
vt 17.176777 65.61715
vt 13.426777 65.61715
vt 17.06066 -47.514503
vt 17.06066 -47.426113
vt 13.310659 -47.426113
vt 13.310659 -47.514503
vt 13.625 80.3125
vt 13.625 80.1875
vt 17.375 80.1875
vt 17.375 80.3125
vt 80.625 12.562503
vt 80.5625 12.625003
vt 80.4375 12.625003
vt 80.375 12.562503
vt 80.375 12.437503
vt 80.4375 12.375003
vt 80.5625 12.375003
vt 80.625 12.437503
vt 79.875 -13.187497
vt 79.8125 -13.124997
vt 79.6875 -13.124997
vt 79.625 -13.187497
vt 79.625 -13.312497
vt 79.6875 -13.374997
vt 79.8125 -13.374997
vt 79.875 -13.312497
vt 16.625 -80.0625
vt 16.625 -79.9375
vt 12.875 -79.9375
vt 12.875 -80.0625
vt 13.189341 46.7645
vt 13.189341 46.67611
vt 16.93934 46.676113
vt 16.93934 46.7645
vt 16.823223 -66.36716
vt 16.823223 -66.27877
vt 13.073223 -66.27877
vt 13.073223 -66.36716
vt 13.161613 66.05909
vt 16.911613 66.0591
vt 16.911613 66.147484
vt 13.161613 66.147484
vt 16.795494 -46.98417
vt 16.795494 -46.89578
vt 13.045494 -46.89578
vt 13.045494 -46.98417
vt 80.25 13.312503
vt 80.1875 13.375003
vt 80.0625 13.375003
vt 80 13.312503
vt 80 13.187503
vt 80.0625 13.125003
vt 80.1875 13.125003
vt 80.25 13.187503
vt 80.25 -13.937497
vt 80.1875 -13.874997
vt 80.0625 -13.874997
vt 80 -13.937497
vt 80 -14.062497
vt 80.0625 -14.124997
vt 80.1875 -14.124997
vt 80.25 -14.062497
vt 13.454506 46.23417
vt 13.454506 46.145782
vt 17.204506 46.145782
vt 17.204506 46.23417
vt 17.088387 -66.89749
vt 17.088387 -66.8091
vt 13.338387 -66.8091
vt 13.338387 -66.89749
vt 13.750002 15.187501
vt 17.500004 15.187501
vt 17.500004 15.312501
vt 13.750002 15.312501
vt 13.161613 70.05909
vt 16.911613 70.05909
vt 16.911613 70.14748
vt 13.161613 70.14748
vt 16.795494 -47.98416
vt 16.795494 -47.895775
vt 13.045494 -47.895775
vt 13.045494 -47.98416
vt 84.25 15.312503
vt 84.1875 15.375003
vt 84.0625 15.375003
vt 84 15.312503
vt 84 15.187503
vt 84.0625 15.125003
vt 84.1875 15.125003
vt 84.25 15.187503
vt 84.25 -14.937497
vt 84.1875 -14.874997
vt 84.0625 -14.874997
vt 84 -14.937497
vt 84 -15.062497
vt 84.0625 -15.124997
vt 84.1875 -15.124997
vt 84.25 -15.062497
vt 13.454506 48.234165
vt 13.454506 48.145775
vt 17.204506 48.145775
vt 17.204506 48.234165
vt 17.088387 -70.897484
vt 17.088387 -70.8091
vt 13.338387 -70.8091
vt 13.338387 -70.897484
vt 13.749998 -15.062499
vt 17.499996 -15.062499
vt 17.499996 -14.937499
vt 13.749998 -14.937499
vt 14.250002 13.625001
vt 14.250002 15.125
vt 14.125002 15.125
vt 14.125002 13.625001
vt 84.5 15.375003
vt 79.75 15.375003
vt 79.75 13.875003
vt 84.5 13.875003
vt 84.5 -14.124997
vt 79.75 -14.124997
vt 79.75 -15.624997
vt 84.5 -15.624997
vt 14.124998 -14.374999
vt 14.124998 -15.874999
vt 14.249998 -15.874999
vt 14.249998 -14.374999
vt 16.500002 13.750001
vt 16.500002 15.25
vt 16.375002 15.25
vt 16.375002 13.750001
vt 16.374998 -14.249999
vt 16.374998 -15.749999
vt 16.499998 -15.749999
vt 16.499998 -14.249999
vt 13.124999 14.437501
vt 16.875 14.437501
vt 16.875 14.562501
vt 13.124999 14.562501
vt 13.426777 69.52878
vt 17.176777 69.52878
vt 17.176777 69.617165
vt 13.426777 69.617165
vt 17.06066 -48.514496
vt 17.06066 -48.42611
vt 13.310659 -48.42611
vt 13.310659 -48.514496
vt 84.625 14.562503
vt 84.5625 14.625003
vt 84.4375 14.625003
vt 84.375 14.562503
vt 84.375 14.437503
vt 84.4375 14.375003
vt 84.5625 14.375003
vt 84.625 14.437503
vt 83.875 -14.187497
vt 83.8125 -14.124997
vt 83.6875 -14.124997
vt 83.625 -14.187497
vt 83.625 -14.312497
vt 83.6875 -14.374997
vt 83.8125 -14.374997
vt 83.875 -14.312497
vt 13.189341 48.764492
vt 13.189341 48.676105
vt 16.93934 48.676105
vt 16.93934 48.764492
vt 16.823223 -70.36716
vt 16.823223 -70.27876
vt 13.073223 -70.27876
vt 13.073223 -70.36716
vt 13.374998 -14.312499
vt 17.124996 -14.312499
vt 17.124996 -14.187499
vt 13.374998 -14.187499
vt 15.000002 14.000001
vt 15.000002 15.5
vt 14.875002 15.5
vt 14.875002 14.000001
vt 14.874998 -13.999999
vt 14.874998 -15.499999
vt 14.999998 -15.499999
vt 14.999998 -13.999999
vt 15.750002 14.375001
vt 15.750002 15.875
vt 15.625002 15.875
vt 15.625002 14.375001
vt 15.624998 -13.624999
vt 15.624998 -15.124999
vt 15.749998 -15.124999
vt 15.749998 -13.624999
vt 13.426777 66.52877
vt 17.176777 66.52877
vt 17.176777 66.61716
vt 13.426777 66.61716
vt 17.06066 -46.514492
vt 17.06066 -46.4261
vt 13.310659 -46.4261
vt 13.310659 -46.514492
vt 80.625 14.562503
vt 80.5625 14.625003
vt 80.4375 14.625003
vt 80.375 14.562503
vt 80.375 14.437503
vt 80.4375 14.375003
vt 80.5625 14.375003
vt 80.625 14.437503
vt 79.875 -14.187497
vt 79.8125 -14.124997
vt 79.6875 -14.124997
vt 79.625 -14.187497
vt 79.625 -14.312497
vt 79.6875 -14.374997
vt 79.8125 -14.374997
vt 79.875 -14.312497
vt 13.189341 45.764496
vt 13.189341 45.67611
vt 16.93934 45.67611
vt 16.93934 45.764496
vt 16.823223 -67.367165
vt 16.823223 -67.27878
vt 13.073223 -67.27878
vt 13.073223 -67.367165
vt 13.161613 67.0591
vt 16.911613 67.0591
vt 16.911613 67.14749
vt 13.161613 67.14749
vt 16.795494 -45.98416
vt 16.795494 -45.895775
vt 13.045494 -45.895775
vt 13.045494 -45.98416
vt 80.25 15.312503
vt 80.1875 15.375003
vt 80.0625 15.375003
vt 80 15.312503
vt 80 15.187503
vt 80.0625 15.125003
vt 80.1875 15.125003
vt 80.25 15.187503
vt 80.25 -14.937497
vt 80.1875 -14.874997
vt 80.0625 -14.874997
vt 80 -14.937497
vt 80 -15.062497
vt 80.0625 -15.124997
vt 80.1875 -15.124997
vt 80.25 -15.062497
vt 13.454506 45.234165
vt 13.454506 45.14578
vt 17.204506 45.14578
vt 17.204506 45.234165
vt 17.088387 -67.897484
vt 17.088387 -67.8091
vt 13.338387 -67.8091
vt 13.338387 -67.897484
vt 13.454506 64.145775
vt 17.204506 64.145775
vt 17.204506 64.23416
vt 13.454506 64.23416
vt 16.911613 -55.940907
vt 16.911613 -55.852516
vt 13.161613 -55.852516
vt 13.161613 -55.940907
vt 13.749998 85.0625
vt 13.749998 84.9375
vt 17.499998 84.9375
vt 17.499998 85.0625
vt 6.187503 -85.875
vt 6.250003 -85.8125
vt 6.250003 -85.6875
vt 6.187503 -85.625
vt 6.062503 -85.625
vt 6.000003 -85.6875
vt 6.000003 -85.8125
vt 6.062503 -85.875
vt 6.062497 85.125
vt 5.999997 85.0625
vt 5.999997 84.9375
vt 6.062497 84.875
vt 6.187497 84.875
vt 6.249997 84.9375
vt 6.249997 85.0625
vt 6.187497 85.125
vt 17.500002 -85.8125
vt 17.500002 -85.6875
vt 13.750002 -85.6875
vt 13.750002 -85.8125
vt 13.338387 56.10251
vt 17.088387 56.10251
vt 16.795494 -64.98417
vt 16.795494 -64.89578
vt 13.045494 -64.89578
vt 13.045494 -64.98417
vt 14.124998 86.625
vt 14.124998 85.125
vt 14.249998 85.125
vt 14.249998 86.625
vt 6.500003 -86.125
vt 6.500003 -84.625
vt 1.7500027 -84.625
vt 1.7500029 -86.125
vt 1.7499971 86.875
vt 1.7499973 85.375
vt 6.499997 85.375
vt 6.499997 86.875
vt 14.250002 -86.375
vt 14.250002 -84.875
vt 14.125002 -86.375
vt 16.374998 86.75
vt 16.374998 85.25
vt 16.499998 85.25
vt 16.499998 86.75
vt 16.500002 -86.25
vt 16.500002 -84.75
vt 16.375002 -86.25
vt 13.189341 64.67611
vt 16.939342 64.67611
vt 16.939339 64.7645
vt 13.189341 64.7645
vt 17.176777 -56.471233
vt 17.176777 -56.382847
vt 13.426777 -56.382847
vt 13.426777 -56.471233
vt 13.374998 85.8125
vt 13.374998 85.6875
vt 17.124998 85.6875
vt 17.124998 85.8125
vt 5.562503 -86.625
vt 5.625003 -86.5625
vt 5.625003 -86.4375
vt 5.562503 -86.375
vt 5.437503 -86.375
vt 5.375003 -86.4375
vt 5.375003 -86.5625
vt 5.437503 -86.625
vt 5.687497 85.875
vt 5.624997 85.8125
vt 5.624997 85.6875
vt 5.687497 85.625
vt 5.812497 85.625
vt 5.874997 85.6875
vt 5.874997 85.8125
vt 5.812497 85.875
vt 16.875004 -86.5625
vt 16.875004 -86.4375
vt 13.125004 -86.4375
vt 13.125004 -86.5625
vt 13.073223 56.63284
vt 16.823223 56.63284
vt 17.060661 -65.5145
vt 17.060658 -65.42611
vt 13.310659 -65.42611
vt 13.310659 -65.5145
vt 14.874998 87
vt 14.874998 85.5
vt 14.999998 85.5
vt 14.999998 87
vt 15.000002 -87
vt 15.000002 -85.5
vt 14.875002 -85.5
vt 14.875002 -87
vt 15.624998 86.375
vt 15.624998 84.875
vt 15.749998 84.875
vt 15.749998 86.375
vt 15.750002 -86.625
vt 15.750002 -85.125
vt 15.625002 -85.125
vt 15.625002 -86.625
vt 13.189341 61.676113
vt 16.939342 61.676113
vt 16.939342 61.7645
vt 13.189341 61.7645
vt 17.176777 -59.471237
vt 13.426777 -59.471237
vt 1.5625027 -86.625
vt 1.6250027 -86.5625
vt 1.6250027 -86.4375
vt 1.5625027 -86.375
vt 1.4375027 -86.375
vt 1.3750027 -86.4375
vt 1.3750027 -86.5625
vt 1.4375027 -86.625
vt 1.6874973 85.875
vt 1.6249973 85.8125
vt 1.6249973 85.6875
vt 1.6874973 85.625
vt 1.8124973 85.625
vt 1.8749973 85.6875
vt 1.8749973 85.8125
vt 1.8124973 85.875
vt 13.073223 59.63284
vt 17.060658 -62.5145
vt 17.060658 -62.42611
vt 13.310659 -62.42611
vt 13.310659 -62.5145
vt 13.454506 61.145782
vt 17.204506 61.145782
vt 17.204506 61.23417
vt 13.454506 61.23417
vt 16.911613 -58.852512
vt 13.161613 -58.852512
vt 2.1875029 -85.875
vt 2.2500029 -85.8125
vt 2.2500029 -85.6875
vt 2.1875029 -85.625
vt 2.0625029 -85.625
vt 2.0000029 -85.6875
vt 2.0000029 -85.8125
vt 2.0625029 -85.875
vt 2.0624971 85.125
vt 1.999997 85.0625
vt 1.9999971 84.9375
vt 2.0624971 84.875
vt 2.1874971 84.875
vt 2.2499971 84.9375
vt 2.2499971 85.0625
vt 2.1874971 85.125
vt 17.088387 59.1909
vt 16.795494 -61.98417
vt 16.795494 -61.89578
vt 13.045494 -61.895782
vt 13.045494 -61.98417
vt 12.8750105 -23.0625
vt 16.625011 -23.0625
vt 16.625011 -22.9375
vt 12.8750105 -22.9375
vt 13.045497 40.01585
vt 16.795498 40.01585
vt 16.795498 40.104237
vt 13.045497 40.104237
vt 16.08839 -71.897484
vt 16.08839 -71.80909
vt 12.338388 -71.80909
vt 12.338388 -71.897484
vt 12.75 79.3125
vt 12.75 79.1875
vt 16.5 79.1875
vt 16.5 79.3125
vt 23.062498 79.375
vt 22.999998 79.3125
vt 22.999998 79.1875
vt 23.062498 79.125
vt 23.187498 79.125
vt 23.249998 79.1875
vt 23.249998 79.3125
vt 23.187498 79.375
vt 23.187502 -80.125
vt 23.250002 -80.0625
vt 23.250002 -79.9375
vt 23.187502 -79.875
vt 23.062502 -79.875
vt 23.000002 -79.9375
vt 23.000002 -80.0625
vt 23.062502 -80.125
vt 16.5 -80.0625
vt 16.5 -79.9375
vt 12.75 -79.9375
vt 12.75 -80.0625
vt 12.161612 72.14749
vt 12.161612 72.0591
vt 15.911611 72.0591
vt 15.911611 72.14749
vt 16.204502 -39.85423
vt 16.204502 -39.765842
vt 12.454503 -39.765842
vt 12.454503 -39.85423
vt 12.6249895 23.1875
vt 16.374989 23.1875
vt 16.374989 23.3125
vt 12.6249895 23.3125
vt 13.125011 -23.875
vt 13.1250105 8.125001
vt 13.0000105 8.125001
vt 13.000011 -23.875
vt 13.125 80.125
vt 13.125 78.625
vt 13.25 78.625
vt 13.25 80.125
vt -8.500003 80.375
vt -8.500003 78.875
vt 23.499996 78.875
vt 23.499996 80.375
vt 23.5 -79.625
vt 23.5 -78.125
vt -8.5 -78.125
vt -8.5 -79.625
vt 13.25 -79.875
vt 13.25 -78.375
vt 13.125 -78.375
vt 13.125 -79.875
vt 13.249996 23.125
vt 13.249997 -8.874999
vt 13.374997 -8.874999
vt 13.374996 23.125
vt 12.310664 39.48551
vt 16.060665 39.48551
vt 16.060665 39.573902
vt 12.310664 39.573902
vt 16.82323 -71.36715
vt 16.82323 -71.27876
vt 13.073229 -71.27876
vt 13.073229 -71.36715
vt 13.124996 78.5625
vt 13.124996 78.4375
vt 16.874996 78.4375
vt 16.874996 78.5625
vt 23.437498 78.625
vt 23.374998 78.5625
vt 23.374998 78.4375
vt 23.437498 78.375
vt 23.562498 78.375
vt 23.624998 78.4375
vt 23.624998 78.5625
vt 23.562498 78.625
vt 22.812502 -79.375
vt 22.875002 -79.3125
vt 22.875002 -79.1875
vt 22.812502 -79.125
vt 22.687502 -79.125
vt 22.625002 -79.1875
vt 22.625002 -79.3125
vt 22.687502 -79.375
vt 16.125 -79.3125
vt 16.125 -79.1875
vt 12.375 -79.1875
vt 12.375 -79.3125
vt 12.426771 71.61716
vt 12.426771 71.52877
vt 16.17677 71.52877
vt 16.17677 71.61716
vt 15.939336 -39.323895
vt 15.939336 -39.235508
vt 12.189336 -39.235508
vt 12.189336 -39.323895
vt 14.625003 -23.125
vt 14.625002 -1.9999993
vt 14.500002 -1.9999993
vt 14.500003 -23.125
vt 14.625 79.875
vt 14.625 78.375
vt 14.75 78.375
vt 14.75 79.875
vt 2.3749976 80.375
vt 2.3749976 78.875
vt 2.3749986 -78.125
vt 2.3749986 -79.625
vt 14.75 -80.125
vt 14.75 -78.625
vt 14.625 -78.625
vt 14.625 -80.125
vt 14.750005 23.875
vt 14.750006 2.7500007
vt 14.875006 2.7500007
vt 14.875005 23.875
vt 12.249994 8.187501
vt 15.999994 8.187501
vt 15.999994 8.312501
vt 12.249994 8.312501
vt 12.262117 61.5826
vt 16.01212 61.5826
vt 16.01212 61.670986
vt 12.262117 61.670986
vt 16.774673 -49.27007
vt 16.774673 -49.181683
vt 13.024674 -49.181683
vt 13.024674 -49.27007
vt -7.8125024 79
vt -7.8750024 78.9375
vt -7.8750024 78.8125
vt -7.8125024 78.75
vt -7.6875024 78.75
vt -7.6250024 78.8125
vt -7.6250024 78.9375
vt -7.6875024 79
vt -8.437498 -79
vt -8.374998 -78.9375
vt -8.374998 -78.8125
vt -8.437498 -78.75
vt -8.562498 -78.75
vt -8.624998 -78.8125
vt -8.624998 -78.9375
vt -8.562498 -79
vt 12.475326 49.520065
vt 12.475326 49.431675
vt 16.225327 49.431675
vt 16.225327 49.520065
vt 15.987882 -61.420982
vt 15.987882 -61.332592
vt 12.237883 -61.332596
vt 12.237883 -61.420982
vt 12.250006 -8.0625
vt 16.000006 -8.0625
vt 16.000006 -7.9374995
vt 12.250006 -7.9374995
vt 12.99695 62.112926
vt 16.746952 62.112926
vt 16.746952 62.201313
vt 12.99695 62.201313
vt 16.03984 -49.800396
vt 16.03984 -49.71201
vt 12.289842 -49.71201
vt 12.289842 -49.800396
vt -8.187503 79.75
vt -8.250003 79.6875
vt -8.250003 79.5625
vt -8.187503 79.5
vt -8.062503 79.5
vt -8.000003 79.5625
vt -8.000003 79.6875
vt -8.062503 79.75
vt -8.062501 -79.75
vt -8.000001 -79.6875
vt -8.000001 -79.5625
vt -8.062501 -79.5
vt -8.187501 -79.5
vt -8.250001 -79.5625
vt -8.250001 -79.6875
vt -8.187501 -79.75
vt 12.210158 50.050407
vt 12.210158 49.962017
vt 15.960158 49.962017
vt 15.960158 50.050407
vt 16.253048 -61.951313
vt 16.253048 -61.862923
vt 12.50305 -61.862923
vt 12.50305 -61.951313
vt 12.249995 -2.8124993
vt 15.999995 -2.812499
vt 15.999995 -2.687499
vt 12.249995 -2.6874993
vt 12.262117 53.5826
vt 16.012117 53.5826
vt 16.012117 53.670986
vt 12.262117 53.670986
vt 16.774681 -57.27006
vt 16.774681 -57.18167
vt 13.024683 -57.18167
vt 13.024683 -57.27006
vt 2.1874964 79
vt 2.1249964 78.9375
vt 2.1249964 78.8125
vt 2.1874964 78.75
vt 2.3124964 78.75
vt 2.3749964 78.8125
vt 2.3749964 78.9375
vt 2.3124964 79
vt 2.5625024 -79
vt 2.6250024 -78.9375
vt 2.6250024 -78.8125
vt 2.5625024 -78.75
vt 2.4375024 -78.75
vt 2.3750024 -78.8125
vt 2.3750024 -78.9375
vt 2.4375024 -79
vt 12.475317 57.52006
vt 12.475317 57.431675
vt 16.225319 57.431675
vt 16.225319 57.52006
vt 15.987883 -54.42099
vt 15.987883 -54.3326
vt 12.237883 -54.3326
vt 12.237883 -54.42099
vt 12.250005 2.9375005
vt 16.000004 2.9375007
vt 16.000004 3.0625007
vt 12.250005 3.0625005
vt 12.99695 54.112926
vt 16.746952 54.112926
vt 16.746952 54.201317
vt 12.99695 54.201317
vt 16.039848 -57.800396
vt 16.039848 -57.712006
vt 12.28985 -57.712006
vt 12.28985 -57.800396
vt 2.8124974 79.75
vt 2.7499974 79.6875
vt 2.7499974 79.5625
vt 2.8124974 79.5
vt 2.9374974 79.5
vt 2.9999974 79.5625
vt 2.9999974 79.6875
vt 2.9374974 79.75
vt 2.9375024 -79.75
vt 3.0000024 -79.6875
vt 3.0000024 -79.5625
vt 2.9375024 -79.5
vt 2.8125024 -79.5
vt 2.7500024 -79.5625
vt 2.7500024 -79.6875
vt 2.8125024 -79.75
vt 12.21015 58.050392
vt 12.21015 57.962
vt 15.960151 57.962006
vt 15.960151 58.050392
vt 16.253048 -54.951317
vt 16.253048 -54.86293
vt 12.50305 -54.86293
vt 12.50305 -54.95132
vt 15.625003 -23.125
vt 15.625002 -1.9999993
vt 15.500002 -1.9999993
vt 15.500003 -23.125
vt 15.625 79.875
vt 15.625 78.375
vt 15.75 78.375
vt 15.75 79.875
vt 15.75 -80.125
vt 15.75 -78.625
vt 15.625 -78.625
vt 15.625 -80.125
vt 15.749999 23.875
vt 15.75 2.7500007
vt 15.875 2.7500007
vt 15.874999 23.875
vt 17.749998 8.937501
vt 21.499998 8.937501
vt 21.499998 9.062501
vt 17.749998 9.062501
vt 17.338387 29.10251
vt 21.088387 29.10251
vt 21.088387 29.190899
vt 17.338387 29.190899
vt 21.204506 -16.854221
vt 21.204506 -16.765833
vt 17.454506 -16.765833
vt 17.454506 -16.854221
vt -33 -8.812501
vt -32.9375 -8.875001
vt -32.8125 -8.875001
vt -32.75 -8.812501
vt -32.75 -8.687501
vt -32.8125 -8.625001
vt -32.9375 -8.625001
vt -33 -8.687501
vt -33 8.9375
vt -32.9375 8.875
vt -32.8125 8.875
vt -32.75 8.9375
vt -32.75 9.0625
vt -32.8125 9.125
vt -32.9375 9.125
vt -33 9.0625
vt 17.045494 17.104223
vt 17.045494 17.015835
vt 20.795494 17.015835
vt 20.795494 17.104223
vt 20.911613 -28.940903
vt 20.911613 -28.852514
vt 17.161613 -28.852514
vt 17.161613 -28.940903
vt 17.750002 -8.812499
vt 21.500002 -8.812499
vt 21.500002 -8.687499
vt 17.750002 -8.687499
vt 18.249998 8.125001
vt 18.249998 9.625001
vt 18.124998 9.625001
vt 18.124998 8.125001
vt -43.375 -10.125001
vt -32.5 -10.125001
vt -32.5 -8.625001
vt -43.375 -8.625001
vt -43.375 8.374999
vt -32.5 8.374999
vt -32.5 9.874999
vt -43.375 9.874999
vt 18.125002 -8.874999
vt 18.125002 -10.374999
vt 18.250002 -10.374999
vt 18.250002 -8.874999
vt 20.499998 8.250001
vt 20.499998 9.750001
vt 20.374998 9.750001
vt 20.374998 8.250001
vt 20.250002 43.125
vt 20.250002 32.25
vt 20.375002 32.25
vt 20.375002 43.125
vt 20.375002 -8.749999
vt 20.375002 -10.249999
vt 20.500002 -10.249999
vt 20.500002 -8.749999
vt 17.374998 9.687501
vt 21.124998 9.687501
vt 21.124998 9.812501
vt 17.374998 9.812501
vt 17.073223 29.632843
vt 20.823223 29.632843
vt 20.823223 29.721231
vt 17.073223 29.721231
vt 20.93934 -16.32389
vt 20.93934 -16.235502
vt 17.18934 -16.235502
vt 17.18934 -16.32389
vt -33.625 -9.562501
vt -33.5625 -9.625001
vt -33.4375 -9.625001
vt -33.375 -9.562501
vt -33.375 -9.437501
vt -33.4375 -9.375001
vt -33.5625 -9.375001
vt -33.625 -9.437501
vt -33.375 9.687499
vt -33.3125 9.624999
vt -33.1875 9.624999
vt -33.125 9.687499
vt -33.125 9.812499
vt -33.1875 9.874999
vt -33.3125 9.874999
vt -33.375 9.812499
vt 17.31066 16.57389
vt 17.31066 16.485502
vt 21.06066 16.485502
vt 21.06066 16.57389
vt 21.176777 -29.471235
vt 21.176777 -29.382847
vt 17.426777 -29.382847
vt 17.426777 -29.471235
vt 17.125002 -9.562499
vt 20.875002 -9.562499
vt 20.875002 -9.437499
vt 17.125002 -9.437499
vt 18.999998 8.500001
vt 18.999998 10.000001
vt 18.874998 10.000001
vt 18.874998 8.500001
vt 18.875002 -8.499999
vt 18.875002 -9.999999
vt 19.000002 -9.999999
vt 19.000002 -8.499999
vt 19.749998 8.875001
vt 19.749998 10.375001
vt 19.624998 10.375001
vt 19.624998 8.875001
vt 19.625002 -8.124999
vt 19.625002 -9.624999
vt 19.750002 -9.624999
vt 19.750002 -8.124999
vt 38 -33
vt 38.5 -33
vt 38.5 -31
vt 38 -31
vt 153.5 -31
vt 144 -31
vt 144 -33
vt 153.5 -33
vt -153.5 -38.5
vt -144 -38.5
vt -144 -38
vt -153.5 -38
vt 153.5 -38
vt 144 -38
vt 144 -38.5
vt 153.5 -38.5
vt -153.5 -33
vt -144 -33
vt -144 -31
vt -153.5 -31
vt -38 -31
vt -38.5 -31
vt -38.5 -33
vt -38 -33
vt 27 -33
vt 27 -31
vt 144.5 -31
vt 144.5 -33
vt -144.5 -38
vt -144 -27
vt -144.5 -27
vt 144.5 -27
vt 144 -27
vt 144.5 -38
vt -144.5 -33
vt -144.5 -31
vt -27 -31
vt -27 -33
vt 26.5 -33
vt 26.5 -31
vt -153.5 -27
vt -144 -26.5
vt -153.5 -26.5
vt 153.5 -26.5
vt 144 -26.5
vt 153.5 -27
vt -26.5 -31
vt -26.5 -33
vt 153 -31
vt 153 -33
vt -153 -38
vt -153 -27
vt 153 -27
vt 153 -38
vt -153 -33
vt -153 -31
vt 38 -32.5
vt 27 -32.5
vt 153 -32.5
vt 144.5 -32.5
vt -144.5 -32.5
vt -153 -32.5
vt -27 -32.5
vt -38 -32.5
vt -9 -33
vt 2 -33
vt 2 -32.5
vt -9 -32.5
vt -153 -2
vt -144.5 -2
vt -144.5 9
vt -153 9
vt 153 9
vt 144.5 9
vt 144.5 -2
vt 153 -2
vt 9 -32.5
vt -2 -32.5
vt -2 -33
vt 9 -33
vt 2 -31
vt -9 -31
vt -144 -2
vt -144 9
vt 144 9
vt 144 -2
vt 9 -31
vt -2 -31
vt 2.5 -33
vt 2.5 -31
vt -153.5 -2.5
vt -144 -2.5
vt -153.5 -2
vt 153.5 -2
vt 144 -2.5
vt 153.5 -2.5
vt -2.5 -31
vt -2.5 -33
vt -9.5 -33
vt -9.5 -31
vt -153.5 9
vt -144 9.5
vt -153.5 9.5
vt 153.5 9.5
vt 144 9.5
vt 153.5 9
vt 9.5 -31
vt 9.5 -33
vt 25 -32
vt 25.5 -32
vt 25.5 -28.5
vt 25 -28.5
vt 182.5 -28.5
vt 179.5 -28.5
vt 179.5 -32
vt 182.5 -32
vt 25.5 -182.5
vt 25.5 -179.5
vt 25 -179.5
vt 25 -182.5
vt -25 -182.5
vt -25 -179.5
vt -25.5 -179.5
vt -25.5 -182.5
vt -182.5 -32
vt -179.5 -32
vt -179.5 -28.5
vt -182.5 -28.5
vt -25 -28.5
vt -25.5 -28.5
vt -25.5 -32
vt -25 -32
vt 5.625 -7.25
vt 9.8125 -7.25
vt 9.8125 -7.1875
vt 5.625 -7.1875
vt -5.625 -45.125
vt -5.625 -44.5
vt -9.8125 -44.5
vt -9.8125 -45.125
vt 45.125 -7.125
vt 44.5 -7.1875
vt 44.5 -7.25
vt 45.125 -7.25
vt 9.8125 -45.125
vt 9.8125 -44.5
vt 5.625 -44.5
vt 5.625 -45.125
vt -45.125 -7.25
vt -44.5 -7.25
vt -44.5 -7.1875
vt -45.125 -7.125
vt -9.8125 -7.25
vt -5.625 -7.25
vt -5.625 -7.125
vt -9.8125 -7.125
vt 5.625 -7
vt 9.8125 -7
vt 9.8125 -6.9375
vt 5.625 -6.9375
vt 45.125 -6.875
vt 44.5 -6.9375
vt 44.5 -7
vt 45.125 -7
vt -45.125 -7
vt -44.5 -7
vt -44.5 -6.9375
vt -45.125 -6.875
vt -9.8125 -7
vt -5.625 -7
vt -5.625 -6.875
vt -9.8125 -6.875
vt 5.625 -7.75
vt 9.8125 -7.75
vt 9.8125 -7.5625
vt 5.625 -7.5625
vt 45.125 -7.5625
vt 44.4375 -7.5625
vt 44.4375 -7.75
vt 45.125 -7.75
vt 9.8125 -44.4375
vt 5.625 -44.4375
vt -5.625 -44.4375
vt -9.8125 -44.4375
vt -45.125 -7.75
vt -44.4375 -7.75
vt -44.4375 -7.5625
vt -45.125 -7.5625
vt -5.625 -7.5625
vt -9.8125 -7.5625
vt -9.8125 -7.75
vt -5.625 -7.75
vt 42.25 -28.5
vt 42.25 -28
vt 25 -28
vt 182.5 -28
vt 179.5 -28
vt 42.25 -182.5
vt 42.25 -179.5
vt -42.25 -179.5
vt -42.25 -182.5
vt -179.5 -28
vt -182.5 -28
vt -25 -28
vt -42.25 -28
vt -42.25 -28.5
vt 25 -33
vt 25.5 -33
vt 179.5 -33
vt 182.5 -33
vt -182.5 -33
vt -179.5 -33
vt -25.5 -33
vt -25 -33
vt 42.25 -33
vt 42.25 -32
vt 179.75 -32
vt 179.75 -33
vt 42.25 -179.75
vt 25.5 -179.75
vt -25.5 -179.75
vt -42.25 -179.75
vt -179.75 -33
vt -179.75 -32
vt -42.25 -32
vt -42.25 -33
vt 17.5 -33
vt 14.5 -33
vt 14.5 -29.5
vt 17.5 -29.5
vt -154 -29.5
vt -153.5 -29.5
vt -154 -33
vt -154 -14.5
vt -153.5 -14.5
vt -153.5 -17.5
vt -154 -17.5
vt 154 -17.5
vt 153.5 -17.5
vt 153.5 -14.5
vt 154 -14.5
vt 154 -33
vt 153.5 -29.5
vt 154 -29.5
vt -17.5 -29.5
vt -14.5 -29.5
vt -14.5 -33
vt -17.5 -33
vt 4.5 -8.25
vt 4.5 -8.1875
vt 5.125 -8.125
vt -38.375 -8.1875
vt -34.75 -8.1875
vt -34.75 -8.25
vt -38.375 -8.25
vt 38.375 -5.125
vt 34.75 -5.125
vt 34.75 -4.5
vt 38.375 -4.5
vt -38.375 -4.5
vt -34.75 -4.5
vt -34.75 -5.125
vt -38.375 -5.125
vt 38.375 -8.25
vt 34.75 -8.25
vt 34.75 -8.125
vt 38.375 -8.125
vt -4.5 -8.1875
vt -4.5 -8.25
vt -5.125 -8.125
vt 5.125 -8
vt 4.5 -8
vt 4.5 -7.9375
vt 5.125 -7.875
vt -38.375 -7.9375
vt -34.75 -7.9375
vt -34.75 -8
vt -38.375 -8
vt 38.375 -8
vt 34.75 -8
vt 34.75 -7.875
vt 38.375 -7.875
vt -4.5 -7.9375
vt -4.5 -8
vt -5.125 -8
vt -5.125 -7.875
vt 5.125 -8.75
vt 4.4375 -8.75
vt 4.4375 -8.5625
vt 5.125 -8.5625
vt -38.375 -8.5625
vt -34.75 -8.5625
vt -34.75 -8.75
vt -38.375 -8.75
vt -38.375 -4.4375
vt -34.75 -4.4375
vt 34.75 -4.4375
vt 38.375 -4.4375
vt 38.375 -8.75
vt 34.75 -8.75
vt 34.75 -8.5625
vt 38.375 -8.5625
vt -5.125 -8.5625
vt -4.4375 -8.5625
vt -4.4375 -8.75
vt -5.125 -8.75
vt 14.5 -29
vt 17.5 -29
vt -154 -29
vt -139 -29
vt -139 -29.5
vt -139 -14.5
vt -139 -17.5
vt 139 -17.5
vt 139 -14.5
vt 139 -29.5
vt 139 -29
vt 154 -29
vt -17.5 -29
vt -14.5 -29
vt 17.5 -34
vt 14.5 -34
vt -153.5 -34
vt -154 -34
vt 154 -34
vt 153.5 -34
vt -14.5 -34
vt -17.5 -34
vt 14.75 -34
vt 14.75 -33
vt -139 -33
vt -139 -34
vt -139 -14.75
vt -153.5 -14.75
vt 153.5 -14.75
vt 139 -14.75
vt 139 -34
vt 139 -33
vt -14.75 -33
vt -14.75 -34
vt 3 -33
vt 3 -29.5
vt 2.5 -29.5
vt 139.5 -29.5
vt 136.5 -29.5
vt 136.5 -33
vt 139.5 -33
vt -3 139.5
vt -3 136.5
vt -2.5 136.5
vt -2.5 139.5
vt 2.5 139.5
vt 2.5 136.5
vt 3 136.5
vt 3 139.5
vt -139.5 -33
vt -136.5 -33
vt -136.5 -29.5
vt -139.5 -29.5
vt -2.5 -29.5
vt -3 -29.5
vt -3 -33
vt -3.8125 -8.125
vt -3.8125 -8.25
vt 0.375 -8.125
vt 34.5 -8.1875
vt 33.875 -8.125
vt 33.875 -8.25
vt 34.5 -8.25
vt -0.375 34.5
vt -0.375 33.875
vt 3.8125 33.875
vt 3.8125 34.5
vt -34.5 -8.25
vt -33.875 -8.25
vt -33.875 -8.125
vt -34.5 -8.1875
vt -3.8125 34.5
vt -3.8125 33.875
vt 0.375 33.875
vt 0.375 34.5
vt 3.8125 -8.25
vt 3.8125 -8.1875
vt -0.375 -8.1875
vt -3.8125 -7.875
vt -3.8125 -8
vt 0.375 -8
vt 0.375 -7.875
vt 34.5 -7.9375
vt 33.875 -7.875
vt 33.875 -8
vt 34.5 -8
vt -34.5 -8
vt -33.875 -8
vt -33.875 -7.875
vt -34.5 -7.9375
vt 3.8125 -8
vt 3.8125 -7.9375
vt -0.375 -7.9375
vt -0.375 -8
vt -3.8125 -8.75
vt 0.375 -8.75
vt 0.375 -8.5625
vt -3.8125 -8.5625
vt 34.5625 -8.5625
vt 33.875 -8.5625
vt 33.875 -8.75
vt 34.5625 -8.75
vt -0.375 34.5625
vt 3.8125 34.5625
vt -3.8125 34.5625
vt 0.375 34.5625
vt -34.5625 -8.75
vt -33.875 -8.75
vt -33.875 -8.5625
vt -34.5625 -8.5625
vt 3.8125 -8.5625
vt -0.375 -8.5625
vt -0.375 -8.75
vt 3.8125 -8.75
vt -14.25 -29.5
vt 3 -29
vt -14.25 -29
vt 139.5 -29
vt 136.5 -29
vt 14.25 136.5
vt 14.25 139.5
vt -14.25 139.5
vt -14.25 136.5
vt -136.5 -29
vt -139.5 -29
vt 14.25 -29
vt -3 -29
vt 14.25 -29.5
vt 2.5 -34
vt 3 -34
vt 136.5 -34
vt 139.5 -34
vt -139.5 -34
vt -136.5 -34
vt -3 -34
vt -2.5 -34
vt -14.25 -34
vt -14.25 -33
vt 139.25 -33
vt 139.25 -34
vt -2.5 139.25
vt 14.25 139.25
vt -14.25 139.25
vt 2.5 139.25
vt -139.25 -34
vt -139.25 -33
vt 14.25 -33
vt 14.25 -34
vt 0.5 -32
vt 0 -32
vt 0 -28.5
vt 0.5 -28.5
vt 0 -182.5
vt 0 -179.5
vt 0.5 -179.5
vt 0.5 -182.5
vt -0.5 -182.5
vt -0.5 -179.5
vt -0.5 -28.5
vt -0.5 -32
vt 0.625 -8.25
vt 0.625 -8.1875
vt 4.25 -8.1875
vt -4.25 -45.125
vt -4.25 -44.5
vt -0.625 -44.5
vt -0.625 -45.125
vt -45.125 -8.125
vt -44.5 -8.1875
vt -44.5 -8.25
vt -45.125 -8.25
vt 0.625 -45.125
vt 0.625 -44.5
vt 4.25 -44.5
vt 4.25 -45.125
vt 45.125 -8.25
vt 44.5 -8.25
vt 44.5 -8.1875
vt 45.125 -8.125
vt -0.625 -8.25
vt -4.25 -8.125
vt -0.625 -8.125
vt 4.25 -8
vt 0.625 -8
vt 0.625 -7.9375
vt 4.25 -7.9375
vt -45.125 -7.875
vt -44.5 -7.9375
vt -44.5 -8
vt -45.125 -8
vt 45.125 -8
vt 44.5 -8
vt 44.5 -7.9375
vt 45.125 -7.875
vt -0.625 -8
vt -4.25 -8
vt -4.25 -7.875
vt -0.625 -7.875
vt 4.25 -8.75
vt 0.625 -8.5625
vt 4.25 -8.5625
vt -45.125 -8.5625
vt -44.4375 -8.5625
vt -44.4375 -8.75
vt -45.125 -8.75
vt 0.625 -44.4375
vt 4.25 -44.4375
vt -4.25 -44.4375
vt -0.625 -44.4375
vt 45.125 -8.75
vt 44.4375 -8.75
vt 44.4375 -8.5625
vt 45.125 -8.5625
vt -4.25 -8.5625
vt -0.625 -8.5625
vt -4.25 -8.75
vt 15 -28.5
vt 0 -28
vt 15 -28
vt 15 -179.5
vt 15 -182.5
vt -15 -182.5
vt -15 -179.5
vt -15 -28
vt -15 -28.5
vt 0.5 -33
vt 0 -33
vt -0.5 -33
vt 15 -33
vt 15 -32
vt 0.5 -179.75
vt 15 -179.75
vt -15 -179.75
vt -0.5 -179.75
vt -15 -32
vt -15 -33
vt -41.5 -32
vt -44.5 -32
vt -44.5 -28.5
vt -41.5 -28.5
vt -165.5 -28.5
vt -165 -28.5
vt -165 -32
vt -165.5 -32
vt 165.5 -44.5
vt 165 -44.5
vt 165 -41.5
vt 165.5 -41.5
vt -165.5 -41.5
vt -165 -41.5
vt -165 -44.5
vt -165.5 -44.5
vt 165.5 -32
vt 165 -32
vt 165 -28.5
vt 165.5 -28.5
vt 41.5 -28.5
vt 44.5 -28.5
vt 44.5 -32
vt 41.5 -32
vt -10.5 -7.25
vt -11.125 -7.25
vt -11.125 -7.125
vt -10.5 -7.1875
vt -44.25 -7.125
vt -40.625 -7.125
vt -40.625 -7.25
vt -44.25 -7.25
vt 44.25 -11.125
vt 40.625 -11.125
vt 40.625 -10.5
vt 44.25 -10.5
vt -44.25 -10.5
vt -40.625 -10.5
vt -40.625 -11.125
vt -44.25 -11.125
vt 44.25 -7.25
vt 40.625 -7.25
vt 40.625 -7.1875
vt 44.25 -7.1875
vt 10.5 -7.1875
vt 11.125 -7.125
vt 11.125 -7.25
vt 10.5 -7.25
vt -10.5 -7
vt -11.125 -7
vt -11.125 -6.875
vt -10.5 -6.9375
vt -44.25 -6.875
vt -40.625 -6.875
vt -40.625 -7
vt -44.25 -7
vt 44.25 -7
vt 40.625 -7
vt 40.625 -6.9375
vt 44.25 -6.9375
vt 10.5 -6.9375
vt 11.125 -6.875
vt 11.125 -7
vt 10.5 -7
vt -10.4375 -7.75
vt -11.125 -7.75
vt -11.125 -7.5625
vt -10.4375 -7.5625
vt -44.25 -7.5625
vt -40.625 -7.5625
vt -40.625 -7.75
vt -44.25 -7.75
vt 40.625 -10.4375
vt 44.25 -10.4375
vt -44.25 -10.4375
vt -40.625 -10.4375
vt 44.25 -7.75
vt 40.625 -7.75
vt 40.625 -7.5625
vt 44.25 -7.5625
vt 10.4375 -7.5625
vt 11.125 -7.5625
vt 11.125 -7.75
vt 10.4375 -7.75
vt -44.5 -28
vt -41.5 -28
vt -180 -28
vt -165 -28
vt -180 -28.5
vt 180 -44.5
vt 180 -41.5
vt -180 -41.5
vt -180 -44.5
vt 180 -28.5
vt 165 -28
vt 180 -28
vt 41.5 -28
vt 44.5 -28
vt -41.5 -33
vt -44.5 -33
vt -165 -33
vt -165.5 -33
vt 165.5 -33
vt 165 -33
vt 44.5 -33
vt 41.5 -33
vt -41.75 -33
vt -41.75 -32
vt -180 -32
vt -180 -33
vt 180 -41.75
vt 165.5 -41.75
vt -165.5 -41.75
vt -180 -41.75
vt 180 -33
vt 180 -32
vt 41.75 -32
vt 41.75 -33
vt -17.5 -32
vt -14.5 -32
vt -14.5 -28.5
vt -17.5 -28.5
vt 163.5 -28.5
vt 163 -28.5
vt 163 -32
vt 163.5 -32
vt 163.5 -14.5
vt 163 -14.5
vt 163 -17.5
vt 163.5 -17.5
vt -163.5 -17.5
vt -163 -17.5
vt -163 -14.5
vt -163.5 -14.5
vt -163.5 -32
vt -163 -32
vt -163 -28.5
vt -163.5 -28.5
vt 17.5 -28.5
vt 14.5 -28.5
vt 14.5 -32
vt 17.5 -32
vt 44.8125 -8.1875
vt 40.625 -8.1875
vt 40.625 -8.25
vt 44.8125 -8.25
vt -44.8125 -5.125
vt -40.625 -5.125
vt -40.625 -4.5
vt -44.8125 -4.5
vt 44.8125 -4.5
vt 40.625 -4.5
vt 40.625 -5.125
vt 44.8125 -5.125
vt -44.8125 -8.25
vt -40.625 -8.25
vt -40.625 -8.125
vt -44.8125 -8.125
vt 44.8125 -7.9375
vt 40.625 -7.9375
vt 40.625 -8
vt 44.8125 -8
vt -44.8125 -8
vt -40.625 -8
vt -40.625 -7.875
vt -44.8125 -7.875
vt 44.8125 -8.5625
vt 40.625 -8.5625
vt 40.625 -8.75
vt 44.8125 -8.75
vt 44.8125 -4.4375
vt 40.625 -4.4375
vt -40.625 -4.4375
vt -44.8125 -4.4375
vt -44.8125 -8.75
vt -40.625 -8.75
vt -40.625 -8.5625
vt -44.8125 -8.5625
vt -14.5 -28
vt -17.5 -28
vt 180.25 -28
vt 163 -28
vt 180.25 -28.5
vt 180.25 -14.5
vt 180.25 -17.5
vt -180.25 -17.5
vt -180.25 -14.5
vt -180.25 -28.5
vt -163 -28
vt -180.25 -28
vt 17.5 -28
vt 14.5 -28
vt 163 -33
vt 163.5 -33
vt -163.5 -33
vt -163 -33
vt -14.75 -32
vt 180.25 -32
vt 180.25 -33
vt 163.5 -14.75
vt 180.25 -14.75
vt -180.25 -14.75
vt -163.5 -14.75
vt -180.25 -33
vt -180.25 -32
vt 14.75 -32
vt -27 -32
vt -27.5 -32
vt -27.5 -28.5
vt -27 -28.5
vt -139.5 -28.5
vt -136.5 -28.5
vt -136.5 -32
vt -139.5 -32
vt 27.5 139.5
vt 27.5 136.5
vt 27 136.5
vt 27 139.5
vt -27 139.5
vt -27 136.5
vt -27.5 136.5
vt -27.5 139.5
vt 139.5 -32
vt 136.5 -32
vt 136.5 -28.5
vt 139.5 -28.5
vt 27 -28.5
vt 27.5 -28.5
vt 27.5 -32
vt 27 -32
vt -6.625 -7.125
vt -6.625 -7.25
vt -10.25 -7.25
vt -10.25 -7.125
vt -34.5 -7.1875
vt -33.875 -7.125
vt -33.875 -7.25
vt -34.5 -7.25
vt 10.25 34.5
vt 10.25 33.875
vt 6.625 33.875
vt 6.625 34.5
vt 34.5 -7.25
vt 33.875 -7.25
vt 33.875 -7.125
vt 34.5 -7.1875
vt -6.625 34.5
vt -6.625 33.875
vt -10.25 33.875
vt -10.25 34.5
vt 6.625 -7.25
vt 6.625 -7.1875
vt 10.25 -7.1875
vt 10.25 -7.25
vt -6.625 -6.875
vt -6.625 -7
vt -10.25 -7
vt -10.25 -6.875
vt -34.5 -6.9375
vt -33.875 -6.875
vt -33.875 -7
vt -34.5 -7
vt 34.5 -7
vt 33.875 -7
vt 33.875 -6.875
vt 34.5 -6.9375
vt 6.625 -7
vt 6.625 -6.9375
vt 10.25 -6.9375
vt 10.25 -7
vt -6.625 -7.75
vt -10.25 -7.75
vt -10.25 -7.5625
vt -6.625 -7.5625
vt -34.5625 -7.5625
vt -33.875 -7.5625
vt -33.875 -7.75
vt -34.5625 -7.75
vt 10.25 34.5625
vt 6.625 34.5625
vt -6.625 34.5625
vt -10.25 34.5625
vt 34.5625 -7.75
vt 33.875 -7.75
vt 33.875 -7.5625
vt 34.5625 -7.5625
vt 6.625 -7.5625
vt 10.25 -7.5625
vt 10.25 -7.75
vt 6.625 -7.75
vt -42 -28.5
vt -42 -28
vt -27 -28
vt -139.5 -28
vt -136.5 -28
vt 42 139.5
vt 42 136.5
vt -42 136.5
vt -42 139.5
vt 136.5 -28
vt 139.5 -28
vt 27 -28
vt 42 -28
vt 42 -28.5
vt -27.5 -33
vt 27.5 -33
vt -42 -33
vt -42 -32
vt -139.25 -32
vt 42 139.25
vt 27.5 139.25
vt -27.5 139.25
vt -42 139.25
vt 139.25 -32
vt 42 -32
vt 42 -33
vt 42.5 -32
vt 45.5 -32
vt 45.5 -28.5
vt 42.5 -28.5
vt 156 -28.5
vt 155.5 -28.5
vt 155.5 -32
vt 156 -32
vt -156 -45.5
vt -155.5 -45.5
vt -155.5 -42.5
vt -156 -42.5
vt 156 -42.5
vt 155.5 -42.5
vt 155.5 -45.5
vt 156 -45.5
vt -156 -32
vt -155.5 -32
vt -155.5 -28.5
vt -156 -28.5
vt -42.5 -28.5
vt -45.5 -28.5
vt -45.5 -32
vt -42.5 -32
vt 38.375 -7.125
vt 34.1875 -7.125
vt 34.1875 -7.25
vt 38.375 -7.25
vt -38.375 -11.125
vt -34.1875 -11.125
vt -34.1875 -10.5
vt -38.375 -10.5
vt 38.375 -10.5
vt 34.1875 -10.5
vt 34.1875 -11.125
vt 38.375 -11.125
vt -38.375 -7.25
vt -34.1875 -7.25
vt -34.1875 -7.1875
vt -38.375 -7.1875
vt 38.375 -6.875
vt 34.1875 -6.875
vt 34.1875 -7
vt 38.375 -7
vt -38.375 -7
vt -34.1875 -7
vt -34.1875 -6.9375
vt -38.375 -6.9375
vt 38.375 -7.5625
vt 34.1875 -7.5625
vt 34.1875 -7.75
vt 38.375 -7.75
vt -34.1875 -10.4375
vt -38.375 -10.4375
vt 38.375 -10.4375
vt 34.1875 -10.4375
vt -38.375 -7.75
vt -34.1875 -7.75
vt -34.1875 -7.5625
vt -38.375 -7.5625
vt 45.5 -28
vt 42.5 -28
vt 156 -28
vt 138.75 -28
vt 138.75 -28.5
vt -138.75 -45.5
vt -138.75 -42.5
vt 138.75 -42.5
vt 138.75 -45.5
vt -138.75 -28.5
vt -138.75 -28
vt -156 -28
vt -42.5 -28
vt -45.5 -28
vt 42.5 -33
vt 45.5 -33
vt 155.5 -33
vt 156 -33
vt -156 -33
vt -155.5 -33
vt -45.5 -33
vt -42.5 -33
vt 42.75 -33
vt 42.75 -32
vt 138.75 -32
vt 138.75 -33
vt -155.5 -42.75
vt -138.75 -42.75
vt 138.75 -42.75
vt 155.5 -42.75
vt -138.75 -33
vt -138.75 -32
vt -42.75 -32
vt -42.75 -33

# normals
vn -1 0 -0
vn 0 0 1
vn 0 -1 -0
vn 0 1 -0
vn 0 0 -1
vn 1 0 -0
vn -0.1643989873053573 0.9863939238321437 -0
vn 0.1643989873053573 -0.9863939238321437 -0
vn 0 -0.7071067811865475 0.7071067811865475
vn 0 0.7071067811865475 0.7071067811865475
vn 0 -0.7071067811865475 -0.7071067811865475
vn -0 0.7071067811865475 -0.7071067811865475
vn 0.7071067811865475 0 0.7071067811865475
vn 0.7071067811865475 0 -0.7071067811865475
vn -0.7071067811865475 -0.7071067811865475 -0
vn -0.7071067811865475 0.7071067811865475 -0
vn 0.7071067811865475 -0.7071067811865475 -0
vn 0.7071067811865475 0.7071067811865475 -0
vn -0.16779934804836205 0.985821169784127 -0
vn 0.16779934804836205 -0.985821169784127 -0
vn -0.16779934804835744 0.9858211697841278 -1.4009361418972728e-14
vn 0.167799348048362 -0.985821169784127 4.4829956540712694e-13
vn -0.7071067811865475 0 0.7071067811865475
vn -0 0.02272140535329383 -0.9997418355449427
vn -0 0.02272140535329415 -0.9997418355449427
vn 0 0.9922778767136677 0.12403473458920847
vn 0.09950371902099892 0.9950371902099892 -0
vn 0 0.9950371902099892 0.09950371902099892
vn -0 -0.5000000000000082 0.8660254037844339
vn 0 0.8660254037843487 0.5000000000001559
vn 0 -0.8660254037844055 -0.5000000000000575
vn 0 0.5000000000000082 -0.8660254037844339
vn 0 0.5000000000000082 0.8660254037844339
vn 0 -0.8660254037844625 0.49999999999995903
vn -0 0.8660254037843487 -0.5000000000001559
vn 0 -0.5000000000000082 -0.8660254037844339
vn -0.7071067811865475 0 -0.7071067811865475
vn -0.169046422998541 0.9856080898974999 -0
vn 0.16904642299854328 -0.9856080898974995 2.7581702639578824e-14
vn -0.9863939238321437 0 -0.1643989873053567
vn 0 0.948683298050514 0.3162277660168377
vn 0 -0.9863939238321436 -0.16439898730535757
vn 0.9863939238321436 -0 -0.16439898730535757
vn -0.9659258262890666 -0.2588190451025271 -0
vn -0.25881904510254045 0.9659258262890632 -0
vn 0.25881904510297793 -0.9659258262889459 -0
vn 0.9659258262890666 0.2588190451025271 0
vn -0.9486832980505139 0.31622776601683794 -0
vn 0 0.5547001962252291 0.8320502943378437
vn -0 0.5547001962252291 -0.8320502943378437
vn 0.9486832980505139 0.31622776601683794 -0
vn -0 0.9950371902099892 -0.09950371902099892
vn -0.7071067811865476 -0.7071067811865476 -0
vn -0.7071067811863344 0.7071067811867607 -0
vn 0.7071067811865476 -0.7071067811865476 -0
vn 0.7071067811865476 0.7071067811865476 0
vn -0.7071067811888924 0.7071067811842028 -0
vn 0.7071067811863202 0.707106781186775 -0
vn -0.8660254037843848 0.5000000000000935 -0
vn -0.5001321104345476 -0.8659491163528522 0
vn 0.49999999999992295 0.8660254037844832 -0
vn 0.8660254037844339 -0.5000000000000082 -0
vn -0.8660254037844625 0.49999999999995903 -0
vn -0.49999999999987377 -0.8660254037845116 0
vn 0.5000000000000082 0.8660254037844339 -0
vn -0.5000000000000082 -0.8660254037844339 0
vn 0.49999999999987377 0.8660254037845116 -0
vn 0.8660254037844132 -0.5000000000000443 -0
vn -0.8660254037844055 0.5000000000000575 -0
vn 0.8660254037843771 -0.5000000000001067 -0
vn -0.8661016710610788 -0.49986787792896503 0
vn -0.49999999999969 0.8660254037846177 -0
vn 0.49999999999992295 -0.8660254037844832 -0
vn 0.866025403784504 0.4999999999998869 -0
vn -0.8660254037843563 -0.5000000000001428 0
vn -0.49999999999995903 0.8660254037844625 -0
vn 0.4999999999998377 -0.8660254037845324 -0
vn 0.8660254037844339 0.5000000000000082 -0
vn -0.8660254037844625 -0.49999999999995903 0
vn -0.5000000000000443 0.8660254037844132 -0
vn 0.4999999999997524 -0.8660254037845816 -0
vn 0.8660254037843563 0.5000000000001428 -0
vn -0.4999999999999361 0.8660254037844755 -0
vn 0.4999999999998869 -0.866025403784504 -0
vn 0.8660254037843848 0.5000000000000935 -0
vn -0.9659652991130306 -0.2586716855581091 0
vn -0.2588190451021582 0.9659258262891655 -0
vn 0.2588190451024272 -0.9659258262890933 -0
vn 0.9659258262891066 0.25881904510237796 -0
vn -0.965925826289029 -0.2588190451026678 0
vn -0.2588190451025333 0.965925826289065 -0
vn 0.25881904510234954 -0.9659258262891143 -0
vn 0.9659258262890725 0.25881904510250486 -0
vn -0.9659258262891011 -0.2588190451023988 0
vn -0.25881904510261095 0.9659258262890442 -0
vn 0.2588190451022435 -0.9659258262891427 -0
vn 0.9659258262890364 0.2588190451026393 -0
vn -0.9659258262890933 -0.2588190451024272 0
vn -0.2588190451025409 0.965925826289063 -0
vn 0.25881904510237796 -0.9659258262891066 -0
vn -0.7072146454270786 -0.7069989004895635 0
vn -0.7071067811863202 0.707106781186775 -0
vn 0.7071067811864906 -0.7071067811866043 -0
vn 0.7071067811866044 0.7071067811864907 -0
vn -0.7071067811865476 0.7071067811865476 -0
vn -0.7071067811864906 -0.7071067811866043 0
vn 0.7071067811863769 -0.707106781186718 -0
vn 0.7071067811864339 0.7071067811866613 -0
vn 0.7071067811864906 0.7071067811866043 -0
vn 0.7071067811864907 -0.7071067811866044 -0
vn -0.965925826289065 0.2588190451025333 -0
vn -0.25896639862337345 -0.9658863309851942 0
vn 0.2588190451024272 0.9659258262890933 -0
vn 0.965925826289065 -0.2588190451025333 -0
vn -0.2588190451024272 -0.9659258262890933 0
vn 0.2588190451025333 0.965925826289065 -0
vn -0.2588190451025333 -0.965925826289065 0
vn -0.9659258262890574 0.2588190451025617 -0
vn 0.9659258262890574 -0.2588190451025617 -0
vn -0.5001321104345116 0.865949116352873 -0
vn 0.49999999999995903 -0.8660254037844625 -0
vn 0.8660254037844055 0.5000000000000575 0
vn 0.8660254037844625 0.49999999999995903 0
vn 0.49999999999978845 -0.8660254037845608 -0
vn 0.8660254037843487 0.5000000000001559 0
vn -0.8661016710610504 0.49986787792901427 -0
vn -0.4999999999995195 -0.8660254037847162 -0
vn 0.49999999999978845 0.8660254037845608 0
vn 0.8660254037844471 -0.49999999999998535 -0
vn -0.8660254037843487 0.5000000000001559 -0
vn -0.49999999999995903 -0.8660254037844625 -0
vn 0.4999999999997164 0.8660254037846025 0
vn 0.8660254037844625 -0.49999999999995903 -0
vn -0.5000000000001296 -0.866025403784364 -0
vn 0.866025403784364 -0.5000000000001296 -0
vn -0.8660254037845608 0.49999999999978845 -0
vn -0.4999999999998869 -0.866025403784504 -0
vn 0.8660254037844055 -0.5000000000000575 -0
vn -0.9659652991130231 0.2586716855581375 -0
vn -0.25881904510237036 -0.9659258262891086 -0
vn 0.9659258262890933 -0.2588190451024272 -0
vn -0.9659258262890213 0.2588190451026962 -0
vn 0.9659258262890364 -0.2588190451026393 -0
vn -0.9659258262890518 0.2588190451025825 -0
vn -0.2588190451028515 -0.9659258262889796 -0
vn 0.25881904510227194 0.965925826289135 0
vn -0.9659258262890933 0.2588190451024272 -0
vn -0.25881904510248405 -0.9659258262890782 -0
vn -0.7072146454269079 0.7069989004897341 -0
vn -0.7071067811860928 -0.7071067811870023 -0
vn 0.7071067811863201 0.7071067811867748 0
vn -0.7071067811866613 -0.7071067811864339 -0
vn -0.7071067811864339 0.7071067811866613 -0
vn -0.7071067811866613 0.7071067811864339 -0
vn 0.7071067811864339 -0.7071067811866613 -0
vn -0.9659258262890364 -0.2588190451026393 -0
vn -0.25896639862329573 0.9658863309852149 -0
vn -0.2588190451024272 0.9659258262890933 -0
vn 0.2588190451026393 -0.9659258262890364 -0
vn -0.8660254037844093 -0.5000000000000508 -0
vn -0.49999999999992295 0.8660254037844832 -0
vn 0.5001321104345722 -0.8659491163528379 -0
vn 0.8660254037844093 0.5000000000000508 0
vn -0.8660254037844339 -0.5000000000000082 -0
vn -0.5000000000000082 0.8660254037844339 -0
vn 0.4999999999998983 -0.8660254037844973 -0
vn 0.8660254037844501 0.49999999999998035 0
vn -0.8660254037844501 -0.49999999999998035 -0
vn -0.49999999999987377 0.8660254037845116 -0
vn 0.5000000000000082 -0.8660254037844339 -0
vn -0.8660254037843771 -0.5000000000001067 -0
vn -0.49999999999998357 0.8660254037844481 -0
vn -0.8660254037845286 0.4999999999998443 -0
vn -0.4999999999998983 -0.8660254037844973 -0
vn 0.49999999999969 0.8660254037846177 0
vn 0.8661016710610788 -0.49986787792896503 -0
vn -0.8660254037844339 0.5000000000000082 -0
vn -0.4999999999998377 -0.8660254037845324 -0
vn 0.4999999999999959 0.866025403784441 0
vn 0.866025403784381 -0.5000000000001001 -0
vn -0.866025403784344 0.5000000000001641 -0
vn -0.4999999999997524 -0.8660254037845816 -0
vn 0.5000000000000443 0.8660254037844132 0
vn 0.8660254037844501 -0.49999999999998035 -0
vn 0.4999999999999115 0.8660254037844898 0
vn 0.8660254037844871 -0.4999999999999164 -0
vn -0.9659258262891137 0.2588190451023515 -0
vn -0.2588190451024343 -0.9659258262890915 -0
vn 0.2588190451021582 0.9659258262891655 0
vn 0.9659652991130164 -0.25867168555816217 -0
vn -0.9659258262890725 0.25881904510250486 -0
vn -0.25881904510234954 -0.9659258262891143 -0
vn 0.25881904510254045 0.9659258262890632 0
vn 0.965925826289029 -0.2588190451026678 -0
vn -0.9659258262890295 0.25881904510266585 -0
vn -0.2588190451022435 -0.9659258262891427 -0
vn 0.258819045102618 0.9659258262890422 0
vn 0.965925826289087 -0.25881904510245185 -0
vn -0.9659258262890364 0.2588190451026393 -0
vn -0.25881904510237796 -0.9659258262891066 -0
vn 0.25881904510251247 0.9659258262890705 0
vn -0.707106781186448 -0.7071067811866469 -0
vn 0.7071067811862918 0.7071067811868034 0
vn 0.7072146454270217 -0.7069989004896203 -0
vn -0.7071067811865617 0.7071067811865333 -0
vn 0.7071067811864622 -0.7071067811866327 -0
vn 0.7071067811865333 0.7071067811865617 0
vn -0.7071067811863485 -0.7071067811867464 -0
vn 0.7071067811865617 0.7071067811865333 0
vn -0.7071067811864765 -0.7071067811866186 -0
vn -0.7071067811864622 0.7071067811866327 -0
vn 0.7071067811865759 -0.707106781186519 -0
vn -0.965925826289065 -0.2588190451025333 -0
vn -0.2588190451024414 0.9659258262890895 -0
vn 0.25896639862338766 -0.9658863309851904 -0
vn 0.965925826289065 0.2588190451025333 0
vn -0.9659258262890721 -0.25881904510250675 -0
vn 0.2588190451024343 -0.9659258262890915 -0
vn 0.9659258262890721 0.25881904510250675 0
vn 0.25881904510254045 -0.9659258262890632 -0
vn -0.9659258262890574 -0.2588190451025617 -0
vn 0.9659258262890574 0.2588190451025617 0
vn 0.5001321104345116 0.865949116352873 -0
vn 0.49999999999995903 0.8660254037844625 -0
vn -0.49999999999978845 -0.8660254037845608 0
vn -0.8660254037844471 -0.49999999999998535 0
vn -0.49999999999978845 0.8660254037845608 -0
vn 0.4999999999995195 -0.8660254037847162 -0
vn 0.8661016710610504 0.49986787792901427 -0
vn -0.4999999999997164 0.8660254037846025 -0
vn -0.866025403784364 -0.5000000000001296 0
vn 0.5000000000001296 -0.866025403784364 -0
vn -0.8660254037844055 -0.5000000000000575 0
vn 0.8660254037845608 0.49999999999978845 -0
vn 0.25881904510237036 -0.9659258262891086 -0
vn 0.9659652991130231 0.2586716855581375 -0
vn 0.9659258262890213 0.2588190451026962 -0
vn -0.25881904510227194 0.965925826289135 -0
vn 0.2588190451028515 -0.9659258262889796 -0
vn 0.9659258262890518 0.2588190451025825 -0
vn 0.25881904510248405 -0.9659258262890782 -0
vn 0.9659258262890933 0.2588190451024272 -0
vn -0.7071067811863201 0.7071067811867748 -0
vn 0.7071067811860928 -0.7071067811870023 -0
vn 0.7072146454269079 0.7069989004897341 -0
vn 0.7071067811866613 -0.7071067811864339 -0
vn -0.7071067811864339 -0.7071067811866613 0
vn 0.7071067811866613 0.7071067811864339 -0
vn 0.25896639862329573 0.9658863309852149 -0
vn -0.2588190451026393 -0.9659258262890364 0
vn -0.11704114719613057 0.7022468831767834 0.7022468831767834
vn -0.11704114719613057 0.7022468831767834 -0.7022468831767834
vn 0.11704114719613057 -0.7022468831767834 0.7022468831767834
vn 0.11704114719613057 -0.7022468831767834 -0.7022468831767834
vn -0.8164965809277261 -0.4082482904638631 -0.4082482904638631
vn -0.8164965809277261 0.4082482904638631 -0.4082482904638631
vn -0.5298129428260175 -0.5298129428260175 0.6622661785325219
vn -0.5298129428260175 0.5298129428260175 0.6622661785325219
vn -0.408248290463863 -0.816496580927726 0.408248290463863
vn -0.408248290463863 0.816496580927726 0.408248290463863
vn 0.5773502691896257 -0.5773502691896257 -0.5773502691896257
vn 0.5773502691896257 0.5773502691896257 -0.5773502691896257
vn -0.8164965809277261 -0.4082482904638631 0.4082482904638631
vn -0.8164965809277261 0.4082482904638631 0.4082482904638631
vn -0.5298129428260175 -0.5298129428260175 -0.6622661785325219
vn -0.5298129428260175 0.5298129428260175 -0.6622661785325219
vn -0.408248290463863 -0.816496580927726 -0.408248290463863
vn -0.408248290463863 0.816496580927726 -0.408248290463863
vn 0.5773502691896257 -0.5773502691896257 0.5773502691896257
vn 0.5773502691896257 0.5773502691896257 0.5773502691896257
vn -0.1543768802736096 0.9880120337511015 -0
vn 0.1543768802736096 -0.9880120337511015 -0
vn -0.09950371902099892 0.9950371902099892 -0

o entity0_brush0
usemtl Ceiling
f  1/1/1  2/2/1  3/3/1  4/4/1
usemtl Ceiling
f  5/5/2  3/6/2  2/7/2  6/8/2
usemtl Ceiling
f  6/9/3  2/10/3  1/11/3  7/12/3
usemtl Ceiling
f  8/12/4  4/11/4  3/10/4  5/9/4
usemtl Ceiling
f  7/8/5  1/7/5  4/6/5  8/5/5
usemtl Ceiling
f  8/13/6  5/14/6  6/15/6  7/16/6

o entity0_brush1
usemtl Wooden Texture
f  9/17/1  10/18/1  11/19/1  12/20/1
usemtl Wooden Texture
f  13/21/2  11/22/2  10/23/2  14/5/2
usemtl Wooden Texture
f  14/24/3  10/25/3  9/26/3  15/27/3
usemtl Wooden Texture
f  16/26/4  12/27/4  11/24/4  13/25/4
usemtl Wooden Texture
f  15/5/5  9/23/5  12/22/5  16/21/5
usemtl Wooden Texture
f  16/28/6  13/29/6  14/30/6  15/31/6

o entity0_brush2
usemtl __TB_empty
f  17/32/1  18/33/1  19/34/1  20/35/1
usemtl __TB_empty
f  21/36/2  19/37/2  18/38/2  22/39/2
usemtl __TB_empty
f  22/40/3  18/41/3  17/42/3  23/43/3
usemtl __TB_empty
f  24/44/4  20/45/4  19/46/4  21/47/4
usemtl __TB_empty
f  23/48/5  17/49/5  20/50/5  24/51/5
usemtl __TB_empty
f  24/52/6  21/53/6  22/54/6  23/55/6

o entity0_brush3
usemtl SuperMarketFloo
f  25/56/1  26/57/1  27/58/1  28/59/1
usemtl SuperMarketFloo
f  29/60/2  27/61/2  26/62/2  30/63/2
usemtl SuperMarketFloo
f  30/64/3  26/65/3  25/66/3  31/67/3
usemtl SuperMarketFloo
f  32/68/4  28/69/4  27/70/4  29/71/4
usemtl SuperMarketFloo
f  31/72/5  25/73/5  28/74/5  32/75/5
usemtl SuperMarketFloo
f  32/76/6  29/77/6  30/78/6  31/79/6

o entity0_brush4
usemtl Ceiling
f  33/80/1  34/81/1  35/82/1  36/83/1
usemtl Ceiling
f  37/84/2  35/85/2  34/86/2  38/87/2
usemtl Ceiling
f  38/88/3  34/89/3  33/90/3  39/91/3
usemtl Ceiling
f  40/92/4  36/93/4  35/94/4  37/95/4
usemtl Ceiling
f  39/96/5  33/97/5  36/98/5  40/99/5
usemtl Ceiling
f  40/100/6  37/101/6  38/102/6  39/103/6

o entity0_brush5
usemtl Keep Out Sign
f  41/104/1  42/105/1  43/106/1  44/107/1
usemtl Keep Out Sign
f  45/108/2  43/109/2  42/110/2  46/111/2
usemtl Keep Out Sign
f  46/112/3  42/113/3  41/114/3  47/115/3
usemtl Keep Out Sign
f  48/116/4  44/117/4  43/118/4  45/119/4
usemtl Keep Out Sign
f  47/120/5  41/121/5  44/122/5  48/123/5
usemtl Keep Out Sign
f  48/124/6  45/125/6  46/126/6  47/127/6

o entity0_brush6
usemtl Ceiling
f  49/128/1  50/129/1  51/130/1  52/131/1
usemtl Ceiling
f  53/84/2  51/85/2  50/86/2  54/87/2
usemtl Ceiling
f  54/132/3  50/133/3  49/134/3  55/135/3
usemtl Ceiling
f  56/136/4  52/137/4  51/138/4  53/139/4
usemtl Ceiling
f  55/96/5  49/97/5  52/98/5  56/99/5
usemtl Ceiling
f  56/140/6  53/141/6  54/142/6  55/143/6

o entity0_brush7
usemtl Metal Texture
f  57/144/1  58/145/1  59/146/1  60/147/1
usemtl Metal Texture
f  61/148/2  59/149/2  58/150/2  62/151/2
usemtl Metal Texture
f  62/152/3  58/153/3  57/154/3  63/155/3
usemtl Metal Texture
f  64/156/4  60/157/4  59/158/4  61/159/4
usemtl Metal Texture
f  63/160/5  57/161/5  60/162/5  64/163/5
usemtl Metal Texture
f  64/164/6  61/165/6  62/166/6  63/167/6

o entity0_brush8
usemtl Ceiling
f  65/168/1  66/169/1  67/170/1  68/171/1
usemtl Ceiling
f  69/172/2  67/173/2  66/174/2  70/175/2
usemtl Ceiling
f  70/176/3  66/177/3  65/178/3  71/179/3
usemtl Ceiling
f  72/179/4  68/178/4  67/177/4  69/176/4
usemtl Ceiling
f  71/175/5  65/174/5  68/173/5  72/172/5
usemtl Ceiling
f  72/180/6  69/181/6  70/182/6  71/183/6

o entity0_brush9
usemtl Ceiling
f  73/182/1  74/181/1  75/180/1  76/183/1
usemtl Ceiling
f  77/184/7  75/179/7  74/176/7  78/185/7
usemtl Ceiling
f  78/186/2  74/172/2  73/175/2  79/187/2
usemtl Ceiling
f  80/187/5  76/175/5  75/172/5  77/186/5
usemtl Ceiling
f  79/185/8  73/176/8  76/179/8  80/184/8
usemtl Ceiling
f  80/188/6  77/189/6  78/190/6  79/191/6

o entity0_brush10
usemtl Ceiling
f  81/192/1  82/193/1  83/194/1  84/195/1
usemtl Ceiling
f  85/196/2  83/197/2  82/187/2  86/198/2
usemtl Ceiling
f  86/199/3  82/200/3  81/201/3  87/202/3
usemtl Ceiling
f  88/203/4  84/204/4  83/205/4  85/206/4
usemtl Ceiling
f  87/207/5  81/208/5  84/209/5  88/210/5
usemtl Ceiling
f  88/211/6  85/212/6  86/213/6  87/214/6

o entity0_brush11
usemtl Wooden Texture
f  89/215/1  90/216/1  91/217/1  92/218/1
usemtl Wooden Texture
f  93/219/2  91/220/2  90/221/2  94/222/2
usemtl Keep Out Sign
f  94/223/3  90/224/3  89/225/3  95/226/3
usemtl Keep Out Sign
f  96/227/4  92/228/4  91/229/4  93/230/4
usemtl Keep Out Sign
f  95/231/5  89/232/5  92/233/5  96/234/5
usemtl Wooden Texture
f  96/235/6  93/236/6  94/237/6  95/238/6

o entity0_brush12
usemtl Metal Texture
f  97/239/1  98/240/1  99/241/1  100/242/1
usemtl Metal Texture
f  99/243/9  98/244/9  101/245/9
usemtl Metal Texture
f  102/246/10  100/247/10  99/248/10
usemtl Metal Texture
f  101/249/11  98/250/11  97/251/11  103/252/11
usemtl Metal Texture
f  103/253/12  97/254/12  100/255/12  102/256/12
usemtl Metal Texture
f  102/242/13  99/241/13  101/240/13
usemtl Metal Texture
f  103/239/6  102/242/6  101/240/6

o entity0_brush13
usemtl Metal Texture
f  104/257/1  105/258/1  106/239/1  107/259/1
usemtl Metal Texture
f  106/260/9  105/261/9  108/262/9
usemtl Metal Texture
f  109/263/10  107/264/10  106/265/10
usemtl Metal Texture
f  108/266/11  105/267/11  104/268/11  110/269/11
usemtl Metal Texture
f  110/270/12  104/271/12  107/272/12  109/273/12
usemtl Metal Texture
f  109/259/13  106/239/13  108/258/13
usemtl Metal Texture
f  110/257/6  109/259/6  108/258/6

o entity0_brush14
usemtl Metal Texture
f  111/274/1  112/275/1  113/276/1  114/277/1
usemtl Metal Texture
f  115/278/9  113/279/9  112/280/9  116/281/9
usemtl Metal Texture
f  117/282/10  114/283/10  113/284/10  115/285/10
usemtl Metal Texture
f  116/286/11  112/287/11  111/288/11
usemtl Metal Texture
f  111/289/12  114/290/12  117/291/12
usemtl Metal Texture
f  116/275/14  111/274/14  117/277/14
usemtl Metal Texture
f  117/277/6  115/276/6  116/275/6

o entity0_brush15
usemtl Metal Texture
f  118/276/1  119/292/1  120/293/1  121/294/1
usemtl Metal Texture
f  122/295/9  120/296/9  119/297/9  123/298/9
usemtl Metal Texture
f  124/299/10  121/300/10  120/301/10  122/302/10
usemtl Metal Texture
f  123/303/11  119/304/11  118/305/11
usemtl Metal Texture
f  118/306/12  121/307/12  124/308/12
usemtl Metal Texture
f  123/292/14  118/276/14  124/294/14
usemtl Metal Texture
f  124/294/6  122/293/6  123/292/6

o entity0_brush16
usemtl Metal Texture
f  125/309/1  126/310/1  127/311/1  128/312/1
usemtl Metal Texture
f  129/313/9  127/314/9  126/315/9  130/316/9
usemtl Metal Texture
f  131/317/10  128/318/10  127/319/10  129/320/10
usemtl Metal Texture
f  130/321/11  126/322/11  125/323/11
usemtl Metal Texture
f  125/324/12  128/325/12  131/326/12
usemtl Metal Texture
f  130/310/14  125/309/14  131/312/14
usemtl Metal Texture
f  131/312/6  129/311/6  130/310/6

o entity0_brush17
usemtl Metal Texture
f  132/327/1  133/328/1  134/329/1  135/330/1
usemtl Metal Texture
f  136/87/2  134/331/2  133/332/2  137/333/2
usemtl Metal Texture
f  137/334/3  133/335/3  132/336/3  138/337/3
usemtl Metal Texture
f  139/338/4  135/339/4  134/340/4  136/341/4
usemtl Metal Texture
f  138/342/5  132/343/5  135/344/5  139/96/5
usemtl Metal Texture
f  139/345/6  136/346/6  137/347/6  138/348/6

o entity0_brush18
usemtl Metal Texture
f  140/349/1  141/350/1  142/351/1  143/352/1
usemtl Metal Texture
f  144/353/9  142/354/9  141/355/9  145/356/9
usemtl Metal Texture
f  146/357/10  143/358/10  142/359/10  144/360/10
usemtl Metal Texture
f  145/361/11  141/362/11  140/363/11  147/364/11
usemtl Metal Texture
f  147/365/12  140/366/12  143/367/12  146/368/12
usemtl Metal Texture
f  144/369/6  145/370/6  147/371/6  146/372/6

o entity0_brush19
usemtl Metal Texture
f  148/373/15  149/374/15  150/375/15  151/376/15
usemtl Metal Texture
f  152/377/16  150/378/16  149/379/16  153/380/16
usemtl Metal Texture
f  153/381/2  149/382/2  148/383/2  154/384/2
usemtl Metal Texture
f  155/385/5  151/386/5  150/387/5  152/388/5
usemtl Metal Texture
f  154/389/17  148/390/17  151/391/17  155/392/17
usemtl Metal Texture
f  155/393/18  152/394/18  153/395/18  154/396/18

o entity0_brush20
usemtl Metal Texture
f  156/397/1  157/398/1  158/399/1  159/400/1
usemtl Metal Texture
f  160/401/9  158/402/9  157/403/9  161/404/9
usemtl Metal Texture
f  162/405/10  159/406/10  158/407/10  160/408/10
usemtl Metal Texture
f  161/409/11  157/410/11  156/411/11  163/412/11
usemtl Metal Texture
f  163/413/12  156/414/12  159/415/12  162/416/12
usemtl Metal Texture
f  160/417/6  161/418/6  163/419/6  162/420/6

o entity0_brush21
usemtl Bricks
f  164/421/1  165/422/1  166/423/1  167/424/1
usemtl Bricks
f  168/425/2  166/426/2  165/427/2  169/428/2
usemtl Bricks
f  169/429/3  165/430/3  164/431/3  170/432/3
usemtl Bricks
f  171/433/4  167/434/4  166/435/4  168/436/4
usemtl Bricks
f  170/437/5  164/438/5  167/439/5  171/440/5
usemtl Bricks
f  171/424/6  168/423/6  169/422/6  170/421/6

o entity0_brush22
usemtl Bricks
f  172/441/1  173/442/1  174/193/1  175/443/1
usemtl Bricks
f  176/444/2  174/445/2  173/446/2  177/427/2
usemtl Bricks
f  177/447/3  173/448/3  172/449/3  178/450/3
usemtl Bricks
f  179/451/4  175/452/4  174/453/4  176/454/4
usemtl Bricks
f  178/438/5  172/455/5  175/456/5  179/457/5
usemtl Bricks
f  179/458/6  176/213/6  177/459/6  178/460/6

o entity0_brush23
usemtl Bricks
f  180/461/1  181/462/1  182/463/1  183/464/1
usemtl Bricks
f  184/465/2  182/186/2  181/466/2  185/467/2
usemtl Bricks
f  185/468/3  181/469/3  180/470/3  186/471/3
usemtl Bricks
f  187/472/4  183/473/4  182/474/4  184/475/4
usemtl Bricks
f  186/476/5  180/477/5  183/478/5  187/479/5
usemtl Bricks
f  187/480/6  184/423/6  185/422/6  186/481/6

o entity0_brush24
usemtl Bricks
f  188/482/1  189/442/1  190/483/1  191/484/1
usemtl Bricks
f  192/485/2  190/465/2  189/467/2  193/486/2
usemtl Bricks
f  193/487/3  189/488/3  188/489/3  194/490/3
usemtl Bricks
f  195/491/4  191/492/4  190/493/4  192/494/4
usemtl Bricks
f  194/495/5  188/476/5  191/479/5  195/496/5
usemtl Bricks
f  195/497/6  192/498/6  193/459/6  194/499/6

o entity0_brush25
usemtl Bricks
f  196/500/1  197/501/1  198/502/1  199/503/1
usemtl Bricks
f  200/504/2  198/186/2  197/466/2  201/505/2
usemtl Bricks
f  201/506/3  197/507/3  196/508/3  202/509/3
usemtl Bricks
f  203/510/4  199/511/4  198/512/4  200/513/4
usemtl Bricks
f  202/514/5  196/477/5  199/478/5  203/515/5
usemtl Bricks
f  203/424/6  200/516/6  201/517/6  202/421/6

o entity0_brush26
usemtl Bricks
f  204/518/1  205/519/1  206/520/1  207/521/1
usemtl Bricks
f  208/522/2  206/504/2  205/505/2  209/523/2
usemtl Bricks
f  209/524/3  205/525/3  204/526/3  210/527/3
usemtl Bricks
f  211/528/4  207/529/4  206/530/4  208/531/4
usemtl Bricks
f  210/532/5  204/514/5  207/515/5  211/533/5
usemtl Bricks
f  211/534/6  208/535/6  209/536/6  210/537/6

o entity0_brush27
usemtl Bricks
f  212/538/1  213/539/1  214/540/1  215/541/1
usemtl Bricks
f  216/542/2  214/478/2  213/477/2  217/543/2
usemtl Bricks
f  217/544/3  213/545/3  212/546/3  218/547/3
usemtl Bricks
f  219/548/4  215/549/4  214/550/4  216/551/4
usemtl Bricks
f  218/543/5  212/477/5  215/478/5  219/542/5
usemtl Bricks
f  219/541/6  216/540/6  217/539/6  218/538/6

o entity0_brush28
usemtl Bricks
f  220/552/1  221/519/1  222/520/1  223/553/1
usemtl Bricks
f  224/426/2  222/554/2  221/555/2  225/427/2
usemtl Bricks
f  225/556/3  221/557/3  220/558/3  226/559/3
usemtl Bricks
f  227/560/4  223/561/4  222/562/4  224/563/4
usemtl Bricks
f  226/438/5  220/564/5  223/565/5  227/439/5
usemtl Bricks
f  227/540/6  224/535/6  225/536/6  226/539/6

o entity0_brush29
usemtl Bricks
f  228/566/1  229/182/1  230/567/1  231/568/1
usemtl Bricks
f  232/569/19  230/570/19  229/571/19  233/572/19
usemtl Bricks
f  233/573/2  229/175/2  228/574/2  234/575/2
usemtl Bricks
f  235/575/5  231/574/5  230/175/5  232/573/5
usemtl Bricks
f  234/576/20  228/577/20  231/578/20  235/470/20
usemtl Bricks
f  235/579/6  232/580/6  233/581/6  234/582/6

o entity0_brush30
usemtl Bricks
f  236/583/1  237/584/1  238/585/1  239/146/1
usemtl Bricks
f  240/174/2  238/586/2  237/587/2  241/588/2
usemtl Bricks
f  241/589/3  237/590/3  236/591/3  242/592/3
usemtl Bricks
f  243/593/4  239/594/4  238/595/4  240/596/4
usemtl Bricks
f  242/597/5  236/598/5  239/599/5  243/600/5
usemtl Bricks
f  243/165/6  240/601/6  241/602/6  242/603/6

o entity0_brush31
usemtl Bricks
f  244/604/1  245/605/1  246/183/1  247/606/1
usemtl Bricks
f  248/607/21  246/608/21  245/609/21  249/610/21
usemtl Bricks
f  249/573/2  245/175/2  244/574/2  250/575/2
usemtl Bricks
f  251/575/5  247/574/5  246/175/5  248/573/5
usemtl Bricks
f  250/507/22  244/611/22  247/612/22  251/613/22
usemtl Bricks
f  251/614/6  248/615/6  249/616/6  250/617/6

o entity0_brush32
usemtl Bricks
f  252/618/1  253/619/1  254/147/1  255/620/1
usemtl Bricks
f  256/174/2  254/586/2  253/587/2  257/588/2
usemtl Bricks
f  257/621/3  253/622/3  252/623/3  258/624/3
usemtl Bricks
f  259/625/4  255/626/4  254/627/4  256/628/4
usemtl Bricks
f  258/597/5  252/598/5  255/599/5  259/600/5
usemtl Bricks
f  259/629/6  256/164/6  257/630/6  258/631/6

o entity0_brush33
usemtl Metal Texture
f  260/619/1  261/632/1  262/633/1  263/144/1
usemtl Metal Texture
f  264/151/2  262/150/2  261/634/2  265/635/2
usemtl Metal Texture
f  265/636/3  261/637/3  260/154/3  266/155/3
usemtl Metal Texture
f  267/156/4  263/157/4  262/638/4  264/639/4
usemtl Metal Texture
f  266/640/5  260/641/5  263/161/5  267/160/5
usemtl Metal Texture
f  267/167/6  264/642/6  265/643/6  266/630/6

o entity0_brush34
usemtl Metal Texture
f  268/644/1  269/583/1  270/145/1  271/645/1
usemtl Metal Texture
f  272/151/2  270/150/2  269/634/2  273/635/2
usemtl Metal Texture
f  273/152/3  269/153/3  268/646/3  274/647/3
usemtl Metal Texture
f  275/648/4  271/649/4  270/158/4  272/159/4
usemtl Metal Texture
f  274/640/5  268/641/5  271/161/5  275/160/5
usemtl Metal Texture
f  275/650/6  272/166/6  273/603/6  274/651/6

o entity0_brush35
usemtl Bricks
f  276/652/1  277/653/1  278/169/1  279/654/1
usemtl Bricks
f  280/175/2  278/174/2  277/588/2  281/574/2
usemtl Bricks
f  281/577/3  277/655/3  276/656/3  282/578/3
usemtl Bricks
f  283/657/4  279/658/4  278/177/4  280/176/4
usemtl Bricks
f  282/574/5  276/588/5  279/174/5  283/175/5
usemtl Bricks
f  283/567/6  280/182/6  281/566/6  282/568/6

o entity0_brush36
usemtl Bricks
f  284/659/1  285/660/1  286/661/1  287/168/1
usemtl Bricks
f  288/175/2  286/174/2  285/588/2  289/574/2
usemtl Bricks
f  289/611/3  285/662/3  284/663/3  290/612/3
usemtl Bricks
f  291/179/4  287/178/4  286/664/4  288/665/4
usemtl Bricks
f  290/574/5  284/588/5  287/174/5  291/175/5
usemtl Bricks
f  291/183/6  288/605/6  289/604/6  290/606/6

o entity0_brush37
usemtl Bricks
f  292/666/1  293/667/1  294/668/1  295/669/1
usemtl Bricks
f  296/670/2  294/87/2  293/671/2  297/672/2
usemtl Bricks
f  297/673/3  293/674/3  292/675/3  298/676/3
usemtl Bricks
f  299/677/4  295/678/4  294/679/4  296/680/4
usemtl Bricks
f  298/681/5  292/682/5  295/96/5  299/683/5
usemtl Bricks
f  299/684/6  296/685/6  297/686/6  298/687/6

o entity0_brush38
usemtl Bricks
f  300/606/1  301/688/1  302/689/1  303/690/1
usemtl Bricks
f  304/691/2  302/692/2  301/693/2  305/694/2
usemtl Bricks
f  305/695/3  301/696/3  300/697/3  306/698/3
usemtl Bricks
f  307/699/4  303/700/4  302/701/4  304/702/4
usemtl Bricks
f  306/694/5  300/693/5  303/692/5  307/691/5
usemtl Bricks
f  307/703/6  304/704/6  305/705/6  306/659/6

o entity0_brush39
usemtl Bricks
f  308/706/23  309/707/23  310/708/23  311/709/23
usemtl Bricks
f  312/670/2  310/710/2  309/711/2  313/672/2
usemtl Bricks
f  313/712/3  309/713/3  308/714/3  314/715/3
usemtl Bricks
f  315/716/4  311/717/4  310/718/4  312/719/4
usemtl Bricks
f  314/681/5  308/720/5  311/721/5  315/683/5
usemtl Bricks
f  315/96/6  312/722/6  313/723/6  314/682/6

o entity0_brush40
usemtl Bricks
f  316/724/1  317/725/1  318/726/1  319/727/1
usemtl Bricks
f  320/728/2  318/729/2  317/730/2  321/731/2
usemtl Bricks
f  321/732/3  317/733/3  316/734/3  322/735/3
usemtl Bricks
f  323/736/4  319/737/4  318/738/4  320/739/4
usemtl Bricks
f  322/731/5  316/730/5  319/729/5  323/728/5
usemtl Bricks
f  323/740/6  320/741/6  321/742/6  322/743/6

o entity0_brush41
usemtl Bricks
f  324/744/1  325/724/1  326/745/1  327/746/1
usemtl Bricks
f  328/747/2  326/748/2  325/749/2  329/750/2
usemtl Bricks
f  329/751/3  325/752/3  324/753/3  330/754/3
usemtl Bricks
f  331/755/4  327/756/4  326/757/4  328/758/4
usemtl Bricks
f  330/759/5  324/760/5  327/761/5  331/762/5
usemtl Bricks
f  331/763/6  328/764/6  329/743/6  330/765/6

o entity0_brush42
usemtl Bricks
f  332/766/1  333/767/1  334/768/1  335/769/1
usemtl Bricks
f  336/770/2  334/771/2  333/723/2  337/772/2
usemtl Bricks
f  337/773/3  333/774/3  332/775/3  338/776/3
usemtl Bricks
f  339/777/4  335/778/4  334/779/4  336/780/4
usemtl Bricks
f  338/781/5  332/782/5  335/783/5  339/784/5
usemtl Bricks
f  339/785/6  336/786/6  337/787/6  338/788/6

o entity0_brush43
usemtl Bricks
f  340/789/1  341/682/1  342/99/1  343/790/1
usemtl Bricks
f  344/84/2  342/791/2  341/792/2  345/671/2
usemtl Bricks
f  345/793/3  341/794/3  340/795/3  346/796/3
usemtl Bricks
f  347/797/4  343/798/4  342/799/4  344/800/4
usemtl Bricks
f  346/682/5  340/801/5  343/802/5  347/99/5
usemtl Bricks
f  347/803/6  344/84/6  345/671/6  346/804/6

o entity0_brush44
usemtl Bricks
f  348/744/1  349/805/1  350/806/1  351/746/1
usemtl Bricks
f  352/807/2  350/84/2  349/671/2  353/808/2
usemtl Bricks
f  353/809/3  349/810/3  348/811/3  354/812/3
usemtl Bricks
f  355/813/4  351/814/4  350/815/4  352/816/4
usemtl Bricks
f  354/817/5  348/682/5  351/99/5  355/818/5
usemtl Bricks
f  355/763/6  352/819/6  353/820/6  354/765/6

o entity0_brush45
usemtl Bricks
f  356/744/1  357/805/1  358/806/1  359/746/1
usemtl Bricks
f  360/821/2  358/771/2  357/723/2  361/822/2
usemtl Bricks
f  361/823/3  357/824/3  356/825/3  362/826/3
usemtl Bricks
f  363/827/4  359/828/4  358/829/4  360/830/4
usemtl Bricks
f  362/831/5  356/782/5  359/783/5  363/832/5
usemtl Bricks
f  363/763/6  360/819/6  361/820/6  362/765/6

o entity0_brush46
usemtl Metal Texture
f  364/833/1  365/834/1  366/328/1  367/327/1
usemtl Metal Texture
f  368/835/2  366/332/2  365/772/2  369/822/2
usemtl Metal Texture
f  369/836/3  365/335/3  364/336/3  370/837/3
usemtl Metal Texture
f  371/838/4  367/339/4  366/340/4  368/839/4
usemtl Metal Texture
f  370/831/5  364/781/5  367/343/5  371/840/5
usemtl Metal Texture
f  371/348/6  368/347/6  369/841/6  370/842/6

o entity0_brush47
usemtl Metal Texture
f  372/833/1  373/834/1  374/328/1  375/327/1
usemtl Metal Texture
f  376/333/2  374/843/2  373/792/2  377/671/2
usemtl Metal Texture
f  377/334/3  373/844/3  372/845/3  378/337/3
usemtl Metal Texture
f  379/338/4  375/846/4  374/847/4  376/341/4
usemtl Metal Texture
f  378/682/5  372/801/5  375/848/5  379/342/5
usemtl Metal Texture
f  379/348/6  376/347/6  377/841/6  378/842/6

o entity0_brush48
usemtl Bricks
f  380/849/1  381/59/1  382/4/1  383/850/1
usemtl Bricks
f  384/851/2  382/852/2  381/853/2  385/854/2
usemtl Bricks
f  385/855/3  381/856/3  380/857/3  386/858/3
usemtl Bricks
f  387/859/4  383/860/4  382/861/4  384/862/4
usemtl Bricks
f  386/863/5  380/864/5  383/865/5  387/866/5
usemtl Bricks
f  387/867/6  384/13/6  385/76/6  386/868/6

o entity0_brush49
usemtl Bricks
f  388/849/1  389/869/1  390/870/1  391/871/1
usemtl Bricks
f  392/872/2  390/873/2  389/854/2  393/874/2
usemtl Bricks
f  393/875/3  389/876/3  388/858/3  394/877/3
usemtl Bricks
f  395/878/4  391/859/4  390/879/4  392/880/4
usemtl Bricks
f  394/881/5  388/863/5  391/882/5  395/883/5
usemtl Bricks
f  395/884/6  392/885/6  393/886/6  394/868/6

o entity0_brush50
usemtl Bricks
f  396/849/1  397/887/1  398/888/1  399/871/1
usemtl Bricks
f  400/889/2  398/890/2  397/891/2  401/853/2
usemtl Bricks
f  401/892/3  397/893/3  396/894/3  402/857/3
usemtl Bricks
f  403/860/4  399/895/4  398/896/4  400/897/4
usemtl Bricks
f  402/864/5  396/898/5  399/899/5  403/900/5
usemtl Bricks
f  403/884/6  400/901/6  401/902/6  402/868/6

o entity0_brush51
usemtl Bricks
f  404/849/1  405/903/1  406/904/1  407/871/1
usemtl Bricks
f  408/905/2  406/906/2  405/907/2  409/908/2
usemtl Bricks
f  409/909/3  405/910/3  404/911/3  410/912/3
usemtl Bricks
f  411/913/4  407/914/4  406/915/4  408/916/4
usemtl Bricks
f  410/917/5  404/918/5  407/7/5  411/919/5
usemtl Bricks
f  411/884/6  408/920/6  409/921/6  410/868/6

o entity0_brush52
usemtl Bricks
f  412/887/1  413/922/1  414/923/1  415/888/1
usemtl Bricks
f  416/889/2  414/905/2  413/908/2  417/853/2
usemtl Bricks
f  417/924/3  413/925/3  412/926/3  418/892/3
usemtl Bricks
f  419/897/4  415/927/4  414/928/4  416/929/4
usemtl Bricks
f  418/864/5  412/917/5  415/919/5  419/900/5
usemtl Bricks
f  419/901/6  416/930/6  417/931/6  418/902/6

o entity0_brush53
usemtl black
f  420/932/1  421/933/1  422/934/1  423/935/1
usemtl black
f  424/936/2  422/937/2  421/938/2  425/939/2
usemtl black
f  425/940/3  421/941/3  420/942/3  426/943/3
usemtl black
f  427/944/4  423/945/4  422/946/4  424/947/4
usemtl black
f  426/948/5  420/949/5  423/950/5  427/951/5
usemtl black
f  427/952/6  424/953/6  425/954/6  426/955/6

o entity0_brush54
usemtl black
f  428/956/1  429/955/1  430/952/1  431/957/1
usemtl black
f  432/958/2  430/951/2  429/948/2  433/959/2
usemtl black
f  433/960/3  429/961/3  428/962/3  434/963/3
usemtl black
f  435/964/4  431/965/4  430/966/4  432/967/4
usemtl black
f  434/968/5  428/939/5  431/936/5  435/969/5
usemtl black
f  435/970/6  432/935/6  433/932/6  434/971/6

o entity0_brush55
usemtl Bricks
f  436/972/1  437/869/1  438/870/1  439/973/1
usemtl Bricks
f  440/873/2  438/900/2  437/864/2  441/854/2
usemtl Bricks
f  441/876/3  437/974/3  436/975/3  442/976/3
usemtl Bricks
f  443/977/4  439/978/4  438/979/4  440/879/4
usemtl Bricks
f  442/980/24  436/981/24  439/982/24  443/983/24
usemtl Bricks
f  443/984/6  440/885/6  441/886/6  442/985/6

o entity0_brush56
usemtl Wooden Texture
f  444/986/1  445/987/1  446/988/1  447/989/1
usemtl Wooden Texture
f  448/990/2  446/991/2  445/992/2  449/993/2
usemtl Wooden Texture
f  449/994/3  445/995/3  444/996/3  450/997/3
usemtl Wooden Texture
f  451/998/4  447/999/4  446/978/4  448/977/4
usemtl Wooden Texture
f  450/1000/5  444/1001/5  447/1002/5  451/1003/5
usemtl Wooden Texture
f  451/1004/6  448/1005/6  449/1006/6  450/1007/6

o entity0_brush57
usemtl Wooden Texture
f  452/1008/1  453/1009/1  454/1010/1  455/1011/1
usemtl Wooden Texture
f  456/1012/2  454/1013/2  453/1014/2  457/1015/2
usemtl Wooden Texture
f  457/994/3  453/995/3  452/996/3  458/997/3
usemtl Wooden Texture
f  459/998/4  455/999/4  454/978/4  456/977/4
usemtl Wooden Texture
f  458/1016/5  452/1017/5  455/1018/5  459/1019/5
usemtl Wooden Texture
f  459/1020/6  456/1021/6  457/1022/6  458/1023/6

o entity0_brush58
usemtl Wooden Texture
f  460/1024/1  461/1025/1  462/1026/1  463/1027/1
usemtl Wooden Texture
f  464/1028/2  462/1029/2  461/1030/2  465/1031/2
usemtl Wooden Texture
f  465/994/3  461/995/3  460/996/3  466/997/3
usemtl Wooden Texture
f  467/998/4  463/999/4  462/978/4  464/977/4
usemtl Wooden Texture
f  466/1032/5  460/1033/5  463/1034/5  467/1035/5
usemtl Wooden Texture
f  467/1036/6  464/1037/6  465/1038/6  466/1039/6

o entity0_brush59
usemtl Bricks
f  468/1040/1  469/869/1  470/870/1  471/1041/1
usemtl Bricks
f  472/900/2  470/1042/2  469/1043/2  473/864/2
usemtl Bricks
f  473/974/3  469/1044/3  468/1045/3  474/996/3
usemtl Bricks
f  475/999/4  471/1046/4  470/1047/4  472/979/4
usemtl Bricks
f  474/853/5  468/1048/5  471/1049/5  475/889/5
usemtl Bricks
f  475/1050/6  472/885/6  473/886/6  474/1051/6

o entity0_brush60
usemtl Bricks
f  476/1052/1  477/1053/1  478/1054/1  479/1055/1
usemtl Bricks
f  480/1056/2  478/1057/2  477/1058/2  481/1059/2
usemtl Bricks
f  481/1060/3  477/1061/3  476/1062/3  482/1063/3
usemtl Bricks
f  483/1064/4  479/1065/4  478/1066/4  480/1067/4
usemtl Bricks
f  482/1068/5  476/1069/5  479/1070/5  483/1071/5
usemtl Bricks
f  483/1072/6  480/1073/6  481/1074/6  482/1075/6

o entity0_brush61
usemtl Bricks
f  484/1076/1  485/1077/1  486/1054/1  487/1055/1
usemtl Bricks
f  488/1057/2  486/1078/2  485/1079/2  489/1080/2
usemtl Bricks
f  489/1061/3  485/1081/3  484/1082/3  490/1062/3
usemtl Bricks
f  491/1065/4  487/1083/4  486/1084/4  488/1066/4
usemtl Bricks
f  490/1085/5  484/1086/5  487/1087/5  491/1070/5
usemtl Bricks
f  491/1072/6  488/1073/6  489/1088/6  490/1089/6

o entity0_brush62
usemtl Bricks
f  492/1090/1  493/1091/1  494/1077/1  495/1076/1
usemtl Bricks
f  496/1080/2  494/1079/2  493/1092/2  497/1093/2
usemtl Bricks
f  497/1061/3  493/1081/3  492/1082/3  498/1062/3
usemtl Bricks
f  499/1065/4  495/1083/4  494/1084/4  496/1066/4
usemtl Bricks
f  498/1094/5  492/1095/5  495/1086/5  499/1085/5
usemtl Bricks
f  499/1089/6  496/1088/6  497/1096/6  498/1097/6

o entity0_brush63
usemtl Bricks
f  500/1098/1  501/1099/1  502/1091/1  503/1090/1
usemtl Bricks
f  504/1093/2  502/1100/2  501/1101/2  505/1102/2
usemtl Bricks
f  505/1061/3  501/1103/3  500/1104/3  506/1062/3
usemtl Bricks
f  507/1065/4  503/1105/4  502/1106/4  504/1066/4
usemtl Bricks
f  506/1107/5  500/1108/5  503/1109/5  507/1094/5
usemtl Bricks
f  507/1097/6  504/1096/6  505/1110/6  506/1111/6

o entity0_brush64
usemtl Bricks
f  508/1112/1  509/1113/1  510/1099/1  511/1098/1
usemtl Bricks
f  512/1102/2  510/1101/2  509/1114/2  513/1115/2
usemtl Bricks
f  513/1061/3  509/1103/3  508/1104/3  514/1062/3
usemtl Bricks
f  515/1065/4  511/1105/4  510/1106/4  512/1066/4
usemtl Bricks
f  514/1116/5  508/1117/5  511/1108/5  515/1107/5
usemtl Bricks
f  515/1111/6  512/1110/6  513/1118/6  514/1119/6

o entity0_brush65
usemtl Bricks
f  516/1112/1  517/1113/1  518/1120/1  519/1121/1
usemtl Bricks
f  520/1122/2  518/1123/2  517/1115/2  521/1124/2
usemtl Bricks
f  521/1060/3  517/1061/3  516/1062/3  522/1063/3
usemtl Bricks
f  523/1064/4  519/1065/4  518/1066/4  520/1067/4
usemtl Bricks
f  522/1125/5  516/1116/5  519/1126/5  523/1127/5
usemtl Bricks
f  523/1128/6  520/1129/6  521/1118/6  522/1119/6

o entity0_brush66
usemtl Bricks
f  524/869/1  525/1130/1  526/1131/1  527/1132/1
usemtl Bricks
f  528/872/2  526/1133/2  525/1134/2  529/874/2
usemtl Bricks
f  529/1063/3  525/1135/3  524/1136/3  530/875/3
usemtl Bricks
f  531/1137/4  527/1138/4  526/1139/4  528/1064/4
usemtl Bricks
f  530/1140/25  524/1141/25  527/1142/25  531/1143/25
usemtl Bricks
f  531/1144/6  528/1145/6  529/1146/6  530/886/6

o entity0_brush67
usemtl Bricks
f  532/1121/1  533/1120/1  534/1053/1  535/1052/1
usemtl Bricks
f  536/1059/2  534/1147/2  533/1148/2  537/1122/2
usemtl Bricks
f  537/1060/3  533/1149/3  532/1150/3  538/1063/3
usemtl Bricks
f  539/1064/4  535/1151/4  534/1152/4  536/1067/4
usemtl Bricks
f  538/1127/5  532/1153/5  535/1154/5  539/1068/5
usemtl Bricks
f  539/1075/6  536/1074/6  537/1129/6  538/1128/6

o entity0_brush68
usemtl Metal Texture
f  540/1155/1  541/1156/1  542/1157/1  543/1158/1
usemtl Metal Texture
f  544/1159/2  542/1160/2  541/1161/2  545/1162/2
usemtl Metal Texture
f  545/1163/3  541/1164/3  540/1165/3  546/1166/3
usemtl Metal Texture
f  547/1167/4  543/1168/4  542/1169/4  544/1170/4
usemtl Metal Texture
f  546/1171/5  540/1172/5  543/1173/5  547/1174/5
usemtl Metal Texture
f  547/1158/6  544/1157/6  545/1156/6  546/1155/6

o entity0_brush69
usemtl Metal Texture
f  548/1175/1  549/1176/1  550/1177/1  551/1178/1
usemtl Metal Texture
f  552/1173/2  550/1174/2  549/1171/2  553/1172/2
usemtl Metal Texture
f  553/1169/3  549/1170/3  548/1167/3  554/1168/3
usemtl Metal Texture
f  555/1165/4  551/1166/4  550/1163/4  552/1164/4
usemtl Metal Texture
f  554/1161/5  548/1162/5  551/1159/5  555/1160/5
usemtl Metal Texture
f  555/1178/6  552/1177/6  553/1176/6  554/1175/6

o entity0_brush70
usemtl Bricks
f  556/1098/1  557/1099/1  558/1091/1  559/1090/1
usemtl Bricks
f  560/1109/2  558/1094/2  557/1107/2  561/1108/2
usemtl Bricks
f  561/1106/3  557/1066/3  556/1065/3  562/1105/3
usemtl Bricks
f  563/1104/4  559/1062/4  558/1061/4  560/1103/4
usemtl Bricks
f  562/1101/5  556/1102/5  559/1093/5  563/1100/5
usemtl Bricks
f  563/1097/6  560/1096/6  561/1110/6  562/1111/6

o entity0_brush71
usemtl Bricks
f  564/1090/1  565/1091/1  566/1077/1  567/1076/1
usemtl Bricks
f  568/1086/2  566/1085/2  565/1094/2  569/1095/2
usemtl Bricks
f  569/1084/3  565/1066/3  564/1065/3  570/1083/3
usemtl Bricks
f  571/1082/4  567/1062/4  566/1061/4  568/1081/4
usemtl Bricks
f  570/1092/5  564/1093/5  567/1080/5  571/1079/5
usemtl Bricks
f  571/1089/6  568/1088/6  569/1096/6  570/1097/6

o entity0_brush72
usemtl Bricks
f  572/1076/1  573/1077/1  574/1054/1  575/1055/1
usemtl Bricks
f  576/1087/2  574/1070/2  573/1085/2  577/1086/2
usemtl Bricks
f  577/1084/3  573/1066/3  572/1065/3  578/1083/3
usemtl Bricks
f  579/1082/4  575/1062/4  574/1061/4  576/1081/4
usemtl Bricks
f  578/1079/5  572/1080/5  575/1057/5  579/1078/5
usemtl Bricks
f  579/1072/6  576/1073/6  577/1088/6  578/1089/6

o entity0_brush73
usemtl Bricks
f  580/1090/1  581/1091/1  582/1054/1  583/1055/1
usemtl Bricks
f  584/1070/2  582/1179/2  581/1180/2  585/1094/2
usemtl Bricks
f  585/1066/3  581/1152/3  580/1151/3  586/1065/3
usemtl Bricks
f  587/1062/4  583/1150/4  582/1149/4  584/1061/4
usemtl Bricks
f  586/1093/5  580/1181/5  583/1182/5  587/1057/5
usemtl Bricks
f  587/1072/6  584/1073/6  585/1096/6  586/1097/6

o entity0_brush74
usemtl Bricks
f  588/1098/1  589/1099/1  590/1077/1  591/1076/1
usemtl Bricks
f  592/1183/2  590/1184/2  589/1185/2  593/1186/2
usemtl Bricks
f  593/1152/3  589/25/3  588/1187/3  594/1151/3
usemtl Bricks
f  595/1150/4  591/1188/4  590/24/4  592/1149/4
usemtl Bricks
f  594/1189/5  588/1190/5  591/1191/5  595/1192/5
usemtl Bricks
f  595/1089/6  592/1088/6  593/1110/6  594/1111/6

o entity0_brush75
usemtl Bricks
f  596/1112/1  597/1113/1  598/1120/1  599/1121/1
usemtl Bricks
f  600/1126/2  598/1153/2  597/1193/2  601/1116/2
usemtl Bricks
f  601/1066/3  597/1152/3  596/1151/3  602/1065/3
usemtl Bricks
f  603/1062/4  599/1150/4  598/1149/4  600/1061/4
usemtl Bricks
f  602/1115/5  596/1194/5  599/1148/5  603/1123/5
usemtl Bricks
f  603/1128/6  600/1129/6  601/1118/6  602/1119/6

o entity0_brush76
usemtl Bricks
f  604/1195/1  605/1130/1  606/1131/1  607/1196/1
usemtl Bricks
f  608/889/2  606/890/2  605/891/2  609/853/2
usemtl Bricks
f  609/1197/3  605/1198/3  604/1199/3  610/1200/3
usemtl Bricks
f  611/1201/4  607/1202/4  606/1203/4  608/1204/4
usemtl Bricks
f  610/864/5  604/898/5  607/899/5  611/900/5
usemtl Bricks
f  611/1205/6  608/1145/6  609/1146/6  610/1206/6

o entity0_brush77
usemtl Bricks
f  612/1112/1  613/1113/1  614/1099/1  615/1098/1
usemtl Bricks
f  616/1108/2  614/1107/2  613/1116/2  617/1117/2
usemtl Bricks
f  617/1106/3  613/1066/3  612/1065/3  618/1105/3
usemtl Bricks
f  619/1104/4  615/1062/4  614/1061/4  616/1103/4
usemtl Bricks
f  618/1114/5  612/1115/5  615/1102/5  619/1101/5
usemtl Bricks
f  619/1111/6  616/1110/6  617/1118/6  618/1119/6

o entity0_brush78
usemtl Bricks
f  620/1112/1  621/1113/1  622/1099/1  623/1098/1
usemtl Bricks
f  624/1186/2  622/1185/2  621/1207/2  625/1193/2
usemtl Bricks
f  625/1152/3  621/25/3  620/1187/3  626/1151/3
usemtl Bricks
f  627/1150/4  623/1188/4  622/24/4  624/1149/4
usemtl Bricks
f  626/1194/5  620/1208/5  623/1190/5  627/1189/5
usemtl Bricks
f  627/1111/6  624/1110/6  625/1118/6  626/1119/6

o entity0_brush79
usemtl Bricks
f  628/1076/1  629/1077/1  630/1054/1  631/1055/1
usemtl Bricks
f  632/1179/2  630/1209/2  629/1184/2  633/1183/2
usemtl Bricks
f  633/1152/3  629/25/3  628/1187/3  634/1151/3
usemtl Bricks
f  635/1150/4  631/1188/4  630/24/4  632/1149/4
usemtl Bricks
f  634/1192/5  628/1191/5  631/1210/5  635/1182/5
usemtl Bricks
f  635/1072/6  632/1073/6  633/1088/6  634/1089/6

o entity0_brush80
usemtl Bricks
f  636/1211/1  637/1195/1  638/1196/1  639/1212/1
usemtl Bricks
f  640/889/2  638/890/2  637/891/2  641/853/2
usemtl Bricks
f  641/1200/3  637/1199/3  636/1213/3  642/1214/3
usemtl Bricks
f  643/1215/4  639/1216/4  638/1202/4  640/1201/4
usemtl Bricks
f  642/864/5  636/898/5  639/899/5  643/900/5
usemtl Bricks
f  643/1217/6  640/1205/6  641/1206/6  642/1218/6

o entity0_brush81
usemtl Bricks
f  644/903/1  645/1211/1  646/1212/1  647/904/1
usemtl Bricks
f  648/889/2  646/906/2  645/907/2  649/853/2
usemtl Bricks
f  649/1214/3  645/1219/3  644/910/3  650/1220/3
usemtl Bricks
f  651/1221/4  647/915/4  646/1222/4  648/1215/4
usemtl Bricks
f  650/864/5  644/918/5  647/7/5  651/900/5
usemtl Bricks
f  651/920/6  648/1217/6  649/1218/6  650/921/6

o entity0_brush82
usemtl Bricks
f  652/1223/1  653/903/1  654/904/1  655/1224/1
usemtl Bricks
f  656/1225/2  654/905/2  653/908/2  657/1226/2
usemtl Bricks
f  657/1227/3  653/909/3  652/1228/3  658/1229/3
usemtl Bricks
f  659/1230/4  655/1231/4  654/916/4  656/1232/4
usemtl Bricks
f  658/1233/5  652/917/5  655/919/5  659/1234/5
usemtl Bricks
f  659/1235/6  656/920/6  657/921/6  658/1236/6

o entity0_brush83
usemtl Wooden Texture
f  660/1237/1  661/1238/1  662/1239/1  663/1240/1
usemtl Wooden Texture
f  664/1241/2  662/1242/2  661/1243/2  665/1244/2
usemtl Wooden Texture
f  665/1245/3  661/1246/3  660/1247/3  666/1248/3
usemtl Wooden Texture
f  667/1249/4  663/1250/4  662/1251/4  664/1252/4
usemtl Wooden Texture
f  666/1253/5  660/1254/5  663/1255/5  667/1256/5
usemtl Wooden Texture
f  667/1257/6  664/1258/6  665/1259/6  666/1260/6

o entity0_brush84
usemtl Wooden Texture
f  668/1261/1  669/1262/1  670/1263/1  671/1264/1
usemtl Wooden Texture
f  672/1265/2  670/1266/2  669/1267/2  673/1268/2
usemtl Wooden Texture
f  674/1269/26  671/1270/26  670/1271/26  672/1272/26
usemtl Wooden Texture
f  673/1273/3  669/1274/3  668/1275/3  675/1276/3
usemtl Wooden Texture
f  675/1277/5  668/1278/5  671/1279/5  674/1280/5
usemtl Wooden Texture
f  672/1281/6  673/1282/6  675/1283/6  674/1284/6

o entity0_brush85
usemtl black
f  676/1285/1  677/1286/1  678/1287/1  679/1288/1
usemtl black
f  680/1289/2  678/1290/2  677/1291/2  681/1292/2
usemtl black
f  681/1293/3  677/1294/3  676/1295/3  682/1296/3
usemtl black
f  683/1297/4  679/1298/4  678/1299/4  680/1300/4
usemtl black
f  682/1301/5  676/1302/5  679/1303/5  683/1304/5
usemtl black
f  683/1305/6  680/1306/6  681/1307/6  682/1308/6

o entity0_brush86
usemtl black
f  684/1309/1  685/1285/1  686/1288/1  687/1310/1
usemtl black
f  688/1311/2  686/1290/2  685/1291/2  689/1312/2
usemtl black
f  689/1313/3  685/1295/3  684/1314/3  690/1315/3
usemtl black
f  691/1316/4  687/1317/4  686/1298/4  688/1318/4
usemtl black
f  690/1319/5  684/1302/5  687/1303/5  691/1320/5
usemtl black
f  691/1321/6  688/1305/6  689/1308/6  690/1322/6

o entity0_brush87
usemtl black
f  692/1309/1  693/1285/1  694/1288/1  695/1310/1
usemtl black
f  696/1289/2  694/1323/2  693/1324/2  697/1292/2
usemtl black
f  697/1296/3  693/1325/3  692/1326/3  698/1327/3
usemtl black
f  699/1328/4  695/1329/4  694/1330/4  696/1297/4
usemtl black
f  698/1301/5  692/1331/5  695/1332/5  699/1304/5
usemtl black
f  699/1321/6  696/1305/6  697/1308/6  698/1322/6

o entity0_brush88
usemtl black
f  700/1333/1  701/1309/1  702/1310/1  703/1334/1
usemtl black
f  704/1289/2  702/1290/2  701/1291/2  705/1292/2
usemtl black
f  705/1327/3  701/1314/3  700/1335/3  706/1336/3
usemtl black
f  707/1337/4  703/1338/4  702/1317/4  704/1328/4
usemtl black
f  706/1301/5  700/1302/5  703/1303/5  707/1304/5
usemtl black
f  707/1339/6  704/1321/6  705/1322/6  706/1340/6

o entity0_brush89
usemtl black
f  708/1341/1  709/1342/1  710/1343/1  711/1344/1
usemtl black
f  712/1289/2  710/1290/2  709/1291/2  713/1292/2
usemtl black
f  713/1345/3  709/1346/3  708/1347/3  714/1348/3
usemtl black
f  715/1349/4  711/1350/4  710/1351/4  712/1352/4
usemtl black
f  714/1301/5  708/1302/5  711/1303/5  715/1304/5
usemtl black
f  715/1353/6  712/1354/6  713/1355/6  714/1356/6

o entity0_brush90
usemtl black
f  716/1357/1  717/1341/1  718/1344/1  719/1358/1
usemtl black
f  720/1311/2  718/1290/2  717/1291/2  721/1312/2
usemtl black
f  721/1359/3  717/1347/3  716/1360/3  722/1361/3
usemtl black
f  723/1362/4  719/1363/4  718/1350/4  720/1364/4
usemtl black
f  722/1319/5  716/1302/5  719/1303/5  723/1320/5
usemtl black
f  723/1365/6  720/1353/6  721/1356/6  722/1366/6

o entity0_brush91
usemtl black
f  724/1367/1  725/1357/1  726/1358/1  727/1368/1
usemtl black
f  728/1289/2  726/1290/2  725/1291/2  729/1292/2
usemtl black
f  729/1369/3  725/1360/3  724/1370/3  730/1371/3
usemtl black
f  731/1372/4  727/1373/4  726/1363/4  728/1374/4
usemtl black
f  730/1301/5  724/1302/5  727/1303/5  731/1304/5
usemtl black
f  731/1375/6  728/1365/6  729/1366/6  730/1376/6

o entity0_brush92
usemtl black
f  732/1357/1  733/1341/1  734/1344/1  735/1358/1
usemtl black
f  736/1289/2  734/1323/2  733/1324/2  737/1292/2
usemtl black
f  737/1348/3  733/1377/3  732/1378/3  738/1369/3
usemtl black
f  739/1374/4  735/1379/4  734/1380/4  736/1349/4
usemtl black
f  738/1301/5  732/1331/5  735/1332/5  739/1304/5
usemtl black
f  739/1365/6  736/1353/6  737/1356/6  738/1366/6

o entity0_brush93
usemtl black
f  740/1381/1  741/1382/1  742/1383/1  743/1384/1
usemtl black
f  744/1385/2  742/1386/2  741/1387/2  745/1388/2
usemtl black
f  745/1389/3  741/961/3  740/1390/3  746/1391/3
usemtl black
f  747/1392/4  743/1393/4  742/966/4  744/1394/4
usemtl black
f  746/1395/5  740/1396/5  743/1397/5  747/1398/5
usemtl black
f  747/1399/6  744/1400/6  745/1401/6  746/1402/6

o entity0_brush94
usemtl black
f  748/1403/1  749/1404/1  750/970/1  751/1405/1
usemtl black
f  752/969/2  750/937/2  749/1406/2  753/1407/2
usemtl black
f  753/1408/3  749/1409/3  748/1410/3  754/1411/3
usemtl black
f  755/1412/4  751/1413/4  750/1414/4  752/1415/4
usemtl black
f  754/1416/5  748/1417/5  751/950/5  755/958/5
usemtl black
f  755/1418/6  752/957/6  753/1419/6  754/1420/6

o entity0_brush95
usemtl black
f  756/1401/1  757/1421/1  758/1422/1  759/1400/1
usemtl black
f  760/1397/2  758/1423/2  757/1424/2  761/1396/2
usemtl black
f  761/1425/3  757/1426/3  756/1427/3  762/943/3
usemtl black
f  763/944/4  759/1428/4  758/1429/4  760/1430/4
usemtl black
f  762/1387/5  756/1431/5  759/1432/5  763/1386/5
usemtl black
f  763/1383/6  760/1433/6  761/1434/6  762/1382/6

o entity0_brush96
usemtl Wooden Texture
f  764/1435/1  765/1436/1  766/1437/1  767/1438/1
usemtl Wooden Texture
f  768/1439/2  766/1440/2  765/908/2  769/1441/2
usemtl Wooden Texture
f  769/1442/3  765/1443/3  764/1444/3  770/1445/3
usemtl Wooden Texture
f  771/1446/4  767/1447/4  766/1448/4  768/1449/4
usemtl Wooden Texture
f  770/1450/5  764/917/5  767/1451/5  771/1452/5
usemtl Wooden Texture
f  771/1453/6  768/1454/6  769/1455/6  770/1456/6

o entity0_brush97
usemtl Wooden Texture
f  772/1457/1  773/1458/1  774/1459/1  775/1460/1
usemtl Wooden Texture
f  776/1461/2  775/1462/2  774/1463/2  777/1464/2
usemtl Wooden Texture
f  777/1465/3  774/1466/3  773/1444/3  778/1467/3
usemtl Wooden Texture
f  778/1468/5  773/1469/5  772/1470/5  779/1471/5
usemtl Wooden Texture
f  779/1472/27  772/1447/27  775/1473/27  776/1474/27
usemtl Wooden Texture
f  778/1475/6  779/1476/6  776/1477/6  777/1478/6

o entity0_brush98
usemtl Wooden Texture
f  780/1479/1  781/1480/1  782/1481/1  783/1482/1
usemtl Wooden Texture
f  784/1483/2  783/1484/2  782/1485/2  785/1486/2
usemtl Wooden Texture
f  785/1465/3  782/1466/3  781/1444/3  786/1467/3
usemtl Wooden Texture
f  786/1487/5  781/1488/5  780/1489/5  787/1490/5
usemtl Wooden Texture
f  787/1472/27  780/1447/27  783/1473/27  784/1474/27
usemtl Wooden Texture
f  786/1491/6  787/1492/6  784/1493/6  785/1494/6

o entity0_brush99
usemtl black
f  788/1404/1  789/1401/1  790/935/1  791/970/1
usemtl black
f  792/936/2  790/937/2  789/1406/2  793/1396/2
usemtl black
f  793/1495/3  789/1496/3  788/1409/3  794/1497/3
usemtl black
f  795/1498/4  791/1414/4  790/1499/4  792/1500/4
usemtl black
f  794/1387/5  788/1417/5  791/950/5  795/951/5
usemtl black
f  795/957/6  792/952/6  793/1382/6  794/1419/6

o entity0_brush100
usemtl Wooden Texture
f  796/1501/1  797/1502/1  798/1503/1  799/1504/1
usemtl Wooden Texture
f  800/1505/2  798/1506/2  797/1507/2  801/1508/2
usemtl Wooden Texture
f  802/1509/28  799/1510/28  798/1511/28  800/1512/28
usemtl Wooden Texture
f  801/1513/3  797/1514/3  796/1515/3  803/1516/3
usemtl Wooden Texture
f  803/1517/5  796/1518/5  799/1519/5  802/1520/5
usemtl Wooden Texture
f  800/1521/6  801/1522/6  803/1523/6  802/1524/6

o entity0_brush101
usemtl Wooden Texture
f  804/1525/1  805/1526/1  806/1527/1  807/1528/1
usemtl Wooden Texture
f  808/1529/2  806/1530/2  805/1531/2  809/1532/2
usemtl Wooden Texture
f  810/1509/28  807/1510/28  806/1511/28  808/1512/28
usemtl Wooden Texture
f  809/1513/3  805/1514/3  804/1515/3  811/1516/3
usemtl Wooden Texture
f  811/1533/5  804/1534/5  807/1535/5  810/1536/5
usemtl Wooden Texture
f  808/1537/6  809/1538/6  811/1539/6  810/1540/6

o entity0_brush102
usemtl Wooden Texture
f  812/1541/1  813/1542/1  814/1543/1  815/1544/1
usemtl Wooden Texture
f  816/1545/2  814/1452/2  813/1450/2  817/1546/2
usemtl Wooden Texture
f  817/1547/3  813/1548/3  812/1549/3  818/1516/3
usemtl Wooden Texture
f  819/1509/4  815/1550/4  814/1551/4  816/1552/4
usemtl Wooden Texture
f  818/1553/5  812/1441/5  815/1439/5  819/1554/5
usemtl Wooden Texture
f  819/1555/6  816/1556/6  817/1557/6  818/1558/6

o entity0_brush103
usemtl black
f  820/1559/1  821/1383/1  822/955/1  823/956/1
usemtl black
f  824/959/2  822/1560/2  821/1385/2  825/1561/2
usemtl black
f  825/960/3  821/1389/3  820/1562/3  826/963/3
usemtl black
f  827/964/4  823/1563/4  822/1394/4  824/967/4
usemtl black
f  826/1564/5  820/1398/5  823/1565/5  827/968/5
usemtl black
f  827/971/6  824/932/6  825/1400/6  826/1566/6

o entity0_brush104
usemtl black
f  828/1419/1  829/1382/1  830/1383/1  831/1559/1
usemtl black
f  832/1561/2  830/1385/2  829/1388/2  833/1416/2
usemtl black
f  833/960/3  829/1389/3  828/1562/3  834/963/3
usemtl black
f  835/964/4  831/1563/4  830/1394/4  832/967/4
usemtl black
f  834/1407/5  828/1395/5  831/1398/5  835/1564/5
usemtl black
f  835/1566/6  832/1400/6  833/1401/6  834/1404/6

o entity0_brush105
usemtl Metal Texture
f  836/1567/1  837/1261/1  838/1568/1  839/1569/1
usemtl Metal Texture
f  840/1570/2  838/1571/2  837/1267/2  841/1268/2
usemtl Metal Texture
f  841/1276/3  837/1275/3  836/1572/3  842/1573/3
usemtl Metal Texture
f  843/1574/4  839/1575/4  838/1270/4  840/1269/4
usemtl Metal Texture
f  842/1277/5  836/1278/5  839/1576/5  843/1577/5
usemtl Metal Texture
f  843/1578/6  840/1579/6  841/1283/6  842/1580/6

o entity0_brush106
usemtl Wooden Texture
f  844/1581/1  845/1582/1  846/1583/1  847/1584/1
usemtl Wooden Texture
f  848/1585/2  846/1584/2  845/1581/2  849/1586/2
usemtl Wooden Texture
f  849/1587/3  845/1588/3  844/1589/3  850/1590/3
usemtl Wooden Texture
f  851/1591/4  847/1592/4  846/1593/4  848/1594/4
usemtl Wooden Texture
f  850/1595/5  844/1596/5  847/1597/5  851/1598/5
usemtl Wooden Texture
f  851/1597/6  848/1599/6  849/1600/6  850/1596/6

o entity0_brush107
usemtl __TB_empty
f  852/1601/1  853/1602/1  854/1603/1  855/1604/1
usemtl __TB_empty
f  856/1605/2  854/1606/2  853/1607/2  857/1608/2
usemtl __TB_empty
f  857/1609/3  853/1610/3  852/1611/3  858/1612/3
usemtl __TB_empty
f  859/1613/4  855/1614/4  854/1615/4  856/1616/4
usemtl __TB_empty
f  858/1617/5  852/1618/5  855/1619/5  859/1620/5
usemtl __TB_empty
f  859/1621/6  856/1622/6  857/1623/6  858/1624/6

o entity0_brush108
usemtl Wooden Texture
f  860/1582/1  861/1625/1  862/1626/1  863/1583/1
usemtl Wooden Texture
f  864/1597/2  862/1584/2  861/1581/2  865/1596/2
usemtl Wooden Texture
f  865/1627/3  861/1628/3  860/1588/3  866/1593/3
usemtl Wooden Texture
f  867/1588/4  863/1593/4  862/1627/4  864/1628/4
usemtl Wooden Texture
f  866/1581/5  860/1596/5  863/1597/5  867/1584/5
usemtl Wooden Texture
f  867/1599/6  864/1629/6  865/1630/6  866/1600/6

o entity0_brush109
usemtl __TB_empty
f  868/1602/1  869/1631/1  870/1632/1  871/1603/1
usemtl __TB_empty
f  872/1620/2  870/1606/2  869/1607/2  873/1617/2
usemtl __TB_empty
f  873/1633/3  869/1634/3  868/1610/3  874/1616/3
usemtl __TB_empty
f  875/1609/4  871/1615/4  870/1635/4  872/1636/4
usemtl __TB_empty
f  874/1617/5  868/1607/5  871/1606/5  875/1620/5
usemtl __TB_empty
f  875/1622/6  872/1637/6  873/1638/6  874/1623/6

o entity0_brush110
usemtl Wooden Texture
f  876/1581/1  877/1582/1  878/1583/1  879/1584/1
usemtl Wooden Texture
f  880/1597/2  878/1598/2  877/1595/2  881/1596/2
usemtl Wooden Texture
f  881/1593/3  877/1594/3  876/1591/3  882/1592/3
usemtl Wooden Texture
f  883/1589/4  879/1590/4  878/1587/4  880/1588/4
usemtl Wooden Texture
f  882/1581/5  876/1586/5  879/1585/5  883/1584/5
usemtl Wooden Texture
f  883/1597/6  880/1599/6  881/1600/6  882/1596/6

o entity0_brush111
usemtl __TB_empty
f  884/1618/1  885/1638/1  886/1637/1  887/1619/1
usemtl __TB_empty
f  888/1621/2  886/1620/2  885/1617/2  889/1624/2
usemtl __TB_empty
f  889/1639/3  885/1633/3  884/1640/3  890/1641/3
usemtl __TB_empty
f  891/1642/4  887/1643/4  886/1636/4  888/1644/4
usemtl __TB_empty
f  890/1624/5  884/1617/5  887/1620/5  891/1621/5
usemtl __TB_empty
f  891/1619/6  888/1637/6  889/1638/6  890/1618/6

o entity0_brush112
usemtl Bricks
f  892/1090/1  893/1091/1  894/1054/1  895/1055/1
usemtl Bricks
f  896/1078/2  894/1087/2  893/1095/2  897/1092/2
usemtl Bricks
f  897/1081/3  893/1084/3  892/1083/3  898/1082/3
usemtl Bricks
f  899/1083/4  895/1082/4  894/1081/4  896/1084/4
usemtl Bricks
f  898/1095/5  892/1092/5  895/1078/5  899/1087/5
usemtl Bricks
f  899/1072/6  896/1073/6  897/1096/6  898/1097/6

o entity0_brush113
usemtl Metal Texture
f  900/1645/1  901/1646/1  902/1177/1  903/1178/1
usemtl Metal Texture
f  904/1160/2  902/1173/2  901/1647/2  905/1648/2
usemtl Metal Texture
f  905/1164/3  901/1169/3  900/1168/3  906/1165/3
usemtl Metal Texture
f  907/1168/4  903/1165/4  902/1164/4  904/1169/4
usemtl Metal Texture
f  906/1647/5  900/1648/5  903/1160/5  907/1173/5
usemtl Metal Texture
f  907/1158/6  904/1157/6  905/1649/6  906/1650/6

o entity0_brush114
usemtl Bricks
f  908/1651/1  909/1652/1  910/129/1  911/80/1
usemtl Bricks
f  912/1653/2  910/729/2  909/1654/2  913/1655/2
usemtl Bricks
f  913/1656/3  909/1657/3  908/1658/3  914/1659/3
usemtl Bricks
f  915/1660/4  911/1661/4  910/1662/4  912/1663/4
usemtl Bricks
f  914/1664/5  908/1665/5  911/1666/5  915/1667/5
usemtl Bricks
f  915/103/6  912/142/6  913/1668/6  914/1669/6

o entity0_brush115
usemtl Bricks
f  916/1651/1  917/1652/1  918/129/1  919/80/1
usemtl Bricks
f  920/691/2  918/692/2  917/693/2  921/694/2
usemtl Bricks
f  921/1670/3  917/1671/3  916/1672/3  922/1673/3
usemtl Bricks
f  923/1674/4  919/1675/4  918/1676/4  920/1677/4
usemtl Bricks
f  922/1678/5  916/1679/5  919/1680/5  923/1681/5
usemtl Bricks
f  923/103/6  920/142/6  921/1668/6  922/1669/6

o entity0_brush116
usemtl Bricks
f  924/1682/1  925/1683/1  926/1684/1  927/80/1
usemtl Bricks
f  928/87/2  926/86/2  925/1685/2  929/671/2
usemtl Bricks
f  929/1686/3  925/1687/3  924/90/3  930/91/3
usemtl Bricks
f  931/92/4  927/93/4  926/1688/4  928/1689/4
usemtl Bricks
f  930/682/5  924/1690/5  927/97/5  931/96/5
usemtl Bricks
f  931/103/6  928/1691/6  929/1692/6  930/1693/6

o entity0_brush117
usemtl Bricks
f  932/1694/1  933/1695/1  934/1696/1  935/1697/1
usemtl Bricks
f  936/1698/2  934/1699/2  933/1700/2  937/1701/2
usemtl Bricks
f  937/1702/3  933/1703/3  932/1704/3  938/1705/3
usemtl Bricks
f  939/1706/4  935/1707/4  934/1708/4  936/1709/4
usemtl Bricks
f  938/1710/5  932/1711/5  935/1712/5  939/1713/5
usemtl Bricks
f  939/1714/6  936/1715/6  937/1716/6  938/1717/6

o entity0_brush118
usemtl Bricks
f  940/1718/1  941/1719/1  942/1720/1  943/1721/1
usemtl Bricks
f  944/60/2  942/61/2  941/1722/2  945/1723/2
usemtl Bricks
f  945/1724/3  941/1725/3  940/1726/3  946/1727/3
usemtl Bricks
f  947/1728/4  943/1729/4  942/1730/4  944/1731/4
usemtl Bricks
f  946/1732/5  940/1733/5  943/74/5  947/75/5
usemtl Bricks
f  947/1734/6  944/1735/6  945/1736/6  946/1737/6

o entity0_brush119
usemtl Bricks
f  948/1738/1  949/1739/1  950/58/1  951/59/1
usemtl Bricks
f  952/60/2  950/61/2  949/1722/2  953/1723/2
usemtl Bricks
f  953/1740/3  949/1741/3  948/1742/3  954/1743/3
usemtl Bricks
f  955/68/4  951/69/4  950/70/4  952/71/4
usemtl Bricks
f  954/1732/5  948/1733/5  951/74/5  955/75/5
usemtl Bricks
f  955/76/6  952/77/6  953/1744/6  954/1745/6

o entity0_brush120
usemtl Bricks
f  956/1694/1  957/1695/1  958/1696/1  959/1697/1
usemtl Bricks
f  960/1746/2  958/1254/2  957/1747/2  961/1748/2
usemtl Bricks
f  961/1749/3  957/1750/3  956/1751/3  962/1752/3
usemtl Bricks
f  963/1753/4  959/1754/4  958/1755/4  960/1756/4
usemtl Bricks
f  962/1757/5  956/1758/5  959/1243/5  963/1759/5
usemtl Bricks
f  963/1714/6  960/1715/6  961/1716/6  962/1717/6

o entity0_brush121
usemtl Keep Out Sign
f  964/1760/1  965/1761/1  966/1762/1  967/1763/1
usemtl Keep Out Sign
f  968/1764/2  966/1765/2  965/1766/2  969/1767/2
usemtl Keep Out Sign
f  969/1768/3  965/1769/3  964/1770/3  970/1771/3
usemtl Keep Out Sign
f  971/1772/4  967/1773/4  966/1774/4  968/1775/4
usemtl Keep Out Sign
f  970/1776/5  964/1777/5  967/1778/5  971/1779/5
usemtl Keep Out Sign
f  971/1780/6  968/1781/6  969/1782/6  970/1783/6

o entity0_brush122
usemtl Keep Out Sign
f  972/1784/1  973/1785/1  974/1786/1  975/1787/1
usemtl Wooden Texture
f  976/1788/29  974/1789/29  973/1790/29  977/1791/29
usemtl Wooden Texture
f  978/1792/30  975/1793/30  974/1794/30  976/1795/30
usemtl Wooden Texture
f  977/1796/31  973/1797/31  972/1798/31  979/1799/31
usemtl Wooden Texture
f  979/1800/32  972/1801/32  975/1802/32  978/1803/32
usemtl Keep Out Sign
f  976/1804/6  977/1805/6  979/1806/6  978/1807/6

o entity0_brush123
usemtl Keep Out Sign
f  980/1808/1  981/1809/1  982/1810/1  983/1811/1
usemtl Wooden Texture
f  984/1812/33  982/1813/33  981/1814/33  985/1815/33
usemtl Wooden Texture
f  985/1816/34  981/1817/34  980/1818/34  986/1819/34
usemtl Wooden Texture
f  987/1820/35  983/1821/35  982/1822/35  984/1823/35
usemtl Wooden Texture
f  986/1824/36  980/1825/36  983/1826/36  987/1827/36
usemtl Keep Out Sign
f  987/1828/6  984/1829/6  985/1830/6  986/1831/6

o entity0_brush124
usemtl Keep Out Sign
f  988/1832/1  989/1833/1  990/1834/1  991/1835/1
usemtl Wooden Texture
f  992/1836/2  990/1837/2  989/1838/2  993/1839/2
usemtl Wooden Texture
f  993/1840/3  989/1841/3  988/1842/3  994/1843/3
usemtl Wooden Texture
f  995/1844/4  991/1845/4  990/1846/4  992/1847/4
usemtl Wooden Texture
f  994/1848/5  988/1849/5  991/1850/5  995/1851/5
usemtl Keep Out Sign
f  995/1852/6  992/1853/6  993/1854/6  994/1855/6

o entity0_brush125
usemtl Metal Texture
f  996/1856/23  997/1857/23  998/1858/23  999/1859/23
usemtl Metal Texture
f  1000/1860/37  998/1861/37  997/1862/37  1001/1863/37
usemtl Metal Texture
f  1002/1864/3  999/1865/3  998/1866/3  1000/1867/3
usemtl Metal Texture
f  1001/1868/4  997/1869/4  996/1870/4  1003/1871/4
usemtl Metal Texture
f  1003/1872/13  996/1873/13  999/1874/13  1002/1875/13
usemtl Metal Texture
f  1001/1876/14  1003/1877/14  1002/1878/14  1000/1879/14

o entity0_brush126
usemtl Metal Texture
f  1004/1880/23  1005/1881/23  1006/1882/23  1007/1883/23
usemtl Metal Texture
f  1008/1884/37  1006/1885/37  1005/1886/37  1009/1887/37
usemtl Metal Texture
f  1010/1888/3  1007/1889/3  1006/1890/3  1008/1891/3
usemtl Metal Texture
f  1009/1892/4  1005/1893/4  1004/1894/4  1011/1895/4
usemtl Metal Texture
f  1011/1896/13  1004/1897/13  1007/1898/13  1010/1899/13
usemtl Metal Texture
f  1009/1900/14  1011/1901/14  1010/1902/14  1008/1903/14

o entity0_brush127
usemtl Metal Texture
f  1012/1904/23  1013/1905/23  1014/1906/23  1015/1907/23
usemtl Metal Texture
f  1016/1908/37  1014/1909/37  1013/1910/37  1017/1911/37
usemtl Metal Texture
f  1018/1912/3  1015/1913/3  1014/1914/3  1016/1915/3
usemtl Metal Texture
f  1017/1916/4  1013/1917/4  1012/1918/4  1019/1919/4
usemtl Metal Texture
f  1019/1920/13  1012/1921/13  1015/1922/13  1018/1923/13
usemtl Metal Texture
f  1017/1924/14  1019/1925/14  1018/1926/14  1016/1927/14

o entity0_brush128
usemtl Wooden Texture
f  1020/1928/1  1021/1929/1  1022/1930/1  1023/1931/1
usemtl Wooden Texture
f  1024/1748/2  1022/1747/2  1021/1932/2  1025/1933/2
usemtl Wooden Texture
f  1025/1934/3  1021/1935/3  1020/1936/3  1026/1937/3
usemtl Wooden Texture
f  1027/1938/4  1023/1939/4  1022/1940/4  1024/1941/4
usemtl Wooden Texture
f  1026/1942/5  1020/1943/5  1023/1758/5  1027/1757/5
usemtl Wooden Texture
f  1027/1944/6  1024/1945/6  1025/1946/6  1026/1947/6

o entity0_brush129
usemtl Wooden Texture
f  1028/1948/1  1029/1949/1  1030/1739/1  1031/1738/1
usemtl Wooden Texture
f  1032/1723/2  1030/1950/2  1029/1951/2  1033/1952/2
usemtl Wooden Texture
f  1033/64/3  1029/1953/3  1028/1954/3  1034/67/3
usemtl Wooden Texture
f  1035/1955/4  1031/1956/4  1030/1957/4  1032/1958/4
usemtl Wooden Texture
f  1034/1959/5  1028/1960/5  1031/1961/5  1035/1732/5
usemtl Wooden Texture
f  1035/1745/6  1032/1744/6  1033/1962/6  1034/1963/6

o entity0_brush130
usemtl Wooden Texture
f  1036/1964/1  1037/1965/1  1038/1695/1  1039/1694/1
usemtl Wooden Texture
f  1040/1701/2  1038/1700/2  1037/1966/2  1041/1967/2
usemtl Wooden Texture
f  1041/1968/3  1037/1969/3  1036/1970/3  1042/1971/3
usemtl Wooden Texture
f  1043/1972/4  1039/1973/4  1038/1974/4  1040/1975/4
usemtl Wooden Texture
f  1042/1976/5  1036/1977/5  1039/1711/5  1043/1710/5
usemtl Wooden Texture
f  1043/1717/6  1040/1716/6  1041/1978/6  1042/1979/6

o entity0_brush131
usemtl Wooden Texture
f  1044/1980/1  1045/1981/1  1046/1719/1  1047/1718/1
usemtl Wooden Texture
f  1048/1723/2  1046/1950/2  1045/1951/2  1049/1952/2
usemtl Wooden Texture
f  1049/1982/3  1045/1983/3  1044/1984/3  1050/1985/3
usemtl Wooden Texture
f  1051/1986/4  1047/1987/4  1046/1988/4  1048/1989/4
usemtl Wooden Texture
f  1050/1959/5  1044/1960/5  1047/1961/5  1051/1732/5
usemtl Wooden Texture
f  1051/1737/6  1048/1736/6  1049/1990/6  1050/1991/6

o entity0_brush132
usemtl Supermarket_Flo
f  1052/1992/1  1053/1993/1  1054/1994/1  1055/1995/1
usemtl Supermarket_Flo
f  1056/1996/2  1054/466/2  1053/1997/2  1057/1998/2
usemtl Supermarket_Flo
f  1057/1999/3  1053/2000/3  1052/201/3  1058/202/3
usemtl Supermarket_Flo
f  1059/203/4  1055/204/4  1054/2001/4  1056/2002/4
usemtl Supermarket_Flo
f  1058/2003/5  1052/2004/5  1055/477/5  1059/543/5
usemtl Supermarket_Flo
f  1059/2005/6  1056/2006/6  1057/2007/6  1058/2008/6

o entity0_brush133
usemtl Supermarket_Flo
f  1060/568/1  1061/2009/1  1062/2010/1  1063/631/1
usemtl Supermarket_Flo
f  1064/2011/38  1062/2012/38  1061/657/38  1065/473/38
usemtl Supermarket_Flo
f  1065/2013/2  1061/2014/2  1060/574/2  1066/2015/2
usemtl Supermarket_Flo
f  1067/2016/5  1063/2017/5  1062/2018/5  1064/2019/5
usemtl Supermarket_Flo
f  1066/470/39  1060/578/39  1063/2020/39  1067/2021/39
usemtl Supermarket_Flo
f  1067/2022/6  1064/2023/6  1065/2024/6  1066/2025/6

o entity0_brush134
usemtl Supermarket_Flo
f  1068/618/1  1069/652/1  1070/2026/1  1071/2027/1
usemtl Supermarket_Flo
f  1072/2014/2  1070/2028/2  1069/588/2  1073/574/2
usemtl Supermarket_Flo
f  1073/578/3  1069/656/3  1068/624/3  1074/2020/3
usemtl Supermarket_Flo
f  1075/2012/4  1071/625/4  1070/658/4  1072/657/4
usemtl Supermarket_Flo
f  1074/2017/5  1068/597/5  1071/2029/5  1075/2018/5
usemtl Supermarket_Flo
f  1075/2010/6  1072/2009/6  1073/568/6  1074/631/6

o entity0_brush135
usemtl SuperMarketFloo
f  1076/1651/1  1077/1652/1  1078/2030/1  1079/1682/1
usemtl SuperMarketFloo
f  1080/671/2  1078/1685/2  1077/2031/2  1081/2032/2
usemtl SuperMarketFloo
f  1081/132/3  1077/133/3  1076/90/3  1082/91/3
usemtl SuperMarketFloo
f  1083/92/4  1079/93/4  1078/138/4  1080/139/4
usemtl SuperMarketFloo
f  1082/2033/5  1076/2034/5  1079/1690/5  1083/682/5
usemtl SuperMarketFloo
f  1083/1693/6  1080/2035/6  1081/1668/6  1082/1669/6

o entity0_brush136
usemtl SuperMarketFloo
f  1084/2036/1  1085/2037/1  1086/1211/1  1087/849/1
usemtl SuperMarketFloo
f  1088/2038/2  1086/907/2  1085/2039/2  1089/2040/2
usemtl SuperMarketFloo
f  1089/2041/3  1085/1219/3  1084/911/3  1090/2042/3
usemtl SuperMarketFloo
f  1091/2043/4  1087/914/4  1086/1222/4  1088/2044/4
usemtl SuperMarketFloo
f  1090/2045/5  1084/2046/5  1087/918/5  1091/2047/5
usemtl SuperMarketFloo
f  1091/868/6  1088/1218/6  1089/2048/6  1090/2049/6

o entity0_brush137
usemtl SuperMarketFloo
f  1092/2050/1  1093/2037/1  1094/1211/1  1095/1721/1
usemtl SuperMarketFloo
f  1096/1253/2  1094/2038/2  1093/2040/2  1097/2051/2
usemtl SuperMarketFloo
f  1097/2052/3  1093/2041/3  1092/2053/3  1098/2054/3
usemtl SuperMarketFloo
f  1099/2055/4  1095/2056/4  1094/2044/4  1096/2057/4
usemtl SuperMarketFloo
f  1098/2058/5  1092/2045/5  1095/2047/5  1099/1244/5
usemtl SuperMarketFloo
f  1099/1734/6  1096/1218/6  1097/2048/6  1098/2059/6

o entity0_brush138
usemtl SuperMarketFloo
f  1100/2036/1  1101/2037/1  1102/1211/1  1103/849/1
usemtl SuperMarketFloo
f  1104/874/2  1102/1253/2  1101/2051/2  1105/1124/2
usemtl SuperMarketFloo
f  1105/2060/3  1101/2052/3  1100/2061/3  1106/877/3
usemtl SuperMarketFloo
f  1107/878/4  1103/2062/4  1102/2057/4  1104/2063/4
usemtl SuperMarketFloo
f  1106/1125/5  1100/2058/5  1103/1244/5  1107/881/5
usemtl SuperMarketFloo
f  1107/868/6  1104/1218/6  1105/2048/6  1106/2049/6

o entity0_brush139
usemtl black
f  1108/1309/1  1109/1285/1  1110/2064/1  1111/2065/1
usemtl black
f  1112/2066/2  1110/2067/2  1109/1312/2  1113/1324/2
usemtl black
f  1113/1325/3  1109/1313/3  1108/1315/3  1114/1326/3
usemtl black
f  1115/1329/4  1111/1316/4  1110/1318/4  1112/1330/4
usemtl black
f  1114/1331/5  1108/1319/5  1111/2068/5  1115/2069/5
usemtl black
f  1115/2070/6  1112/2071/6  1113/1308/6  1114/1322/6

o entity0_brush140
usemtl black
f  1116/1357/1  1117/1341/1  1118/2072/1  1119/2073/1
usemtl black
f  1120/2066/2  1118/2067/2  1117/1312/2  1121/1324/2
usemtl black
f  1121/1377/3  1117/1359/3  1116/1361/3  1122/1378/3
usemtl black
f  1123/1379/4  1119/1362/4  1118/1364/4  1120/1380/4
usemtl black
f  1122/1331/5  1116/1319/5  1119/2068/5  1123/2069/5
usemtl black
f  1123/2074/6  1120/2075/6  1121/1356/6  1122/1366/6

o entity0_brush141
usemtl Metal Texture
f  1124/2076/1  1125/2077/1  1126/2078/1  1127/2079/1
usemtl Metal Texture
f  1128/2080/2  1126/2081/2  1125/2082/2  1129/2083/2
usemtl Metal Texture
f  1129/2084/3  1125/2085/3  1124/2086/3  1130/2087/3
usemtl Metal Texture
f  1131/2088/4  1127/2089/4  1126/2090/4  1128/2091/4
usemtl Metal Texture
f  1130/2082/5  1124/2083/5  1127/2080/5  1131/2081/5
usemtl Metal Texture
f  1131/2092/6  1128/2093/6  1129/2094/6  1130/2095/6

o entity0_brush142
usemtl Metal Texture
f  1132/2096/1  1133/2097/1  1134/2098/1  1135/2099/1
usemtl Metal Texture
f  1136/2100/2  1134/2101/2  1133/2102/2  1137/2103/2
usemtl Metal Texture
f  1137/2104/3  1133/2105/3  1132/2106/3  1138/2107/3
usemtl Metal Texture
f  1139/2106/4  1135/2107/4  1134/2104/4  1136/2105/4
usemtl Metal Texture
f  1138/2102/5  1132/2103/5  1135/2100/5  1139/2101/5
usemtl Metal Texture
f  1139/2108/6  1136/2109/6  1137/2110/6  1138/2111/6

o entity0_brush143
usemtl SuperMarketFloo
f  1140/2037/1  1141/1112/1  1142/1130/1  1143/1211/1
usemtl SuperMarketFloo
f  1144/874/2  1142/891/2  1141/2112/2  1145/1124/2
usemtl SuperMarketFloo
f  1145/1063/3  1141/1198/3  1140/1213/3  1146/2060/3
usemtl SuperMarketFloo
f  1147/2063/4  1143/1216/4  1142/1203/4  1144/1064/4
usemtl SuperMarketFloo
f  1146/1125/5  1140/2113/5  1143/898/5  1147/881/5
usemtl SuperMarketFloo
f  1147/1218/6  1144/1146/6  1145/1119/6  1146/2048/6

o entity0_brush144
usemtl SuperMarketFloo
f  1148/1112/1  1149/1113/1  1150/2114/1  1151/1130/1
usemtl SuperMarketFloo
f  1152/1699/2  1150/1712/2  1149/2115/2  1153/2116/2
usemtl SuperMarketFloo
f  1153/1081/3  1149/1084/3  1148/1083/3  1154/1082/3
usemtl SuperMarketFloo
f  1155/1083/4  1151/1082/4  1150/1081/4  1152/1084/4
usemtl SuperMarketFloo
f  1154/2115/5  1148/2116/5  1151/1699/5  1155/1712/5
usemtl SuperMarketFloo
f  1155/1146/6  1152/2117/6  1153/1118/6  1154/1119/6

o entity0_brush145
usemtl Supermarket_Flo
f  1156/2118/1  1157/2119/1  1158/667/1  1159/792/1
usemtl Supermarket_Flo
f  1160/2120/2  1158/2121/2  1157/2122/2  1161/2123/2
usemtl Supermarket_Flo
f  1161/2124/3  1157/2125/3  1156/2126/3  1162/2127/3
usemtl Supermarket_Flo
f  1163/2128/4  1159/2129/4  1158/2130/4  1160/2131/4
usemtl Supermarket_Flo
f  1162/2132/5  1156/2133/5  1159/720/5  1163/2134/5
usemtl Supermarket_Flo
f  1163/801/6  1160/686/6  1161/2135/6  1162/2136/6

o entity0_brush146
usemtl Supermarket_Flo
f  1164/606/1  1165/2137/1  1166/2138/1  1167/831/1
usemtl Supermarket_Flo
f  1168/2121/2  1166/1685/2  1165/2031/2  1169/2122/2
usemtl Supermarket_Flo
f  1169/2139/3  1165/2140/3  1164/2141/3  1170/2142/3
usemtl Supermarket_Flo
f  1171/2143/4  1167/2144/4  1166/2145/4  1168/2146/4
usemtl Supermarket_Flo
f  1170/2122/5  1164/2031/5  1167/1685/5  1171/2121/5
usemtl Supermarket_Flo
f  1171/822/6  1168/2147/6  1169/2148/6  1170/659/6

o entity0_brush147
usemtl SuperMarketFloo
f  1172/2149/1  1173/606/1  1174/831/1  1175/2150/1
usemtl SuperMarketFloo
f  1176/808/2  1174/2151/2  1173/643/2  1177/688/2
usemtl SuperMarketFloo
f  1177/2152/3  1173/1123/3  1172/1057/3  1178/2153/3
usemtl SuperMarketFloo
f  1179/2154/4  1175/1070/4  1174/1126/4  1176/2155/4
usemtl SuperMarketFloo
f  1178/688/5  1172/643/5  1175/2151/5  1179/808/5
usemtl SuperMarketFloo
f  1179/2156/6  1176/822/6  1177/659/6  1178/2157/6

o entity0_brush148
usemtl Metal Texture
f  1180/644/1  1181/583/1  1182/145/1  1183/645/1
usemtl Metal Texture
f  1184/2158/2  1182/2159/2  1181/2160/2  1185/2161/2
usemtl Metal Texture
f  1185/2162/3  1181/2163/3  1180/2164/3  1186/2165/3
usemtl Metal Texture
f  1187/2166/4  1183/2167/4  1182/2168/4  1184/2169/4
usemtl Metal Texture
f  1186/2170/5  1180/2171/5  1183/2172/5  1187/2173/5
usemtl Metal Texture
f  1187/650/6  1184/166/6  1185/603/6  1186/651/6

o entity0_brush149
usemtl Metal Texture
f  1188/644/1  1189/583/1  1190/145/1  1191/645/1
usemtl Metal Texture
f  1192/2174/2  1190/2175/2  1189/694/2  1193/2176/2
usemtl Metal Texture
f  1193/2177/3  1189/2178/3  1188/2179/3  1194/2180/3
usemtl Metal Texture
f  1195/2181/4  1191/2182/4  1190/2183/4  1192/2184/4
usemtl Metal Texture
f  1194/2185/5  1188/1678/5  1191/2186/5  1195/2187/5
usemtl Metal Texture
f  1195/650/6  1192/166/6  1193/603/6  1194/651/6

o entity0_brush150
usemtl Metal Texture
f  1196/645/1  1197/145/1  1198/2188/1  1199/2189/1
usemtl Metal Texture
f  1200/2190/2  1198/2191/2  1197/2192/2  1201/2158/2
usemtl Metal Texture
f  1201/2169/3  1197/2193/3  1196/2194/3  1202/2166/3
usemtl Metal Texture
f  1203/2166/4  1199/2194/4  1198/2193/4  1200/2169/4
usemtl Metal Texture
f  1202/2173/5  1196/2195/5  1199/2196/5  1203/2197/5
usemtl Metal Texture
f  1203/2198/6  1200/2199/6  1201/166/6  1202/650/6

o entity0_brush151
usemtl Bricks
f  1204/666/1  1205/2200/1  1206/2201/1  1207/669/1
usemtl Bricks
f  1208/87/2  1206/2202/2  1205/792/2  1209/671/2
usemtl Bricks
f  1209/2203/3  1205/2204/3  1204/2205/3  1210/675/3
usemtl Bricks
f  1211/678/4  1207/2206/4  1206/2207/4  1208/2208/4
usemtl Bricks
f  1210/682/5  1204/801/5  1207/2209/5  1211/96/5
usemtl Bricks
f  1211/669/6  1208/2201/6  1209/2200/6  1210/666/6

o entity0_brush152
usemtl Bricks
f  1212/808/1  1213/2210/1  1214/2211/1  1215/689/1
usemtl Bricks
f  1216/2212/2  1214/692/2  1213/760/2  1217/2213/2
usemtl Bricks
f  1217/2214/3  1213/2215/3  1212/696/3  1218/2216/3
usemtl Bricks
f  1219/2217/4  1215/701/4  1214/2218/4  1216/2219/4
usemtl Bricks
f  1218/2213/5  1212/760/5  1215/692/5  1219/2212/5
usemtl Bricks
f  1219/704/6  1216/2220/6  1217/2221/6  1218/817/6

o entity0_brush153
usemtl Bricks
f  1220/2222/1  1221/2223/1  1222/2224/1  1223/689/1
usemtl Bricks
f  1224/1653/2  1222/2225/2  1221/2226/2  1225/2227/2
usemtl Bricks
f  1225/2228/3  1221/2229/3  1220/2230/3  1226/2231/3
usemtl Bricks
f  1227/2231/4  1223/2230/4  1222/2229/4  1224/2228/4
usemtl Bricks
f  1226/2227/5  1220/2226/5  1223/2225/5  1227/1653/5
usemtl Bricks
f  1227/704/6  1224/2232/6  1225/2233/6  1226/2234/6

o entity0_brush154
usemtl Supermarket_Flo
f  1228/2235/1  1229/2236/1  1230/2237/1  1231/2238/1
usemtl Supermarket_Flo
f  1232/2239/2  1230/2240/2  1229/2241/2  1233/2242/2
usemtl Supermarket_Flo
f  1233/2243/3  1229/2244/3  1228/2245/3  1234/2246/3
usemtl Supermarket_Flo
f  1235/2247/4  1231/2248/4  1230/2249/4  1232/2250/4
usemtl Supermarket_Flo
f  1234/2242/5  1228/2241/5  1231/2240/5  1235/2239/5
usemtl Supermarket_Flo
f  1235/2238/6  1232/2237/6  1233/2236/6  1234/2235/6

o entity0_brush155
usemtl Ceiling
f  1236/2251/1  1237/2252/1  1238/2253/1  1239/790/1
usemtl Ceiling
f  1240/2254/2  1238/2255/2  1237/2256/2  1241/2257/2
usemtl Ceiling
f  1241/2258/3  1237/2259/3  1236/2260/3  1242/2261/3
usemtl Ceiling
f  1243/2262/4  1239/2263/4  1238/2264/4  1240/2265/4
usemtl Ceiling
f  1242/2257/5  1236/2256/5  1239/2255/5  1243/2254/5
usemtl Ceiling
f  1243/790/6  1240/2253/6  1241/2252/6  1242/2251/6

o entity0_brush156
usemtl Metal Texture
f  1244/644/1  1245/583/1  1246/145/1  1247/645/1
usemtl Metal Texture
f  1248/2266/2  1246/2267/2  1245/587/2  1249/2268/2
usemtl Metal Texture
f  1249/2269/3  1245/591/3  1244/2270/3  1250/2271/3
usemtl Metal Texture
f  1251/2272/4  1247/2273/4  1246/594/4  1248/2274/4
usemtl Metal Texture
f  1250/2275/5  1244/598/5  1247/2276/5  1251/2277/5
usemtl Metal Texture
f  1251/650/6  1248/166/6  1249/603/6  1250/651/6

o entity0_brush157
usemtl Metal Texture
f  1252/144/1  1253/145/1  1254/146/1  1255/147/1
usemtl Metal Texture
f  1256/2278/2  1254/586/2  1253/2267/2  1257/2266/2
usemtl Metal Texture
f  1257/2269/3  1253/591/3  1252/622/3  1258/2279/3
usemtl Metal Texture
f  1259/2280/4  1255/627/4  1254/594/4  1256/2274/4
usemtl Metal Texture
f  1258/2277/5  1252/2276/5  1255/599/5  1259/2281/5
usemtl Metal Texture
f  1259/164/6  1256/165/6  1257/166/6  1258/167/6

o entity0_brush158
usemtl Metal Texture
f  1260/619/1  1261/632/1  1262/633/1  1263/144/1
usemtl Metal Texture
f  1264/2266/2  1262/2267/2  1261/587/2  1265/2268/2
usemtl Metal Texture
f  1265/2282/3  1261/2283/3  1260/622/3  1266/2279/3
usemtl Metal Texture
f  1267/2280/4  1263/627/4  1262/2284/4  1264/2285/4
usemtl Metal Texture
f  1266/2275/5  1260/598/5  1263/2276/5  1267/2277/5
usemtl Metal Texture
f  1267/167/6  1264/642/6  1265/643/6  1266/630/6

o entity0_brush159
usemtl Bricks
f  1268/2210/1  1269/2286/1  1270/2287/1  1271/2211/1
usemtl Bricks
f  1272/2288/2  1270/692/2  1269/760/2  1273/2289/2
usemtl Bricks
f  1273/2290/3  1269/2291/3  1268/2215/3  1274/2292/3
usemtl Bricks
f  1275/2293/4  1271/2218/4  1270/2294/4  1272/2295/4
usemtl Bricks
f  1274/2289/5  1268/760/5  1271/692/5  1275/2288/5
usemtl Bricks
f  1275/2220/6  1272/2296/6  1273/2297/6  1274/2221/6

o entity0_brush160
usemtl Supermarket_Flo
f  1276/2298/1  1277/2299/1  1278/2300/1  1279/2301/1
usemtl Supermarket_Flo
f  1280/782/2  1278/2302/2  1277/2303/2  1281/2304/2
usemtl Supermarket_Flo
f  1281/2305/3  1277/2306/3  1276/2307/3  1282/722/3
usemtl Supermarket_Flo
f  1283/2308/4  1279/2309/4  1278/2310/4  1280/2311/4
usemtl Supermarket_Flo
f  1282/2304/5  1276/2303/5  1279/2302/5  1283/782/5
usemtl Supermarket_Flo
f  1283/2237/6  1280/2312/6  1281/2313/6  1282/2236/6

o entity0_brush161
usemtl Supermarket_Flo
f  1284/2137/1  1285/2314/1  1286/2315/1  1287/2138/1
usemtl Supermarket_Flo
f  1288/782/2  1286/2302/2  1285/2303/2  1289/2304/2
usemtl Supermarket_Flo
f  1289/2316/3  1285/2317/3  1284/2318/3  1290/2319/3
usemtl Supermarket_Flo
f  1291/2320/4  1287/2321/4  1286/2322/4  1288/2323/4
usemtl Supermarket_Flo
f  1290/2304/5  1284/2303/5  1287/2302/5  1291/782/5
usemtl Supermarket_Flo
f  1291/2147/6  1288/2324/6  1289/2325/6  1290/2148/6

o entity0_brush162
usemtl Bricks
f  1292/808/1  1293/2326/1  1294/2327/1  1295/2222/1
usemtl Bricks
f  1296/2328/2  1294/2329/2  1293/730/2  1297/2330/2
usemtl Bricks
f  1297/2331/3  1293/2332/3  1292/2333/3  1298/2334/3
usemtl Bricks
f  1299/2335/4  1295/2336/4  1294/2337/4  1296/2338/4
usemtl Bricks
f  1298/2330/5  1292/730/5  1295/2329/5  1299/2328/5
usemtl Bricks
f  1299/2234/6  1296/2339/6  1297/2340/6  1298/817/6

o entity0_brush163
usemtl Bricks
f  1300/2341/1  1301/2342/1  1302/2343/1  1303/2344/1
usemtl Bricks
f  1304/2345/2  1302/2346/2  1301/2347/2  1305/2348/2
usemtl Bricks
f  1305/2349/3  1301/2350/3  1300/2351/3  1306/2352/3
usemtl Bricks
f  1307/2353/4  1303/2354/4  1302/2355/4  1304/2356/4
usemtl Bricks
f  1306/2348/5  1300/2347/5  1303/2346/5  1307/2345/5
usemtl Bricks
f  1307/2357/6  1304/2358/6  1305/2359/6  1306/2360/6

o entity0_brush164
usemtl Ceiling
f  1308/2361/1  1309/2252/1  1310/2253/1  1311/2362/1
usemtl Ceiling
f  1312/2255/2  1310/2363/2  1309/2364/2  1313/2256/2
usemtl Ceiling
f  1313/2259/3  1309/2365/3  1308/2366/3  1314/2367/3
usemtl Ceiling
f  1315/2368/4  1311/2369/4  1310/2370/4  1312/2264/4
usemtl Ceiling
f  1314/2256/5  1308/2364/5  1311/2363/5  1315/2255/5
usemtl Ceiling
f  1315/2362/6  1312/2253/6  1313/2252/6  1314/2361/6

o entity0_brush165
usemtl Bricks
f  1316/2289/1  1317/2326/1  1318/2327/1  1319/2371/1
usemtl Bricks
f  1320/2372/2  1318/2373/2  1317/2374/2  1321/2375/2
usemtl Bricks
f  1321/2376/3  1317/2377/3  1316/2378/3  1322/2379/3
usemtl Bricks
f  1323/2380/4  1319/2381/4  1318/2382/4  1320/2383/4
usemtl Bricks
f  1322/2375/5  1316/2374/5  1319/2373/5  1323/2372/5
usemtl Bricks
f  1323/2384/6  1320/2339/6  1321/2340/6  1322/2385/6

o entity0_brush166
usemtl Supermarket_Flo
f  1324/2314/1  1325/2298/1  1326/2301/1  1327/2315/1
usemtl Supermarket_Flo
f  1328/804/2  1326/2302/2  1325/2303/2  1329/2386/2
usemtl Supermarket_Flo
f  1329/2251/3  1325/2307/3  1324/2317/3  1330/2387/3
usemtl Supermarket_Flo
f  1331/2388/4  1327/2322/4  1326/2309/4  1328/2389/4
usemtl Supermarket_Flo
f  1330/2386/5  1324/2303/5  1327/2302/5  1331/804/5
usemtl Supermarket_Flo
f  1331/2315/6  1328/2301/6  1329/2298/6  1330/2314/6

o entity0_brush167
usemtl Bricks
f  1332/2390/1  1333/2341/1  1334/2344/1  1335/2391/1
usemtl Bricks
f  1336/2392/2  1334/2346/2  1333/2347/2  1337/2393/2
usemtl Bricks
f  1337/2394/3  1333/2351/3  1332/2395/3  1338/2396/3
usemtl Bricks
f  1339/2397/4  1335/2398/4  1334/2354/4  1336/2399/4
usemtl Bricks
f  1338/2393/5  1332/2347/5  1335/2346/5  1339/2392/5
usemtl Bricks
f  1339/2400/6  1336/2357/6  1337/2360/6  1338/2401/6

o entity0_brush168
usemtl Bricks
f  1340/2402/1  1341/2403/1  1342/2404/1  1343/2405/1
usemtl Bricks
f  1344/2392/2  1342/2406/2  1341/2407/2  1345/2393/2
usemtl Bricks
f  1345/2408/3  1341/2409/3  1340/2410/3  1346/2411/3
usemtl Bricks
f  1347/2412/4  1343/2413/4  1342/2414/4  1344/2415/4
usemtl Bricks
f  1346/2393/5  1340/2407/5  1343/2406/5  1347/2392/5
usemtl Bricks
f  1347/2416/6  1344/2417/6  1345/2418/6  1346/2419/6

o entity0_brush169
usemtl Bricks
f  1348/2420/1  1349/2421/1  1350/2422/1  1351/2423/1
usemtl Bricks
f  1352/2424/2  1350/2425/2  1349/2426/2  1353/2427/2
usemtl Bricks
f  1353/2428/3  1349/2429/3  1348/2430/3  1354/2431/3
usemtl Bricks
f  1355/2432/4  1351/2433/4  1350/2434/4  1352/2435/4
usemtl Bricks
f  1354/2427/5  1348/2426/5  1351/2425/5  1355/2424/5
usemtl Bricks
f  1355/2436/6  1352/2437/6  1353/2438/6  1354/2439/6

o entity0_brush170
usemtl Ceiling
f  1356/2417/1  1357/330/1  1358/2440/1  1359/2441/1
usemtl Ceiling
f  1360/2442/2  1358/2443/2  1357/2444/2  1361/2345/2
usemtl Ceiling
f  1361/2445/3  1357/2446/3  1356/2447/3  1362/2448/3
usemtl Ceiling
f  1363/2449/4  1359/2450/4  1358/2451/4  1360/2452/4
usemtl Ceiling
f  1362/2345/5  1356/2444/5  1359/2443/5  1363/2442/5
usemtl Ceiling
f  1363/2441/6  1360/2440/6  1361/330/6  1362/2417/6

o entity0_brush171
usemtl Ceiling
f  1364/2224/1  1365/2453/1  1366/2454/1  1367/2455/1
usemtl Ceiling
f  1368/2456/2  1366/85/2  1365/86/2  1369/2457/2
usemtl Ceiling
f  1369/2458/3  1365/2459/3  1364/2140/3  1370/2460/3
usemtl Ceiling
f  1371/2461/4  1367/2145/4  1366/2462/4  1368/2463/4
usemtl Ceiling
f  1370/2457/5  1364/86/5  1367/85/5  1371/2456/5
usemtl Ceiling
f  1371/2464/6  1368/2465/6  1369/2466/6  1370/2232/6

o entity0_brush172
usemtl Bricks
f  1372/2315/1  1373/2467/1  1374/2468/1  1375/2469/1
usemtl Bricks
f  1376/2470/2  1374/691/2  1373/2471/2  1377/787/2
usemtl Bricks
f  1377/2472/3  1373/2473/3  1372/2474/3
usemtl Bricks
f  1375/2475/4  1374/2476/4  1376/2477/4
usemtl Bricks
f  1375/2478/14  1376/2479/14  1377/2480/14  1372/2481/14

o entity0_brush173
usemtl Bricks
f  1378/2210/1  1379/2286/1  1380/2287/1  1381/2211/1
usemtl Bricks
f  1382/2482/2  1380/2483/2  1379/2484/2  1383/2485/2
usemtl Bricks
f  1383/2486/3  1379/2487/3  1378/2488/3  1384/2489/3
usemtl Bricks
f  1385/2490/4  1381/2491/4  1380/2492/4  1382/2493/4
usemtl Bricks
f  1384/2485/5  1378/2484/5  1381/2483/5  1385/2482/5
usemtl Bricks
f  1385/2220/6  1382/2296/6  1383/2297/6  1384/2221/6

o entity0_brush174
usemtl Bricks
f  1386/2494/37  1387/2495/37  1388/2496/37  1389/2497/37
usemtl Bricks
f  1390/2250/2  1388/2498/2  1387/2499/2  1391/2239/2
usemtl Bricks
f  1391/2500/3  1387/2501/3  1386/2502/3
usemtl Bricks
f  1389/2503/4  1388/2504/4  1390/2505/4
usemtl Bricks
f  1391/2506/6  1386/2507/6  1389/2508/6  1390/2509/6

o entity0_brush175
usemtl Supermarket_Flo
f  1392/2325/1  1393/2236/1  1394/2237/1  1395/2324/1
usemtl Supermarket_Flo
f  1396/2240/2  1394/2510/2  1393/2511/2  1397/2241/2
usemtl Supermarket_Flo
f  1397/2244/3  1393/2512/3  1392/2513/3  1398/2514/3
usemtl Supermarket_Flo
f  1399/2515/4  1395/2516/4  1394/2517/4  1396/2249/4
usemtl Supermarket_Flo
f  1398/2241/5  1392/2511/5  1395/2510/5  1399/2240/5
usemtl Supermarket_Flo
f  1399/2324/6  1396/2237/6  1397/2236/6  1398/2325/6

o entity0_brush176
usemtl Supermarket_Flo
f  1400/634/1  1401/2518/1  1402/2519/1  1403/672/1
usemtl Supermarket_Flo
f  1404/2510/2  1402/804/2  1401/2386/2  1405/2511/2
usemtl Supermarket_Flo
f  1405/2520/3  1401/2521/3  1400/2522/3  1406/2523/3
usemtl Supermarket_Flo
f  1407/2524/4  1403/2525/4  1402/2526/4  1404/2527/4
usemtl Supermarket_Flo
f  1406/2511/5  1400/2386/5  1403/804/5  1407/2510/5
usemtl Supermarket_Flo
f  1407/681/6  1404/2528/6  1405/2529/6  1406/641/6

o entity0_brush177
usemtl Bricks
f  1408/2326/1  1409/2530/1  1410/2531/1  1411/2327/1
usemtl Bricks
f  1412/2532/2  1410/2533/2  1409/2534/2  1413/2535/2
usemtl Bricks
f  1413/2536/3  1409/2537/3  1408/2538/3  1414/2539/3
usemtl Bricks
f  1415/2540/4  1411/2541/4  1410/2542/4  1412/2543/4
usemtl Bricks
f  1414/2544/5  1408/2534/5  1411/2533/5  1415/2545/5
usemtl Bricks
f  1415/2546/13  1412/2547/13  1413/2548/13  1414/2549/13

o entity0_brush178
usemtl Bricks
f  1416/2550/23  1417/2551/23  1418/2552/23  1419/2553/23
usemtl Bricks
f  1420/2554/2  1418/2227/2  1417/2555/2  1421/666/2
usemtl Bricks
f  1421/2556/3  1417/2557/3  1416/2332/3  1422/2558/3
usemtl Bricks
f  1423/2559/4  1419/2337/4  1418/2560/4  1420/2561/4
usemtl Bricks
f  1422/666/5  1416/730/5  1419/2329/5  1423/2554/5
usemtl Bricks
f  1422/2562/6  1423/2563/6  1420/2564/6  1421/2565/6

o entity0_brush179
usemtl Bricks
f  1424/2566/1  1425/2567/1  1426/2568/1  1427/2569/1
usemtl Bricks
f  1428/2570/2  1426/2571/2  1425/2572/2  1429/2510/2
usemtl Bricks
f  1429/2573/3  1425/2574/3  1424/2575/3  1430/2576/3
usemtl Bricks
f  1431/2577/4  1427/2578/4  1426/2579/4  1428/2580/4
usemtl Bricks
f  1430/2581/5  1424/2582/5  1427/2583/5  1431/2584/5
usemtl Bricks
f  1431/2585/6  1428/2586/6  1429/2587/6  1430/2588/6

o entity0_brush180
usemtl Bricks
f  1432/2566/1  1433/2567/1  1434/2568/1  1435/2569/1
usemtl Bricks
f  1436/2589/2  1434/2569/2  1433/2566/2  1437/2590/2
usemtl Bricks
f  1437/2591/3  1433/2592/3  1432/2593/3  1438/1591/3
usemtl Bricks
f  1439/2594/4  1435/2595/4  1434/2596/4  1436/2597/4
usemtl Bricks
f  1438/2598/5  1432/2588/5  1435/2585/5  1439/2599/5
usemtl Bricks
f  1439/2585/6  1436/2586/6  1437/2587/6  1438/2588/6

o entity0_brush181
usemtl Bricks
f  1440/2566/1  1441/2026/1  1442/2600/1  1443/2569/1
usemtl Bricks
f  1444/2571/2  1442/2601/2  1441/2602/2  1445/2572/2
usemtl Bricks
f  1445/2603/3  1441/2604/3  1440/2605/3  1446/2575/3
usemtl Bricks
f  1447/2578/4  1443/2606/4  1442/2607/4  1444/2608/4
usemtl Bricks
f  1446/2582/5  1440/2238/5  1443/2609/5  1447/2583/5
usemtl Bricks
f  1447/2585/6  1444/2610/6  1445/2009/6  1446/2588/6

o entity0_brush182
usemtl Ceiling
f  1448/2453/1  1449/2611/1  1450/2612/1  1451/2454/1
usemtl Ceiling
f  1452/2613/2  1450/85/2  1449/86/2  1453/2614/2
usemtl Ceiling
f  1453/2615/3  1449/2616/3  1448/2459/3  1454/2617/3
usemtl Ceiling
f  1455/2618/4  1451/2462/4  1450/2619/4  1452/2620/4
usemtl Ceiling
f  1454/2614/5  1448/86/5  1451/85/5  1455/2613/5
usemtl Ceiling
f  1455/2454/6  1452/2612/6  1453/2611/6  1454/2453/6

o entity0_brush183
usemtl Ceiling
f  1456/2621/1  1457/2622/1  1458/2623/1  1459/2624/1
usemtl Ceiling
f  1460/2363/2  1458/2613/2  1457/2614/2  1461/2364/2
usemtl Ceiling
f  1461/2625/3  1457/2626/3  1456/2627/3  1462/2628/3
usemtl Ceiling
f  1463/2629/4  1459/2630/4  1458/2631/4  1460/2632/4
usemtl Ceiling
f  1462/2364/5  1456/2614/5  1459/2613/5  1463/2363/5
usemtl Ceiling
f  1463/2633/6  1460/2634/6  1461/2635/6  1462/2636/6

o entity0_brush184
usemtl Bricks
f  1464/2467/1  1465/2637/1  1466/2638/1  1467/2639/1
usemtl Bricks
f  1468/2589/2  1466/2569/2  1465/2566/2  1469/2590/2
usemtl Bricks
f  1469/2640/3  1465/2641/3  1464/2642/3  1470/2643/3
usemtl Bricks
f  1471/2644/4  1467/2645/4  1466/2646/4  1468/2647/4
usemtl Bricks
f  1470/2598/5  1464/2588/5  1467/2585/5  1471/2599/5
usemtl Bricks
f  1471/2648/6  1468/2649/6  1469/2650/6  1470/2651/6

o entity0_brush185
usemtl Bricks
f  1472/2467/1  1473/2652/1  1474/2653/1  1475/2639/1
usemtl Bricks
f  1476/2570/2  1474/2571/2  1473/2572/2  1477/2510/2
usemtl Bricks
f  1477/2654/3  1473/2655/3  1472/2656/3  1478/2657/3
usemtl Bricks
f  1479/2658/4  1475/2659/4  1474/2660/4  1476/2661/4
usemtl Bricks
f  1478/2581/5  1472/2582/5  1475/2583/5  1479/2584/5
usemtl Bricks
f  1479/2648/6  1476/2662/6  1477/2663/6  1478/2651/6

o entity0_brush186
usemtl Bricks
f  1480/2664/1  1481/2637/1  1482/2638/1  1483/2665/1
usemtl Bricks
f  1484/2666/2  1482/2601/2  1481/2602/2  1485/2667/2
usemtl Bricks
f  1485/2668/3  1481/2669/3  1480/2670/3  1486/2671/3
usemtl Bricks
f  1487/2672/4  1483/2673/4  1482/2674/4  1484/2675/4
usemtl Bricks
f  1486/2676/5  1480/2238/5  1483/2609/5  1487/2677/5
usemtl Bricks
f  1487/2678/6  1484/2649/6  1485/2650/6  1486/2679/6

o entity0_brush187
usemtl Metal Texture
f  1488/144/1  1489/145/1  1490/146/1  1491/147/1
usemtl Metal Texture
f  1492/2680/2  1490/2681/2  1489/2682/2  1493/2683/2
usemtl Metal Texture
f  1493/2684/3  1489/2685/3  1488/2686/3  1494/2687/3
usemtl Metal Texture
f  1495/2688/4  1491/2689/4  1490/2690/4  1492/2691/4
usemtl Metal Texture
f  1494/2692/5  1488/2693/5  1491/2694/5  1495/2695/5
usemtl Metal Texture
f  1495/164/6  1492/165/6  1493/166/6  1494/167/6

o entity0_brush188
usemtl Metal Texture
f  1496/644/1  1497/583/1  1498/145/1  1499/645/1
usemtl Metal Texture
f  1500/2683/2  1498/2682/2  1497/2298/2  1501/2696/2
usemtl Metal Texture
f  1501/2684/3  1497/2685/3  1496/2697/3  1502/2698/3
usemtl Metal Texture
f  1503/2699/4  1499/2700/4  1498/2690/4  1500/2691/4
usemtl Metal Texture
f  1502/2701/5  1496/2236/5  1499/2693/5  1503/2692/5
usemtl Metal Texture
f  1503/650/6  1500/166/6  1501/603/6  1502/651/6

o entity0_brush189
usemtl Metal Texture
f  1504/619/1  1505/632/1  1506/633/1  1507/144/1
usemtl Metal Texture
f  1508/2683/2  1506/2682/2  1505/2298/2  1509/2696/2
usemtl Metal Texture
f  1509/2702/3  1505/2703/3  1504/2686/3  1510/2687/3
usemtl Metal Texture
f  1511/2688/4  1507/2689/4  1506/2704/4  1508/2705/4
usemtl Metal Texture
f  1510/2701/5  1504/2236/5  1507/2693/5  1511/2692/5
usemtl Metal Texture
f  1511/167/6  1508/642/6  1509/643/6  1510/630/6

o entity0_brush190
usemtl Metal Texture
f  1512/144/1  1513/2706/1  1514/2707/1  1515/147/1
usemtl Metal Texture
f  1516/2708/2  1514/2709/2  1513/2710/2  1517/2711/2
usemtl Metal Texture
f  1517/2712/3  1513/2713/3  1512/2714/3  1518/2715/3
usemtl Metal Texture
f  1519/2716/4  1515/2717/4  1514/2718/4  1516/2719/4
usemtl Metal Texture
f  1518/2720/5  1512/2721/5  1515/2722/5  1519/2723/5
usemtl Metal Texture
f  1519/164/6  1516/2724/6  1517/2725/6  1518/167/6

o entity0_brush191
usemtl Metal Texture
f  1520/644/1  1521/2726/1  1522/2706/1  1523/645/1
usemtl Metal Texture
f  1524/2711/2  1522/2710/2  1521/2727/2  1525/2728/2
usemtl Metal Texture
f  1525/2712/3  1521/2713/3  1520/2729/3  1526/2730/3
usemtl Metal Texture
f  1527/2731/4  1523/2732/4  1522/2718/4  1524/2719/4
usemtl Metal Texture
f  1526/2733/5  1520/2734/5  1523/2721/5  1527/2720/5
usemtl Metal Texture
f  1527/650/6  1524/2725/6  1525/2735/6  1526/651/6

o entity0_brush192
usemtl Metal Texture
f  1528/619/1  1529/632/1  1530/633/1  1531/144/1
usemtl Metal Texture
f  1532/2711/2  1530/2710/2  1529/2727/2  1533/2728/2
usemtl Metal Texture
f  1533/2736/3  1529/2737/3  1528/2714/3  1534/2715/3
usemtl Metal Texture
f  1535/2716/4  1531/2717/4  1530/2738/4  1532/2739/4
usemtl Metal Texture
f  1534/2733/5  1528/2734/5  1531/2721/5  1535/2720/5
usemtl Metal Texture
f  1535/167/6  1532/642/6  1533/643/6  1534/630/6

o entity0_brush193
usemtl Metal Texture
f  1536/687/1  1537/686/1  1538/2740/1  1539/2741/1
usemtl Metal Texture
f  1540/2742/2  1538/2743/2  1537/2744/2  1541/2745/2
usemtl Metal Texture
f  1541/2746/3  1537/2747/3  1536/2748/3  1542/2749/3
usemtl Metal Texture
f  1543/2750/4  1539/2751/4  1538/2752/4  1540/2753/4
usemtl Metal Texture
f  1542/2754/5  1536/2755/5  1539/2756/5  1543/2757/5
usemtl Metal Texture
f  1543/2741/6  1540/2740/6  1541/686/6  1542/687/6

o entity0_brush194
usemtl Metal Texture
f  1544/666/1  1545/667/1  1546/2758/1  1547/2759/1
usemtl Metal Texture
f  1548/2760/2  1546/2761/2  1545/2762/2  1549/2763/2
usemtl Metal Texture
f  1549/2764/3  1545/2765/3  1544/2766/3  1550/2767/3
usemtl Metal Texture
f  1551/2768/4  1547/2769/4  1546/2770/4  1548/2771/4
usemtl Metal Texture
f  1550/2772/5  1544/2773/5  1547/2774/5  1551/2775/5
usemtl Metal Texture
f  1551/2759/6  1548/2758/6  1549/667/6  1550/666/6

o entity0_brush195
usemtl Metal Texture
f  1552/2554/1  1553/2776/1  1554/2758/1  1555/2759/1
usemtl Metal Texture
f  1556/2743/2  1554/2760/2  1553/2777/2  1557/2778/2
usemtl Metal Texture
f  1557/2747/3  1553/2764/3  1552/2767/3  1558/2748/3
usemtl Metal Texture
f  1559/2751/4  1555/2768/4  1554/2771/4  1556/2752/4
usemtl Metal Texture
f  1558/2779/5  1552/2780/5  1555/2775/5  1559/2756/5
usemtl Metal Texture
f  1559/2741/6  1556/2740/6  1557/2781/6  1558/2782/6

o entity0_brush196
usemtl __TB_empty
f  1560/2783/1  1561/2784/1  1562/2785/1  1563/2786/1
usemtl __TB_empty
f  1564/2787/2  1562/2788/2  1561/2789/2  1565/2790/2
usemtl __TB_empty
f  1565/2791/3  1561/2792/3  1560/2793/3  1566/2794/3
usemtl __TB_empty
f  1567/2795/4  1563/2796/4  1562/2797/4  1564/2798/4
usemtl __TB_empty
f  1566/2799/5  1560/2800/5  1563/2801/5  1567/2802/5
usemtl __TB_empty
f  1567/2803/6  1564/2804/6  1565/2805/6  1566/2806/6

o entity0_brush197
usemtl Wooden Texture
f  1568/2807/1  1569/2808/1  1570/2809/1  1571/2810/1
usemtl Wooden Texture
f  1572/2811/2  1570/2812/2  1569/2813/2  1573/2814/2
usemtl Wooden Texture
f  1573/2815/3  1569/2816/3  1568/2817/3  1574/2818/3
usemtl Wooden Texture
f  1575/2819/4  1571/2820/4  1570/2821/4  1572/2822/4
usemtl Wooden Texture
f  1574/2823/5  1568/2824/5  1571/2825/5  1575/2826/5
usemtl Wooden Texture
f  1575/2827/6  1572/2828/6  1573/2829/6  1574/2830/6

o entity0_brush198
usemtl Wooden Texture
f  1576/2831/1  1577/2832/1  1578/2833/1  1579/2834/1
usemtl Wooden Texture
f  1580/2835/2  1578/2836/2  1577/2813/2  1581/2837/2
usemtl Wooden Texture
f  1581/2838/3  1577/2839/3  1576/2816/3  1582/2840/3
usemtl Wooden Texture
f  1583/2841/4  1579/2821/4  1578/2842/4  1580/2843/4
usemtl Wooden Texture
f  1582/2844/5  1576/2824/5  1579/2845/5  1583/2846/5
usemtl Wooden Texture
f  1583/2847/6  1580/2848/6  1581/2849/6  1582/2850/6

o entity0_brush199
usemtl Metal Texture
f  1584/2851/1  1585/2852/1  1586/2853/1  1587/2854/1
usemtl Metal Texture
f  1588/2855/2  1586/2856/2  1585/2857/2  1589/2858/2
usemtl Metal Texture
f  1589/2859/3  1585/2860/3  1584/2861/3  1590/2862/3
usemtl Metal Texture
f  1591/2863/4  1587/2864/4  1586/2865/4  1588/2866/4
usemtl Metal Texture
f  1590/2867/5  1584/2868/5  1587/2869/5  1591/2870/5
usemtl Metal Texture
f  1591/2871/6  1588/2872/6  1589/2873/6  1590/2874/6

o entity0_brush200
usemtl Wooden Texture
f  1592/2807/1  1593/2808/1  1594/2809/1  1595/2810/1
usemtl Wooden Texture
f  1596/2835/2  1594/2875/2  1593/2876/2  1597/2837/2
usemtl Wooden Texture
f  1597/2840/3  1593/2877/3  1592/2878/3  1598/2879/3
usemtl Wooden Texture
f  1599/2880/4  1595/2881/4  1594/2882/4  1596/2841/4
usemtl Wooden Texture
f  1598/2844/5  1592/2883/5  1595/2884/5  1599/2846/5
usemtl Wooden Texture
f  1599/2827/6  1596/2828/6  1597/2829/6  1598/2830/6

o entity0_brush201
usemtl __TB_empty
f  1600/2885/1  1601/2886/1  1602/2887/1  1603/2888/1
usemtl __TB_empty
f  1604/2889/2  1602/2890/2  1601/2891/2  1605/2892/2
usemtl __TB_empty
f  1605/2893/3  1601/2894/3  1600/2895/3  1606/2896/3
usemtl __TB_empty
f  1607/2897/4  1603/2898/4  1602/2899/4  1604/2900/4
usemtl __TB_empty
f  1606/2892/5  1600/2891/5  1603/2890/5  1607/2889/5
usemtl __TB_empty
f  1607/2888/6  1604/2887/6  1605/2886/6  1606/2885/6

o entity0_brush202
usemtl Metal Texture
f  1608/2901/1  1609/2902/1  1610/2903/1  1611/2904/1
usemtl Metal Texture
f  1612/2905/2  1610/2906/2  1609/2907/2  1613/2908/2
usemtl Metal Texture
f  1613/2909/3  1609/2910/3  1608/2911/3  1614/2912/3
usemtl Metal Texture
f  1615/2913/4  1611/2914/4  1610/2915/4  1612/2916/4
usemtl Metal Texture
f  1614/2917/5  1608/2918/5  1611/2919/5  1615/2920/5
usemtl Metal Texture
f  1615/2921/6  1612/2922/6  1613/2923/6  1614/2924/6

o entity0_brush203
usemtl Bricks
f  1616/2925/1  1617/2926/1  1618/2927/1  1619/2928/1
usemtl Bricks
f  1620/2929/2  1618/2930/2  1617/2931/2  1621/2932/2
usemtl Bricks
f  1621/2933/3  1617/468/3  1616/488/3  1622/2934/3
usemtl Bricks
f  1623/2935/4  1619/493/4  1618/475/4  1620/2936/4
usemtl Bricks
f  1622/2937/5  1616/2938/5  1619/2939/5  1623/2940/5
usemtl Bricks
f  1623/2941/6  1620/2942/6  1621/2943/6  1622/2944/6

o entity0_brush204
usemtl Bricks
f  1624/2928/1  1625/2927/1  1626/463/1  1627/483/1
usemtl Bricks
f  1628/2945/2  1626/465/2  1625/2930/2  1629/2929/2
usemtl Bricks
f  1629/2933/3  1625/468/3  1624/488/3  1630/2934/3
usemtl Bricks
f  1631/2935/4  1627/493/4  1626/475/4  1628/2936/4
usemtl Bricks
f  1630/2940/5  1624/2939/5  1627/479/5  1631/2946/5
usemtl Bricks
f  1631/498/6  1628/423/6  1629/2942/6  1630/2941/6

o entity0_brush205
usemtl Metal Texture
f  1632/442/1  1633/462/1  1634/2927/1  1635/2928/1
usemtl Metal Texture
f  1636/2947/2  1634/2929/2  1633/2948/2  1637/2949/2
usemtl Metal Texture
f  1637/2950/3  1633/2933/3  1632/2934/3  1638/2951/3
usemtl Metal Texture
f  1639/2952/4  1635/2935/4  1634/2936/4  1636/2953/4
usemtl Metal Texture
f  1638/2954/5  1632/2955/5  1635/2940/5  1639/2956/5
usemtl Metal Texture
f  1639/2941/6  1636/2942/6  1637/422/6  1638/459/6

o entity0_brush206
usemtl Metal Texture
f  1640/442/1  1641/462/1  1642/2927/1  1643/2928/1
usemtl Metal Texture
f  1644/2957/2  1642/2958/2  1641/2959/2  1645/2960/2
usemtl Metal Texture
f  1645/2961/3  1641/2962/3  1640/2963/3  1646/2964/3
usemtl Metal Texture
f  1647/2965/4  1643/2966/4  1642/2967/4  1644/2968/4
usemtl Metal Texture
f  1646/2969/5  1640/2970/5  1643/2971/5  1647/2972/5
usemtl Metal Texture
f  1647/2941/6  1644/2942/6  1645/422/6  1646/459/6

o entity0_brush207
usemtl Metal Texture
f  1648/2928/1  1649/2927/1  1650/463/1  1651/483/1
usemtl Metal Texture
f  1652/2973/2  1650/2945/2  1649/2929/2  1653/2957/2
usemtl Metal Texture
f  1653/2961/3  1649/2933/3  1648/2934/3  1654/2964/3
usemtl Metal Texture
f  1655/2965/4  1651/2935/4  1650/2936/4  1652/2968/4
usemtl Metal Texture
f  1654/2972/5  1648/2940/5  1651/2946/5  1655/2974/5
usemtl Metal Texture
f  1655/498/6  1652/423/6  1653/2942/6  1654/2941/6

o entity0_brush208
usemtl Bricks
f  1656/2925/1  1657/2926/1  1658/2927/1  1659/2928/1
usemtl Bricks
f  1660/2975/2  1658/2957/2  1657/2976/2  1661/2977/2
usemtl Bricks
f  1661/2978/3  1657/2961/3  1656/2964/3  1662/2979/3
usemtl Bricks
f  1663/2980/4  1659/2965/4  1658/2968/4  1660/2981/4
usemtl Bricks
f  1662/2982/5  1656/2983/5  1659/2972/5  1663/2984/5
usemtl Bricks
f  1663/2941/6  1660/2942/6  1661/2943/6  1662/2944/6

o entity0_brush209
usemtl Bricks
f  1664/2928/1  1665/2927/1  1666/463/1  1667/483/1
usemtl Bricks
f  1668/2985/2  1666/2973/2  1665/2957/2  1669/2975/2
usemtl Bricks
f  1669/2978/3  1665/2961/3  1664/2964/3  1670/2979/3
usemtl Bricks
f  1671/2980/4  1667/2965/4  1666/2968/4  1668/2981/4
usemtl Bricks
f  1670/2984/5  1664/2972/5  1667/2974/5  1671/2986/5
usemtl Bricks
f  1671/498/6  1668/423/6  1669/2942/6  1670/2941/6

o entity0_brush210
usemtl Supermarket_Flo
f  1672/2987/1  1673/2988/1  1674/462/1  1675/1994/1
usemtl Supermarket_Flo
f  1676/2960/2  1674/2948/2  1673/2989/2  1677/2990/2
usemtl Supermarket_Flo
f  1677/2961/3  1673/2933/3  1672/2991/3  1678/2992/3
usemtl Supermarket_Flo
f  1679/2993/4  1675/2994/4  1674/2936/4  1676/2968/4
usemtl Supermarket_Flo
f  1678/2995/5  1672/2996/5  1675/2955/5  1679/2969/5
usemtl Supermarket_Flo
f  1679/2006/6  1676/422/6  1677/2997/6  1678/2998/6

o entity0_brush211
usemtl Bricks
f  1680/483/1  1681/463/1  1682/2999/1  1683/194/1
usemtl Bricks
f  1684/3000/2  1682/3001/2  1681/465/2  1685/2973/2
usemtl Bricks
f  1685/2968/3  1681/475/3  1680/493/3  1686/2965/3
usemtl Bricks
f  1687/2965/4  1683/493/4  1682/475/4  1684/2968/4
usemtl Bricks
f  1686/2974/5  1680/479/5  1683/3002/5  1687/3003/5
usemtl Bricks
f  1687/212/6  1684/3004/6  1685/423/6  1686/498/6

o entity0_brush212
usemtl Bricks
f  1688/498/1  1689/423/1  1690/3004/1  1691/212/1
usemtl Bricks
f  1692/3005/2  1690/3000/2  1689/2973/2  1693/2985/2
usemtl Bricks
f  1693/2981/3  1689/2968/3  1688/2965/3  1694/2980/3
usemtl Bricks
f  1695/2980/4  1691/2965/4  1690/2968/4  1692/2981/4
usemtl Bricks
f  1694/2986/5  1688/2974/5  1691/3003/5  1695/3006/5
usemtl Bricks
f  1695/212/6  1692/3004/6  1693/423/6  1694/498/6

o entity2_brush0
usemtl Metal Texture
f  1696/3007/1  1697/3008/1  1698/3009/1  1699/3010/1
usemtl Metal Texture
f  1700/3011/2  1698/3012/2  1697/3013/2  1701/3014/2
usemtl Metal Texture
f  1701/3015/3  1697/3016/3  1696/1202/3  1702/3017/3
usemtl Metal Texture
f  1703/3018/4  1699/1199/4  1698/3019/4  1700/3020/4
usemtl Metal Texture
f  1702/3021/5  1696/3022/5  1699/3023/5  1703/3024/5
usemtl Metal Texture
f  1703/3025/6  1700/3026/6  1701/3027/6  1702/3028/6

o entity2_brush1
usemtl Metal Texture
f  1704/3008/40  1705/3029/40  1706/3030/40  1707/3009/40
usemtl Metal Texture
f  1708/3031/2  1706/3032/2  1705/865/2  1709/3033/2
usemtl Metal Texture
f  1710/3034/41  1707/3035/41  1706/1197/41  1708/3036/41
usemtl Metal Texture
f  1709/3037/42  1705/1204/42  1704/3038/42  1711/3039/42
usemtl Metal Texture
f  1711/3040/5  1704/3041/5  1707/3042/5  1710/3043/5
usemtl Metal Texture
f  1708/3044/43  1709/3045/43  1711/3027/43  1710/3026/43

o entity3_brush0
usemtl Metal Texture
f  1712/3007/1  1713/3008/1  1714/3009/1  1715/3010/1
usemtl Metal Texture
f  1716/3024/2  1714/3046/2  1713/3047/2  1717/3021/2
usemtl Metal Texture
f  1717/3020/3  1713/3048/3  1712/3049/3  1718/3018/3
usemtl Metal Texture
f  1719/3017/4  1715/3050/4  1714/3051/4  1716/3015/4
usemtl Metal Texture
f  1718/3014/5  1712/3031/5  1715/3052/5  1719/3011/5
usemtl Metal Texture
f  1719/3025/6  1716/3026/6  1717/3027/6  1718/3028/6

o entity3_brush1
usemtl Metal Texture
f  1720/3008/40  1721/3029/40  1722/3030/40  1723/3009/40
usemtl Metal Texture
f  1724/3022/2  1722/2153/2  1721/812/2  1725/3053/2
usemtl Metal Texture
f  1726/3054/41  1723/3055/41  1722/3056/41  1724/1203/41
usemtl Metal Texture
f  1725/1198/42  1721/3057/42  1720/3058/42  1727/3059/42
usemtl Metal Texture
f  1727/3060/5  1720/3061/5  1723/3062/5  1726/3063/5
usemtl Metal Texture
f  1724/3044/43  1725/3045/43  1727/3027/43  1726/3026/43

o entity4_brush0
usemtl Keep Out Sign
f  1728/3064/44  1729/3065/44  1730/3066/44  1731/3067/44
usemtl Keep Out Sign
f  1732/3068/45  1730/3069/45  1729/3070/45  1733/3071/45
usemtl Keep Out Sign
f  1733/3072/2  1729/3073/2  1728/3074/2  1734/3075/2
usemtl Keep Out Sign
f  1735/3076/5  1731/3077/5  1730/3078/5  1732/3079/5
usemtl Keep Out Sign
f  1734/3080/46  1728/3081/46  1731/3082/46  1735/3083/46
usemtl Keep Out Sign
f  1735/3084/47  1732/3085/47  1733/3086/47  1734/3087/47

o entity5_brush0
usemtl Metal Texture
f  1736/3088/1  1737/3089/1  1738/3090/1  1739/3091/1
usemtl Metal Texture
f  1740/3092/2  1738/3093/2  1737/3094/2  1741/3095/2
usemtl Metal Texture
f  1741/3096/3  1737/3097/3  1736/3098/3  1742/3099/3
usemtl Metal Texture
f  1743/3100/4  1739/3101/4  1738/3102/4  1740/3103/4
usemtl Metal Texture
f  1742/3104/5  1736/3105/5  1739/3106/5  1743/3107/5
usemtl Metal Texture
f  1743/3108/6  1740/3109/6  1741/3110/6  1742/3111/6

o entity5_brush1
usemtl Metal Texture
f  1744/3088/1  1745/3089/1  1746/3090/1  1747/3091/1
usemtl Metal Texture
f  1748/3112/2  1746/3113/2  1745/3114/2  1749/3115/2
usemtl Metal Texture
f  1749/3116/3  1745/3117/3  1744/3118/3  1750/3119/3
usemtl Metal Texture
f  1751/3120/4  1747/3121/4  1746/3122/4  1748/3123/4
usemtl Metal Texture
f  1750/3124/5  1744/3125/5  1747/3126/5  1751/3127/5
usemtl Metal Texture
f  1751/3108/6  1748/3109/6  1749/3110/6  1750/3111/6

o entity5_brush2
usemtl Metal Texture
f  1752/3128/48  1753/3129/48  1754/3130/48  1755/3131/48
usemtl Metal Texture
f  1756/3132/49  1754/3133/49  1753/3113/49  1757/3092/49
usemtl Metal Texture
f  1757/3134/3  1753/3135/3  1752/3136/3  1758/3137/3
usemtl Metal Texture
f  1759/3138/4  1755/3139/4  1754/3140/4  1756/3141/4
usemtl Metal Texture
f  1758/3107/50  1752/3126/50  1755/3142/50  1759/3143/50
usemtl Metal Texture
f  1759/3144/51  1756/3145/51  1757/3146/51  1758/3147/51

o entity5_brush3
usemtl Metal Texture
f  1760/3148/1  1761/3088/1  1762/3091/1  1763/3128/1
usemtl Metal Texture
f  1764/3092/2  1762/3113/2  1761/3114/2  1765/3095/2
usemtl Metal Texture
f  1765/3099/3  1761/3118/3  1760/3149/3  1766/3150/3
usemtl Metal Texture
f  1767/3137/4  1763/3136/4  1762/3121/4  1764/3100/4
usemtl Metal Texture
f  1766/3104/5  1760/3125/5  1763/3126/5  1767/3107/5
usemtl Metal Texture
f  1767/3147/6  1764/3108/6  1765/3111/6  1766/3151/6

o entity5_brush4
usemtl Metal Texture
f  1768/3152/1  1769/3153/1  1770/3154/1  1771/3155/1
usemtl Metal Texture
f  1772/3156/2  1770/3157/2  1769/3158/2  1773/3159/2
usemtl Metal Texture
f  1773/3160/3  1769/3161/3  1768/3162/3  1774/3163/3
usemtl Metal Texture
f  1775/3164/4  1771/3165/4  1770/3166/4  1772/3167/4
usemtl Metal Texture
f  1774/3168/5  1768/3169/5  1771/3170/5  1775/3171/5
usemtl Metal Texture
f  1775/3172/6  1772/3173/6  1773/3174/6  1774/3175/6

o entity5_brush5
usemtl Metal Texture
f  1776/3089/1  1777/3176/1  1778/3129/1  1779/3090/1
usemtl Metal Texture
f  1780/3092/2  1778/3113/2  1777/3114/2  1781/3095/2
usemtl Metal Texture
f  1781/3177/3  1777/3178/3  1776/3117/3  1782/3096/3
usemtl Metal Texture
f  1783/3103/4  1779/3122/4  1778/3135/4  1780/3134/4
usemtl Metal Texture
f  1782/3104/5  1776/3125/5  1779/3126/5  1783/3107/5
usemtl Metal Texture
f  1783/3109/6  1780/3146/6  1781/3179/6  1782/3110/6

o entity5_brush6
usemtl Metal Texture
f  1784/3180/1  1785/3181/1  1786/3182/1  1787/3183/1
usemtl Metal Texture
f  1788/3156/2  1786/3157/2  1785/3158/2  1789/3159/2
usemtl Metal Texture
f  1789/3184/3  1785/3185/3  1784/3186/3  1790/3187/3
usemtl Metal Texture
f  1791/3188/4  1787/3189/4  1786/3190/4  1788/3191/4
usemtl Metal Texture
f  1790/3168/5  1784/3169/5  1787/3170/5  1791/3171/5
usemtl Metal Texture
f  1791/3192/6  1788/3193/6  1789/3194/6  1790/3195/6

o entity6_brush0
usemtl Metal Texture
f  1792/3088/1  1793/3089/1  1794/3090/1  1795/3091/1
usemtl Metal Texture
f  1796/3196/2  1794/3197/2  1793/3198/2  1797/3199/2
usemtl Metal Texture
f  1797/3200/3  1793/3201/3  1792/3202/3  1798/3203/3
usemtl Metal Texture
f  1799/3204/4  1795/3205/4  1794/3206/4  1796/3207/4
usemtl Metal Texture
f  1798/3208/5  1792/3209/5  1795/3210/5  1799/3211/5
usemtl Metal Texture
f  1799/3108/6  1796/3109/6  1797/3110/6  1798/3111/6

o entity6_brush1
usemtl Metal Texture
f  1800/3088/1  1801/3089/1  1802/3090/1  1803/3091/1
usemtl Metal Texture
f  1804/3212/2  1802/3213/2  1801/3214/2  1805/3215/2
usemtl Metal Texture
f  1805/3216/3  1801/3217/3  1800/3218/3  1806/3219/3
usemtl Metal Texture
f  1807/3220/4  1803/3221/4  1802/3222/4  1804/3223/4
usemtl Metal Texture
f  1806/3224/5  1800/3225/5  1803/3226/5  1807/3227/5
usemtl Metal Texture
f  1807/3108/6  1804/3109/6  1805/3110/6  1806/3111/6

o entity6_brush2
usemtl Metal Texture
f  1808/3128/48  1809/3129/48  1810/3130/48  1811/3131/48
usemtl Metal Texture
f  1812/3228/49  1810/3229/49  1809/3213/49  1813/3196/49
usemtl Metal Texture
f  1813/3230/3  1809/3231/3  1808/3232/3  1814/3233/3
usemtl Metal Texture
f  1815/3234/4  1811/3235/4  1810/3236/4  1812/3237/4
usemtl Metal Texture
f  1814/3211/50  1808/3226/50  1811/3238/50  1815/3239/50
usemtl Metal Texture
f  1815/3144/51  1812/3145/51  1813/3146/51  1814/3147/51

o entity6_brush3
usemtl Metal Texture
f  1816/3148/1  1817/3088/1  1818/3091/1  1819/3128/1
usemtl Metal Texture
f  1820/3196/2  1818/3213/2  1817/3214/2  1821/3199/2
usemtl Metal Texture
f  1821/3203/3  1817/3218/3  1816/3240/3  1822/3241/3
usemtl Metal Texture
f  1823/3233/4  1819/3232/4  1818/3221/4  1820/3204/4
usemtl Metal Texture
f  1822/3208/5  1816/3225/5  1819/3226/5  1823/3211/5
usemtl Metal Texture
f  1823/3147/6  1820/3108/6  1821/3111/6  1822/3151/6

o entity6_brush4
usemtl Metal Texture
f  1824/3152/1  1825/3153/1  1826/3154/1  1827/3155/1
usemtl Metal Texture
f  1828/3228/2  1826/3242/2  1825/3243/2  1829/3244/2
usemtl Metal Texture
f  1829/3245/3  1825/3246/3  1824/3247/3  1830/3248/3
usemtl Metal Texture
f  1831/3249/4  1827/3250/4  1826/3251/4  1828/3252/4
usemtl Metal Texture
f  1830/3253/5  1824/3254/5  1827/3255/5  1831/3239/5
usemtl Metal Texture
f  1831/3172/6  1828/3173/6  1829/3174/6  1830/3175/6

o entity6_brush5
usemtl Metal Texture
f  1832/3089/1  1833/3176/1  1834/3129/1  1835/3090/1
usemtl Metal Texture
f  1836/3196/2  1834/3213/2  1833/3214/2  1837/3199/2
usemtl Metal Texture
f  1837/3256/3  1833/3257/3  1832/3217/3  1838/3200/3
usemtl Metal Texture
f  1839/3207/4  1835/3222/4  1834/3231/4  1836/3230/4
usemtl Metal Texture
f  1838/3208/5  1832/3225/5  1835/3226/5  1839/3211/5
usemtl Metal Texture
f  1839/3109/6  1836/3146/6  1837/3179/6  1838/3110/6

o entity6_brush6
usemtl Metal Texture
f  1840/3180/1  1841/3181/1  1842/3182/1  1843/3183/1
usemtl Metal Texture
f  1844/3228/2  1842/3242/2  1841/3243/2  1845/3244/2
usemtl Metal Texture
f  1845/3258/3  1841/3259/3  1840/3260/3  1846/3261/3
usemtl Metal Texture
f  1847/3262/4  1843/3263/4  1842/3264/4  1844/3265/4
usemtl Metal Texture
f  1846/3253/5  1840/3254/5  1843/3255/5  1847/3239/5
usemtl Metal Texture
f  1847/3192/6  1844/3193/6  1845/3194/6  1846/3195/6

o entity7_brush0
usemtl Metal Texture
f  1848/3088/1  1849/3089/1  1850/3090/1  1851/3091/1
usemtl Metal Texture
f  1852/3266/2  1850/3267/2  1849/3268/2  1853/3269/2
usemtl Metal Texture
f  1853/3270/3  1849/3271/3  1848/3272/3  1854/3273/3
usemtl Metal Texture
f  1855/3274/4  1851/3275/4  1850/3276/4  1852/3277/4
usemtl Metal Texture
f  1854/3278/5  1848/3279/5  1851/3280/5  1855/3281/5
usemtl Metal Texture
f  1855/3108/6  1852/3109/6  1853/3110/6  1854/3111/6

o entity7_brush1
usemtl Metal Texture
f  1856/3088/1  1857/3089/1  1858/3090/1  1859/3091/1
usemtl Metal Texture
f  1860/3282/2  1858/3283/2  1857/3284/2  1861/3285/2
usemtl Metal Texture
f  1861/3286/3  1857/3287/3  1856/3288/3  1862/3289/3
usemtl Metal Texture
f  1863/3290/4  1859/3291/4  1858/3292/4  1860/3293/4
usemtl Metal Texture
f  1862/3294/5  1856/3295/5  1859/3296/5  1863/3297/5
usemtl Metal Texture
f  1863/3108/6  1860/3109/6  1861/3110/6  1862/3111/6

o entity7_brush2
usemtl Metal Texture
f  1864/3128/48  1865/3129/48  1866/3130/48  1867/3131/48
usemtl Metal Texture
f  1868/3298/49  1866/3299/49  1865/3283/49  1869/3266/49
usemtl Metal Texture
f  1869/3300/3  1865/3301/3  1864/3302/3  1870/3303/3
usemtl Metal Texture
f  1871/3304/4  1867/3305/4  1866/3306/4  1868/3307/4
usemtl Metal Texture
f  1870/3281/50  1864/3296/50  1867/3308/50  1871/3309/50
usemtl Metal Texture
f  1871/3144/51  1868/3145/51  1869/3146/51  1870/3147/51

o entity7_brush3
usemtl Metal Texture
f  1872/3148/1  1873/3088/1  1874/3091/1  1875/3128/1
usemtl Metal Texture
f  1876/3266/2  1874/3283/2  1873/3284/2  1877/3269/2
usemtl Metal Texture
f  1877/3273/3  1873/3288/3  1872/3310/3  1878/3311/3
usemtl Metal Texture
f  1879/3303/4  1875/3302/4  1874/3291/4  1876/3274/4
usemtl Metal Texture
f  1878/3278/5  1872/3295/5  1875/3296/5  1879/3281/5
usemtl Metal Texture
f  1879/3147/6  1876/3108/6  1877/3111/6  1878/3151/6

o entity7_brush4
usemtl Metal Texture
f  1880/3152/1  1881/3153/1  1882/3154/1  1883/3155/1
usemtl Metal Texture
f  1884/3298/2  1882/3312/2  1881/3313/2  1885/3314/2
usemtl Metal Texture
f  1885/3315/3  1881/3316/3  1880/3317/3  1886/3318/3
usemtl Metal Texture
f  1887/3319/4  1883/3320/4  1882/3321/4  1884/3322/4
usemtl Metal Texture
f  1886/3323/5  1880/3324/5  1883/3325/5  1887/3309/5
usemtl Metal Texture
f  1887/3172/6  1884/3173/6  1885/3174/6  1886/3175/6

o entity7_brush5
usemtl Metal Texture
f  1888/3089/1  1889/3176/1  1890/3129/1  1891/3090/1
usemtl Metal Texture
f  1892/3266/2  1890/3283/2  1889/3284/2  1893/3269/2
usemtl Metal Texture
f  1893/3326/3  1889/3327/3  1888/3287/3  1894/3270/3
usemtl Metal Texture
f  1895/3277/4  1891/3292/4  1890/3301/4  1892/3300/4
usemtl Metal Texture
f  1894/3278/5  1888/3295/5  1891/3296/5  1895/3281/5
usemtl Metal Texture
f  1895/3109/6  1892/3146/6  1893/3179/6  1894/3110/6

o entity7_brush6
usemtl Metal Texture
f  1896/3180/1  1897/3181/1  1898/3182/1  1899/3183/1
usemtl Metal Texture
f  1900/3298/2  1898/3312/2  1897/3313/2  1901/3314/2
usemtl Metal Texture
f  1901/3328/3  1897/3329/3  1896/3330/3  1902/3331/3
usemtl Metal Texture
f  1903/3332/4  1899/3333/4  1898/3334/4  1900/3335/4
usemtl Metal Texture
f  1902/3323/5  1896/3324/5  1899/3325/5  1903/3309/5
usemtl Metal Texture
f  1903/3192/6  1900/3193/6  1901/3194/6  1902/3195/6

o entity8_brush0
usemtl Metal Texture
f  1904/3088/1  1905/3089/1  1906/3090/1  1907/3091/1
usemtl Metal Texture
f  1908/3336/2  1906/3337/2  1905/3338/2  1909/3339/2
usemtl Metal Texture
f  1909/3340/3  1905/3341/3  1904/3342/3  1910/3343/3
usemtl Metal Texture
f  1911/3344/4  1907/3345/4  1906/3346/4  1908/3347/4
usemtl Metal Texture
f  1910/3348/5  1904/3349/5  1907/3350/5  1911/3351/5
usemtl Metal Texture
f  1911/3108/6  1908/3109/6  1909/3110/6  1910/3111/6

o entity8_brush1
usemtl Metal Texture
f  1912/3088/1  1913/3089/1  1914/3090/1  1915/3091/1
usemtl Metal Texture
f  1916/3352/2  1914/3353/2  1913/3354/2  1917/3355/2
usemtl Metal Texture
f  1917/3356/3  1913/3357/3  1912/3358/3  1918/3359/3
usemtl Metal Texture
f  1919/3360/4  1915/3361/4  1914/3362/4  1916/3363/4
usemtl Metal Texture
f  1918/3364/5  1912/3365/5  1915/3366/5  1919/3367/5
usemtl Metal Texture
f  1919/3108/6  1916/3109/6  1917/3110/6  1918/3111/6

o entity8_brush2
usemtl Metal Texture
f  1920/3128/48  1921/3129/48  1922/3130/48  1923/3131/48
usemtl Metal Texture
f  1924/3368/49  1922/3369/49  1921/3353/49  1925/3336/49
usemtl Metal Texture
f  1925/3370/3  1921/3371/3  1920/3372/3  1926/3373/3
usemtl Metal Texture
f  1927/3374/4  1923/3375/4  1922/3376/4  1924/3377/4
usemtl Metal Texture
f  1926/3351/50  1920/3366/50  1923/3378/50  1927/3379/50
usemtl Metal Texture
f  1927/3144/51  1924/3145/51  1925/3146/51  1926/3147/51

o entity8_brush3
usemtl Metal Texture
f  1928/3148/1  1929/3088/1  1930/3091/1  1931/3128/1
usemtl Metal Texture
f  1932/3336/2  1930/3353/2  1929/3354/2  1933/3339/2
usemtl Metal Texture
f  1933/3343/3  1929/3358/3  1928/3380/3  1934/3381/3
usemtl Metal Texture
f  1935/3373/4  1931/3372/4  1930/3361/4  1932/3344/4
usemtl Metal Texture
f  1934/3348/5  1928/3365/5  1931/3366/5  1935/3351/5
usemtl Metal Texture
f  1935/3147/6  1932/3108/6  1933/3111/6  1934/3151/6

o entity8_brush4
usemtl Metal Texture
f  1936/3152/1  1937/3153/1  1938/3154/1  1939/3155/1
usemtl Metal Texture
f  1940/3368/2  1938/3382/2  1937/3383/2  1941/3384/2
usemtl Metal Texture
f  1941/3385/3  1937/3386/3  1936/3387/3  1942/3388/3
usemtl Metal Texture
f  1943/3389/4  1939/3390/4  1938/3391/4  1940/3392/4
usemtl Metal Texture
f  1942/3393/5  1936/3394/5  1939/3395/5  1943/3379/5
usemtl Metal Texture
f  1943/3172/6  1940/3173/6  1941/3174/6  1942/3175/6

o entity8_brush5
usemtl Metal Texture
f  1944/3089/1  1945/3176/1  1946/3129/1  1947/3090/1
usemtl Metal Texture
f  1948/3336/2  1946/3353/2  1945/3354/2  1949/3339/2
usemtl Metal Texture
f  1949/3396/3  1945/3397/3  1944/3357/3  1950/3340/3
usemtl Metal Texture
f  1951/3347/4  1947/3362/4  1946/3371/4  1948/3370/4
usemtl Metal Texture
f  1950/3348/5  1944/3365/5  1947/3366/5  1951/3351/5
usemtl Metal Texture
f  1951/3109/6  1948/3146/6  1949/3179/6  1950/3110/6

o entity8_brush6
usemtl Metal Texture
f  1952/3180/1  1953/3181/1  1954/3182/1  1955/3183/1
usemtl Metal Texture
f  1956/3368/2  1954/3382/2  1953/3383/2  1957/3384/2
usemtl Metal Texture
f  1957/3398/3  1953/3399/3  1952/3400/3  1958/3401/3
usemtl Metal Texture
f  1959/3402/4  1955/3403/4  1954/3404/4  1956/3405/4
usemtl Metal Texture
f  1958/3393/5  1952/3394/5  1955/3395/5  1959/3379/5
usemtl Metal Texture
f  1959/3192/6  1956/3193/6  1957/3194/6  1958/3195/6

o entity9_brush0
usemtl Metal Texture
f  1960/3406/1  1961/3407/1  1962/3408/1  1963/3409/1
usemtl Metal Texture
f  1964/3336/2  1962/3337/2  1961/3338/2  1965/3339/2
usemtl Metal Texture
f  1965/3410/3  1961/3411/3  1960/3412/3  1966/3413/3
usemtl Metal Texture
f  1967/3414/4  1963/3415/4  1962/3416/4  1964/3417/4
usemtl Metal Texture
f  1966/3348/5  1960/3349/5  1963/3350/5  1967/3351/5
usemtl Metal Texture
f  1967/3418/6  1964/3419/6  1965/3420/6  1966/3421/6

o entity9_brush1
usemtl Metal Texture
f  1968/3406/1  1969/3407/1  1970/3408/1  1971/3409/1
usemtl Metal Texture
f  1972/3352/2  1970/3353/2  1969/3354/2  1973/3355/2
usemtl Metal Texture
f  1973/3422/3  1969/3423/3  1968/3424/3  1974/3425/3
usemtl Metal Texture
f  1975/3426/4  1971/3427/4  1970/3428/4  1972/3429/4
usemtl Metal Texture
f  1974/3364/5  1968/3365/5  1971/3366/5  1975/3367/5
usemtl Metal Texture
f  1975/3418/6  1972/3419/6  1973/3420/6  1974/3421/6

o entity9_brush2
usemtl Metal Texture
f  1976/3430/48  1977/3431/48  1978/3432/48  1979/3433/48
usemtl Metal Texture
f  1980/3368/49  1978/3369/49  1977/3353/49  1981/3336/49
usemtl Metal Texture
f  1981/3434/3  1977/3435/3  1976/3436/3  1982/3437/3
usemtl Metal Texture
f  1983/3438/4  1979/3439/4  1978/3440/4  1980/3441/4
usemtl Metal Texture
f  1982/3351/50  1976/3366/50  1979/3378/50  1983/3379/50
usemtl Metal Texture
f  1983/3442/51  1980/3443/51  1981/3444/51  1982/3445/51

o entity9_brush3
usemtl Metal Texture
f  1984/3446/1  1985/3406/1  1986/3409/1  1987/3430/1
usemtl Metal Texture
f  1988/3336/2  1986/3353/2  1985/3354/2  1989/3339/2
usemtl Metal Texture
f  1989/3413/3  1985/3424/3  1984/3447/3  1990/3448/3
usemtl Metal Texture
f  1991/3437/4  1987/3436/4  1986/3427/4  1988/3414/4
usemtl Metal Texture
f  1990/3348/5  1984/3365/5  1987/3366/5  1991/3351/5
usemtl Metal Texture
f  1991/3445/6  1988/3418/6  1989/3421/6  1990/3449/6

o entity9_brush4
usemtl Metal Texture
f  1992/3450/1  1993/3451/1  1994/3452/1  1995/3453/1
usemtl Metal Texture
f  1996/3368/2  1994/3382/2  1993/3383/2  1997/3384/2
usemtl Metal Texture
f  1997/3454/3  1993/3455/3  1992/3456/3  1998/3457/3
usemtl Metal Texture
f  1999/3458/4  1995/3459/4  1994/3460/4  1996/3461/4
usemtl Metal Texture
f  1998/3393/5  1992/3394/5  1995/3395/5  1999/3379/5
usemtl Metal Texture
f  1999/3462/6  1996/3463/6  1997/3464/6  1998/3465/6

o entity9_brush5
usemtl Metal Texture
f  2000/3407/1  2001/3466/1  2002/3431/1  2003/3408/1
usemtl Metal Texture
f  2004/3336/2  2002/3353/2  2001/3354/2  2005/3339/2
usemtl Metal Texture
f  2005/3467/3  2001/3468/3  2000/3423/3  2006/3410/3
usemtl Metal Texture
f  2007/3417/4  2003/3428/4  2002/3435/4  2004/3434/4
usemtl Metal Texture
f  2006/3348/5  2000/3365/5  2003/3366/5  2007/3351/5
usemtl Metal Texture
f  2007/3419/6  2004/3444/6  2005/3469/6  2006/3420/6

o entity9_brush6
usemtl Metal Texture
f  2008/3470/1  2009/3471/1  2010/3472/1  2011/3473/1
usemtl Metal Texture
f  2012/3368/2  2010/3382/2  2009/3383/2  2013/3384/2
usemtl Metal Texture
f  2013/3474/3  2009/3475/3  2008/3476/3  2014/3477/3
usemtl Metal Texture
f  2015/3478/4  2011/3479/4  2010/3480/4  2012/3481/4
usemtl Metal Texture
f  2014/3393/5  2008/3394/5  2011/3395/5  2015/3379/5
usemtl Metal Texture
f  2015/3482/6  2012/3483/6  2013/3484/6  2014/3485/6

o entity10_brush0
usemtl Metal Texture
f  2016/3406/1  2017/3407/1  2018/3408/1  2019/3409/1
usemtl Metal Texture
f  2020/3266/2  2018/3267/2  2017/3268/2  2021/3269/2
usemtl Metal Texture
f  2021/3486/3  2017/3487/3  2016/3488/3  2022/3489/3
usemtl Metal Texture
f  2023/3490/4  2019/3491/4  2018/3492/4  2020/3493/4
usemtl Metal Texture
f  2022/3278/5  2016/3279/5  2019/3280/5  2023/3281/5
usemtl Metal Texture
f  2023/3418/6  2020/3419/6  2021/3420/6  2022/3421/6

o entity10_brush1
usemtl Metal Texture
f  2024/3406/1  2025/3407/1  2026/3408/1  2027/3409/1
usemtl Metal Texture
f  2028/3282/2  2026/3283/2  2025/3284/2  2029/3285/2
usemtl Metal Texture
f  2029/3494/3  2025/3495/3  2024/3496/3  2030/3497/3
usemtl Metal Texture
f  2031/3498/4  2027/3499/4  2026/3500/4  2028/3501/4
usemtl Metal Texture
f  2030/3294/5  2024/3295/5  2027/3296/5  2031/3297/5
usemtl Metal Texture
f  2031/3418/6  2028/3419/6  2029/3420/6  2030/3421/6

o entity10_brush2
usemtl Metal Texture
f  2032/3430/48  2033/3431/48  2034/3432/48  2035/3433/48
usemtl Metal Texture
f  2036/3298/49  2034/3299/49  2033/3283/49  2037/3266/49
usemtl Metal Texture
f  2037/3502/3  2033/3503/3  2032/3504/3  2038/3505/3
usemtl Metal Texture
f  2039/3506/4  2035/3507/4  2034/3508/4  2036/3509/4
usemtl Metal Texture
f  2038/3281/50  2032/3296/50  2035/3308/50  2039/3309/50
usemtl Metal Texture
f  2039/3442/51  2036/3443/51  2037/3444/51  2038/3445/51

o entity10_brush3
usemtl Metal Texture
f  2040/3446/1  2041/3406/1  2042/3409/1  2043/3430/1
usemtl Metal Texture
f  2044/3266/2  2042/3283/2  2041/3284/2  2045/3269/2
usemtl Metal Texture
f  2045/3489/3  2041/3496/3  2040/3510/3  2046/3511/3
usemtl Metal Texture
f  2047/3505/4  2043/3504/4  2042/3499/4  2044/3490/4
usemtl Metal Texture
f  2046/3278/5  2040/3295/5  2043/3296/5  2047/3281/5
usemtl Metal Texture
f  2047/3445/6  2044/3418/6  2045/3421/6  2046/3449/6

o entity10_brush4
usemtl Metal Texture
f  2048/3450/1  2049/3451/1  2050/3452/1  2051/3453/1
usemtl Metal Texture
f  2052/3298/2  2050/3312/2  2049/3313/2  2053/3314/2
usemtl Metal Texture
f  2053/3512/3  2049/3513/3  2048/3514/3  2054/3515/3
usemtl Metal Texture
f  2055/3516/4  2051/3517/4  2050/3518/4  2052/3519/4
usemtl Metal Texture
f  2054/3323/5  2048/3324/5  2051/3325/5  2055/3309/5
usemtl Metal Texture
f  2055/3462/6  2052/3463/6  2053/3464/6  2054/3465/6

o entity10_brush5
usemtl Metal Texture
f  2056/3407/1  2057/3466/1  2058/3431/1  2059/3408/1
usemtl Metal Texture
f  2060/3266/2  2058/3283/2  2057/3284/2  2061/3269/2
usemtl Metal Texture
f  2061/3520/3  2057/3521/3  2056/3495/3  2062/3486/3
usemtl Metal Texture
f  2063/3493/4  2059/3500/4  2058/3503/4  2060/3502/4
usemtl Metal Texture
f  2062/3278/5  2056/3295/5  2059/3296/5  2063/3281/5
usemtl Metal Texture
f  2063/3419/6  2060/3444/6  2061/3469/6  2062/3420/6

o entity10_brush6
usemtl Metal Texture
f  2064/3470/1  2065/3471/1  2066/3472/1  2067/3473/1
usemtl Metal Texture
f  2068/3298/2  2066/3312/2  2065/3313/2  2069/3314/2
usemtl Metal Texture
f  2069/3522/3  2065/3523/3  2064/3524/3  2070/3525/3
usemtl Metal Texture
f  2071/3526/4  2067/3527/4  2066/3528/4  2068/3529/4
usemtl Metal Texture
f  2070/3323/5  2064/3324/5  2067/3325/5  2071/3309/5
usemtl Metal Texture
f  2071/3482/6  2068/3483/6  2069/3484/6  2070/3485/6

o entity11_brush0
usemtl Metal Texture
f  2072/3406/1  2073/3407/1  2074/3408/1  2075/3409/1
usemtl Metal Texture
f  2076/3092/2  2074/3093/2  2073/3094/2  2077/3095/2
usemtl Metal Texture
f  2077/3530/3  2073/3531/3  2072/3532/3  2078/3533/3
usemtl Metal Texture
f  2079/3534/4  2075/3535/4  2074/3536/4  2076/3537/4
usemtl Metal Texture
f  2078/3104/5  2072/3105/5  2075/3106/5  2079/3107/5
usemtl Metal Texture
f  2079/3418/6  2076/3419/6  2077/3420/6  2078/3421/6

o entity11_brush1
usemtl Metal Texture
f  2080/3406/1  2081/3407/1  2082/3408/1  2083/3409/1
usemtl Metal Texture
f  2084/3112/2  2082/3113/2  2081/3114/2  2085/3115/2
usemtl Metal Texture
f  2085/3538/3  2081/3539/3  2080/3540/3  2086/3541/3
usemtl Metal Texture
f  2087/3542/4  2083/3543/4  2082/3544/4  2084/3545/4
usemtl Metal Texture
f  2086/3124/5  2080/3125/5  2083/3126/5  2087/3127/5
usemtl Metal Texture
f  2087/3418/6  2084/3419/6  2085/3420/6  2086/3421/6

o entity11_brush2
usemtl Metal Texture
f  2088/3430/48  2089/3431/48  2090/3432/48  2091/3433/48
usemtl Metal Texture
f  2092/3132/49  2090/3133/49  2089/3113/49  2093/3092/49
usemtl Metal Texture
f  2093/3546/3  2089/3547/3  2088/3548/3  2094/3549/3
usemtl Metal Texture
f  2095/3550/4  2091/3551/4  2090/3552/4  2092/3553/4
usemtl Metal Texture
f  2094/3107/50  2088/3126/50  2091/3142/50  2095/3143/50
usemtl Metal Texture
f  2095/3442/51  2092/3443/51  2093/3444/51  2094/3445/51

o entity11_brush3
usemtl Metal Texture
f  2096/3446/1  2097/3406/1  2098/3409/1  2099/3430/1
usemtl Metal Texture
f  2100/3092/2  2098/3113/2  2097/3114/2  2101/3095/2
usemtl Metal Texture
f  2101/3533/3  2097/3540/3  2096/3554/3  2102/3555/3
usemtl Metal Texture
f  2103/3549/4  2099/3548/4  2098/3543/4  2100/3534/4
usemtl Metal Texture
f  2102/3104/5  2096/3125/5  2099/3126/5  2103/3107/5
usemtl Metal Texture
f  2103/3445/6  2100/3418/6  2101/3421/6  2102/3449/6

o entity11_brush4
usemtl Metal Texture
f  2104/3450/1  2105/3451/1  2106/3452/1  2107/3453/1
usemtl Metal Texture
f  2108/3156/2  2106/3157/2  2105/3158/2  2109/3159/2
usemtl Metal Texture
f  2109/3556/3  2105/3557/3  2104/3558/3  2110/3559/3
usemtl Metal Texture
f  2111/3560/4  2107/3561/4  2106/3562/4  2108/3563/4
usemtl Metal Texture
f  2110/3168/5  2104/3169/5  2107/3170/5  2111/3171/5
usemtl Metal Texture
f  2111/3462/6  2108/3463/6  2109/3464/6  2110/3465/6

o entity11_brush5
usemtl Metal Texture
f  2112/3407/1  2113/3466/1  2114/3431/1  2115/3408/1
usemtl Metal Texture
f  2116/3092/2  2114/3113/2  2113/3114/2  2117/3095/2
usemtl Metal Texture
f  2117/3564/3  2113/3565/3  2112/3539/3  2118/3530/3
usemtl Metal Texture
f  2119/3537/4  2115/3544/4  2114/3547/4  2116/3546/4
usemtl Metal Texture
f  2118/3104/5  2112/3125/5  2115/3126/5  2119/3107/5
usemtl Metal Texture
f  2119/3419/6  2116/3444/6  2117/3469/6  2118/3420/6

o entity11_brush6
usemtl Metal Texture
f  2120/3470/1  2121/3471/1  2122/3472/1  2123/3473/1
usemtl Metal Texture
f  2124/3156/2  2122/3157/2  2121/3158/2  2125/3159/2
usemtl Metal Texture
f  2125/3566/3  2121/3567/3  2120/3568/3  2126/3569/3
usemtl Metal Texture
f  2127/3570/4  2123/3571/4  2122/3572/4  2124/3573/4
usemtl Metal Texture
f  2126/3168/5  2120/3169/5  2123/3170/5  2127/3171/5
usemtl Metal Texture
f  2127/3482/6  2124/3483/6  2125/3484/6  2126/3485/6

o entity12_brush0
usemtl Metal Texture
f  2128/3406/1  2129/3407/1  2130/3408/1  2131/3409/1
usemtl Metal Texture
f  2132/3196/2  2130/3197/2  2129/3198/2  2133/3199/2
usemtl Metal Texture
f  2133/3574/3  2129/3575/3  2128/3576/3  2134/3577/3
usemtl Metal Texture
f  2135/3578/4  2131/3579/4  2130/3580/4  2132/3581/4
usemtl Metal Texture
f  2134/3208/5  2128/3209/5  2131/3210/5  2135/3211/5
usemtl Metal Texture
f  2135/3418/6  2132/3419/6  2133/3420/6  2134/3421/6

o entity12_brush1
usemtl Metal Texture
f  2136/3406/1  2137/3407/1  2138/3408/1  2139/3409/1
usemtl Metal Texture
f  2140/3212/2  2138/3213/2  2137/3214/2  2141/3215/2
usemtl Metal Texture
f  2141/3582/3  2137/3583/3  2136/3584/3  2142/3585/3
usemtl Metal Texture
f  2143/3586/4  2139/3587/4  2138/3588/4  2140/3589/4
usemtl Metal Texture
f  2142/3224/5  2136/3225/5  2139/3226/5  2143/3227/5
usemtl Metal Texture
f  2143/3418/6  2140/3419/6  2141/3420/6  2142/3421/6

o entity12_brush2
usemtl Metal Texture
f  2144/3430/48  2145/3431/48  2146/3432/48  2147/3433/48
usemtl Metal Texture
f  2148/3228/49  2146/3229/49  2145/3213/49  2149/3196/49
usemtl Metal Texture
f  2149/3590/3  2145/3591/3  2144/3592/3  2150/3593/3
usemtl Metal Texture
f  2151/3594/4  2147/3595/4  2146/3596/4  2148/3597/4
usemtl Metal Texture
f  2150/3211/50  2144/3226/50  2147/3238/50  2151/3239/50
usemtl Metal Texture
f  2151/3442/51  2148/3443/51  2149/3444/51  2150/3445/51

o entity12_brush3
usemtl Metal Texture
f  2152/3446/1  2153/3406/1  2154/3409/1  2155/3430/1
usemtl Metal Texture
f  2156/3196/2  2154/3213/2  2153/3214/2  2157/3199/2
usemtl Metal Texture
f  2157/3577/3  2153/3584/3  2152/3598/3  2158/3599/3
usemtl Metal Texture
f  2159/3593/4  2155/3592/4  2154/3587/4  2156/3578/4
usemtl Metal Texture
f  2158/3208/5  2152/3225/5  2155/3226/5  2159/3211/5
usemtl Metal Texture
f  2159/3445/6  2156/3418/6  2157/3421/6  2158/3449/6

o entity12_brush4
usemtl Metal Texture
f  2160/3450/1  2161/3451/1  2162/3452/1  2163/3453/1
usemtl Metal Texture
f  2164/3228/2  2162/3242/2  2161/3243/2  2165/3244/2
usemtl Metal Texture
f  2165/3600/3  2161/3601/3  2160/3602/3  2166/3603/3
usemtl Metal Texture
f  2167/3604/4  2163/3605/4  2162/3606/4  2164/3607/4
usemtl Metal Texture
f  2166/3253/5  2160/3254/5  2163/3255/5  2167/3239/5
usemtl Metal Texture
f  2167/3462/6  2164/3463/6  2165/3464/6  2166/3465/6

o entity12_brush5
usemtl Metal Texture
f  2168/3407/1  2169/3466/1  2170/3431/1  2171/3408/1
usemtl Metal Texture
f  2172/3196/2  2170/3213/2  2169/3214/2  2173/3199/2
usemtl Metal Texture
f  2173/3608/3  2169/3609/3  2168/3583/3  2174/3574/3
usemtl Metal Texture
f  2175/3581/4  2171/3588/4  2170/3591/4  2172/3590/4
usemtl Metal Texture
f  2174/3208/5  2168/3225/5  2171/3226/5  2175/3211/5
usemtl Metal Texture
f  2175/3419/6  2172/3444/6  2173/3469/6  2174/3420/6

o entity12_brush6
usemtl Metal Texture
f  2176/3470/1  2177/3471/1  2178/3472/1  2179/3473/1
usemtl Metal Texture
f  2180/3228/2  2178/3242/2  2177/3243/2  2181/3244/2
usemtl Metal Texture
f  2181/3610/3  2177/3611/3  2176/3612/3  2182/3613/3
usemtl Metal Texture
f  2183/3614/4  2179/3615/4  2178/3616/4  2180/3617/4
usemtl Metal Texture
f  2182/3253/5  2176/3254/5  2179/3255/5  2183/3239/5
usemtl Metal Texture
f  2183/3482/6  2180/3483/6  2181/3484/6  2182/3485/6

o entity13_brush0
usemtl Metal Texture
f  2184/3618/1  2185/3619/1  2186/3620/1  2187/3621/1
usemtl Metal Texture
f  2188/3092/2  2186/3093/2  2185/3094/2  2189/3095/2
usemtl Metal Texture
f  2189/3622/3  2185/3623/3  2184/3624/3  2190/3625/3
usemtl Metal Texture
f  2191/3626/4  2187/3627/4  2186/3628/4  2188/3629/4
usemtl Metal Texture
f  2190/3104/5  2184/3105/5  2187/3106/5  2191/3107/5
usemtl Metal Texture
f  2191/3630/6  2188/3631/6  2189/3632/6  2190/3633/6

o entity13_brush1
usemtl Metal Texture
f  2192/3618/1  2193/3619/1  2194/3620/1  2195/3621/1
usemtl Metal Texture
f  2196/3112/2  2194/3113/2  2193/3114/2  2197/3115/2
usemtl Metal Texture
f  2197/3634/3  2193/3635/3  2192/3636/3  2198/3637/3
usemtl Metal Texture
f  2199/3638/4  2195/3639/4  2194/3640/4  2196/3641/4
usemtl Metal Texture
f  2198/3124/5  2192/3125/5  2195/3126/5  2199/3127/5
usemtl Metal Texture
f  2199/3630/6  2196/3631/6  2197/3632/6  2198/3633/6

o entity13_brush2
usemtl Metal Texture
f  2200/3642/48  2201/3643/48  2202/3644/48  2203/3645/48
usemtl Metal Texture
f  2204/3132/49  2202/3133/49  2201/3113/49  2205/3092/49
usemtl Metal Texture
f  2205/3646/3  2201/3647/3  2200/3648/3  2206/3649/3
usemtl Metal Texture
f  2207/3650/4  2203/3651/4  2202/3652/4  2204/3653/4
usemtl Metal Texture
f  2206/3107/50  2200/3126/50  2203/3142/50  2207/3143/50
usemtl Metal Texture
f  2207/3654/51  2204/3655/51  2205/3656/51  2206/3657/51

o entity13_brush3
usemtl Metal Texture
f  2208/3658/1  2209/3618/1  2210/3621/1  2211/3642/1
usemtl Metal Texture
f  2212/3092/2  2210/3113/2  2209/3114/2  2213/3095/2
usemtl Metal Texture
f  2213/3625/3  2209/3636/3  2208/3659/3  2214/3660/3
usemtl Metal Texture
f  2215/3649/4  2211/3648/4  2210/3639/4  2212/3626/4
usemtl Metal Texture
f  2214/3104/5  2208/3125/5  2211/3126/5  2215/3107/5
usemtl Metal Texture
f  2215/3657/6  2212/3630/6  2213/3633/6  2214/3661/6

o entity13_brush4
usemtl Metal Texture
f  2216/3662/1  2217/3663/1  2218/3664/1  2219/3665/1
usemtl Metal Texture
f  2220/3156/2  2218/3157/2  2217/3158/2  2221/3159/2
usemtl Metal Texture
f  2221/3666/3  2217/3667/3  2216/3668/3  2222/3669/3
usemtl Metal Texture
f  2223/3670/4  2219/3671/4  2218/3672/4  2220/3673/4
usemtl Metal Texture
f  2222/3168/5  2216/3169/5  2219/3170/5  2223/3171/5
usemtl Metal Texture
f  2223/3674/6  2220/3675/6  2221/3676/6  2222/3677/6

o entity13_brush5
usemtl Metal Texture
f  2224/3619/1  2225/3678/1  2226/3643/1  2227/3620/1
usemtl Metal Texture
f  2228/3092/2  2226/3113/2  2225/3114/2  2229/3095/2
usemtl Metal Texture
f  2229/3679/3  2225/3680/3  2224/3635/3  2230/3622/3
usemtl Metal Texture
f  2231/3629/4  2227/3640/4  2226/3647/4  2228/3646/4
usemtl Metal Texture
f  2230/3104/5  2224/3125/5  2227/3126/5  2231/3107/5
usemtl Metal Texture
f  2231/3631/6  2228/3656/6  2229/3681/6  2230/3632/6

o entity13_brush6
usemtl Metal Texture
f  2232/3682/1  2233/3683/1  2234/3684/1  2235/3685/1
usemtl Metal Texture
f  2236/3156/2  2234/3157/2  2233/3158/2  2237/3159/2
usemtl Metal Texture
f  2237/3686/3  2233/3687/3  2232/3688/3  2238/3689/3
usemtl Metal Texture
f  2239/3690/4  2235/3691/4  2234/3692/4  2236/3693/4
usemtl Metal Texture
f  2238/3168/5  2232/3169/5  2235/3170/5  2239/3171/5
usemtl Metal Texture
f  2239/3694/6  2236/3695/6  2237/3696/6  2238/3697/6

o entity14_brush0
usemtl Metal Texture
f  2240/3618/1  2241/3619/1  2242/3620/1  2243/3621/1
usemtl Metal Texture
f  2244/3196/2  2242/3197/2  2241/3198/2  2245/3199/2
usemtl Metal Texture
f  2245/3698/3  2241/3699/3  2240/3700/3  2246/3701/3
usemtl Metal Texture
f  2247/3702/4  2243/3703/4  2242/3704/4  2244/3705/4
usemtl Metal Texture
f  2246/3208/5  2240/3209/5  2243/3210/5  2247/3211/5
usemtl Metal Texture
f  2247/3630/6  2244/3631/6  2245/3632/6  2246/3633/6

o entity14_brush1
usemtl Metal Texture
f  2248/3618/1  2249/3619/1  2250/3620/1  2251/3621/1
usemtl Metal Texture
f  2252/3212/2  2250/3213/2  2249/3214/2  2253/3215/2
usemtl Metal Texture
f  2253/3706/3  2249/3707/3  2248/3708/3  2254/3709/3
usemtl Metal Texture
f  2255/3710/4  2251/3711/4  2250/3712/4  2252/3713/4
usemtl Metal Texture
f  2254/3224/5  2248/3225/5  2251/3226/5  2255/3227/5
usemtl Metal Texture
f  2255/3630/6  2252/3631/6  2253/3632/6  2254/3633/6

o entity14_brush2
usemtl Metal Texture
f  2256/3642/48  2257/3643/48  2258/3644/48  2259/3645/48
usemtl Metal Texture
f  2260/3228/49  2258/3229/49  2257/3213/49  2261/3196/49
usemtl Metal Texture
f  2261/3714/3  2257/3715/3  2256/3716/3  2262/3717/3
usemtl Metal Texture
f  2263/3718/4  2259/3719/4  2258/3720/4  2260/3721/4
usemtl Metal Texture
f  2262/3211/50  2256/3226/50  2259/3238/50  2263/3239/50
usemtl Metal Texture
f  2263/3654/51  2260/3655/51  2261/3656/51  2262/3657/51

o entity14_brush3
usemtl Metal Texture
f  2264/3658/1  2265/3618/1  2266/3621/1  2267/3642/1
usemtl Metal Texture
f  2268/3196/2  2266/3213/2  2265/3214/2  2269/3199/2
usemtl Metal Texture
f  2269/3701/3  2265/3708/3  2264/3722/3  2270/3723/3
usemtl Metal Texture
f  2271/3717/4  2267/3716/4  2266/3711/4  2268/3702/4
usemtl Metal Texture
f  2270/3208/5  2264/3225/5  2267/3226/5  2271/3211/5
usemtl Metal Texture
f  2271/3657/6  2268/3630/6  2269/3633/6  2270/3661/6

o entity14_brush4
usemtl Metal Texture
f  2272/3662/1  2273/3663/1  2274/3664/1  2275/3665/1
usemtl Metal Texture
f  2276/3228/2  2274/3242/2  2273/3243/2  2277/3244/2
usemtl Metal Texture
f  2277/3700/3  2273/3724/3  2272/3725/3  2278/3726/3
usemtl Metal Texture
f  2279/3727/4  2275/3728/4  2274/3729/4  2276/3703/4
usemtl Metal Texture
f  2278/3253/5  2272/3254/5  2275/3255/5  2279/3239/5
usemtl Metal Texture
f  2279/3674/6  2276/3675/6  2277/3676/6  2278/3677/6

o entity14_brush5
usemtl Metal Texture
f  2280/3619/1  2281/3678/1  2282/3643/1  2283/3620/1
usemtl Metal Texture
f  2284/3196/2  2282/3213/2  2281/3214/2  2285/3199/2
usemtl Metal Texture
f  2285/3730/3  2281/3731/3  2280/3707/3  2286/3698/3
usemtl Metal Texture
f  2287/3705/4  2283/3712/4  2282/3715/4  2284/3714/4
usemtl Metal Texture
f  2286/3208/5  2280/3225/5  2283/3226/5  2287/3211/5
usemtl Metal Texture
f  2287/3631/6  2284/3656/6  2285/3681/6  2286/3632/6

o entity14_brush6
usemtl Metal Texture
f  2288/3682/1  2289/3683/1  2290/3684/1  2291/3685/1
usemtl Metal Texture
f  2292/3228/2  2290/3242/2  2289/3243/2  2293/3244/2
usemtl Metal Texture
f  2293/3732/3  2289/3733/3  2288/3734/3  2294/3735/3
usemtl Metal Texture
f  2295/3736/4  2291/3737/4  2290/3738/4  2292/3739/4
usemtl Metal Texture
f  2294/3253/5  2288/3254/5  2291/3255/5  2295/3239/5
usemtl Metal Texture
f  2295/3694/6  2292/3695/6  2293/3696/6  2294/3697/6

o entity15_brush0
usemtl Metal Texture
f  2296/3618/1  2297/3619/1  2298/3620/1  2299/3621/1
usemtl Metal Texture
f  2300/3266/2  2298/3267/2  2297/3268/2  2301/3269/2
usemtl Metal Texture
f  2301/3740/3  2297/3741/3  2296/3742/3  2302/3743/3
usemtl Metal Texture
f  2303/3744/4  2299/3745/4  2298/3746/4  2300/3747/4
usemtl Metal Texture
f  2302/3278/5  2296/3279/5  2299/3280/5  2303/3281/5
usemtl Metal Texture
f  2303/3630/6  2300/3631/6  2301/3632/6  2302/3633/6

o entity15_brush1
usemtl Metal Texture
f  2304/3618/1  2305/3619/1  2306/3620/1  2307/3621/1
usemtl Metal Texture
f  2308/3282/2  2306/3283/2  2305/3284/2  2309/3285/2
usemtl Metal Texture
f  2309/3748/3  2305/3749/3  2304/3750/3  2310/3751/3
usemtl Metal Texture
f  2311/3752/4  2307/3753/4  2306/3754/4  2308/3755/4
usemtl Metal Texture
f  2310/3294/5  2304/3295/5  2307/3296/5  2311/3297/5
usemtl Metal Texture
f  2311/3630/6  2308/3631/6  2309/3632/6  2310/3633/6

o entity15_brush2
usemtl Metal Texture
f  2312/3642/48  2313/3643/48  2314/3644/48  2315/3645/48
usemtl Metal Texture
f  2316/3298/49  2314/3299/49  2313/3283/49  2317/3266/49
usemtl Metal Texture
f  2317/3756/3  2313/3757/3  2312/3758/3  2318/3759/3
usemtl Metal Texture
f  2319/3760/4  2315/3761/4  2314/3762/4  2316/3763/4
usemtl Metal Texture
f  2318/3281/50  2312/3296/50  2315/3308/50  2319/3309/50
usemtl Metal Texture
f  2319/3654/51  2316/3655/51  2317/3656/51  2318/3657/51

o entity15_brush3
usemtl Metal Texture
f  2320/3658/1  2321/3618/1  2322/3621/1  2323/3642/1
usemtl Metal Texture
f  2324/3266/2  2322/3283/2  2321/3284/2  2325/3269/2
usemtl Metal Texture
f  2325/3743/3  2321/3750/3  2320/3764/3  2326/3765/3
usemtl Metal Texture
f  2327/3759/4  2323/3758/4  2322/3753/4  2324/3744/4
usemtl Metal Texture
f  2326/3278/5  2320/3295/5  2323/3296/5  2327/3281/5
usemtl Metal Texture
f  2327/3657/6  2324/3630/6  2325/3633/6  2326/3661/6

o entity15_brush4
usemtl Metal Texture
f  2328/3662/1  2329/3663/1  2330/3664/1  2331/3665/1
usemtl Metal Texture
f  2332/3298/2  2330/3312/2  2329/3313/2  2333/3314/2
usemtl Metal Texture
f  2333/3742/3  2329/3766/3  2328/3767/3  2334/3768/3
usemtl Metal Texture
f  2335/3769/4  2331/3770/4  2330/3771/4  2332/3745/4
usemtl Metal Texture
f  2334/3323/5  2328/3324/5  2331/3325/5  2335/3309/5
usemtl Metal Texture
f  2335/3674/6  2332/3675/6  2333/3676/6  2334/3677/6

o entity15_brush5
usemtl Metal Texture
f  2336/3619/1  2337/3678/1  2338/3643/1  2339/3620/1
usemtl Metal Texture
f  2340/3266/2  2338/3283/2  2337/3284/2  2341/3269/2
usemtl Metal Texture
f  2341/3772/3  2337/3773/3  2336/3749/3  2342/3740/3
usemtl Metal Texture
f  2343/3747/4  2339/3754/4  2338/3757/4  2340/3756/4
usemtl Metal Texture
f  2342/3278/5  2336/3295/5  2339/3296/5  2343/3281/5
usemtl Metal Texture
f  2343/3631/6  2340/3656/6  2341/3681/6  2342/3632/6

o entity15_brush6
usemtl Metal Texture
f  2344/3682/1  2345/3683/1  2346/3684/1  2347/3685/1
usemtl Metal Texture
f  2348/3298/2  2346/3312/2  2345/3313/2  2349/3314/2
usemtl Metal Texture
f  2349/3774/3  2345/3775/3  2344/3776/3  2350/3777/3
usemtl Metal Texture
f  2351/3778/4  2347/3779/4  2346/3780/4  2348/3781/4
usemtl Metal Texture
f  2350/3323/5  2344/3324/5  2347/3325/5  2351/3309/5
usemtl Metal Texture
f  2351/3694/6  2348/3695/6  2349/3696/6  2350/3697/6

o entity16_brush0
usemtl Metal Texture
f  2352/3782/1  2353/3783/1  2354/3784/1  2355/3785/1
usemtl Metal Texture
f  2356/3092/2  2354/3093/2  2353/3094/2  2357/3095/2
usemtl Metal Texture
f  2357/3786/3  2353/3787/3  2352/3788/3  2358/3789/3
usemtl Metal Texture
f  2359/3790/4  2355/3791/4  2354/3792/4  2356/3793/4
usemtl Metal Texture
f  2358/3104/5  2352/3105/5  2355/3106/5  2359/3107/5
usemtl Metal Texture
f  2359/3794/6  2356/3795/6  2357/3796/6  2358/3797/6

o entity16_brush1
usemtl Metal Texture
f  2360/3782/1  2361/3783/1  2362/3784/1  2363/3785/1
usemtl Metal Texture
f  2364/3112/2  2362/3113/2  2361/3114/2  2365/3115/2
usemtl Metal Texture
f  2365/3798/3  2361/3799/3  2360/3800/3  2366/3801/3
usemtl Metal Texture
f  2367/3802/4  2363/3803/4  2362/3804/4  2364/3805/4
usemtl Metal Texture
f  2366/3124/5  2360/3125/5  2363/3126/5  2367/3127/5
usemtl Metal Texture
f  2367/3794/6  2364/3795/6  2365/3796/6  2366/3797/6

o entity16_brush2
usemtl Metal Texture
f  2368/3806/48  2369/3807/48  2370/3808/48  2371/3809/48
usemtl Metal Texture
f  2372/3132/49  2370/3133/49  2369/3113/49  2373/3092/49
usemtl Metal Texture
f  2373/3810/3  2369/3811/3  2368/3812/3  2374/3813/3
usemtl Metal Texture
f  2375/3814/4  2371/3815/4  2370/3816/4  2372/3817/4
usemtl Metal Texture
f  2374/3107/50  2368/3126/50  2371/3142/50  2375/3143/50
usemtl Metal Texture
f  2375/3818/51  2372/3819/51  2373/3820/51  2374/3821/51

o entity16_brush3
usemtl Metal Texture
f  2376/3822/1  2377/3782/1  2378/3785/1  2379/3806/1
usemtl Metal Texture
f  2380/3092/2  2378/3113/2  2377/3114/2  2381/3095/2
usemtl Metal Texture
f  2381/3789/3  2377/3800/3  2376/3823/3  2382/3824/3
usemtl Metal Texture
f  2383/3813/4  2379/3812/4  2378/3803/4  2380/3790/4
usemtl Metal Texture
f  2382/3104/5  2376/3125/5  2379/3126/5  2383/3107/5
usemtl Metal Texture
f  2383/3821/6  2380/3794/6  2381/3797/6  2382/3825/6

o entity16_brush4
usemtl Metal Texture
f  2384/3826/1  2385/3827/1  2386/3828/1  2387/3829/1
usemtl Metal Texture
f  2388/3156/2  2386/3157/2  2385/3158/2  2389/3159/2
usemtl Metal Texture
f  2389/3830/3  2385/3831/3  2384/3832/3  2390/3833/3
usemtl Metal Texture
f  2391/3834/4  2387/3835/4  2386/3836/4  2388/3837/4
usemtl Metal Texture
f  2390/3168/5  2384/3169/5  2387/3170/5  2391/3171/5
usemtl Metal Texture
f  2391/3838/6  2388/3839/6  2389/3840/6  2390/3841/6

o entity16_brush5
usemtl Metal Texture
f  2392/3783/1  2393/3842/1  2394/3807/1  2395/3784/1
usemtl Metal Texture
f  2396/3092/2  2394/3113/2  2393/3114/2  2397/3095/2
usemtl Metal Texture
f  2397/3843/3  2393/3844/3  2392/3799/3  2398/3786/3
usemtl Metal Texture
f  2399/3793/4  2395/3804/4  2394/3811/4  2396/3810/4
usemtl Metal Texture
f  2398/3104/5  2392/3125/5  2395/3126/5  2399/3107/5
usemtl Metal Texture
f  2399/3795/6  2396/3820/6  2397/3845/6  2398/3796/6

o entity16_brush6
usemtl Metal Texture
f  2400/3846/1  2401/3847/1  2402/3848/1  2403/3849/1
usemtl Metal Texture
f  2404/3156/2  2402/3157/2  2401/3158/2  2405/3159/2
usemtl Metal Texture
f  2405/3850/3  2401/3851/3  2400/3852/3  2406/3853/3
usemtl Metal Texture
f  2407/3854/4  2403/3855/4  2402/3856/4  2404/3857/4
usemtl Metal Texture
f  2406/3168/5  2400/3169/5  2403/3170/5  2407/3171/5
usemtl Metal Texture
f  2407/3858/6  2404/3859/6  2405/3860/6  2406/3861/6

o entity17_brush0
usemtl Metal Texture
f  2408/3782/1  2409/3783/1  2410/3784/1  2411/3785/1
usemtl Metal Texture
f  2412/3196/2  2410/3197/2  2409/3198/2  2413/3199/2
usemtl Metal Texture
f  2413/3862/3  2409/3863/3  2408/3864/3  2414/3865/3
usemtl Metal Texture
f  2415/3866/4  2411/3867/4  2410/3868/4  2412/3869/4
usemtl Metal Texture
f  2414/3208/5  2408/3209/5  2411/3210/5  2415/3211/5
usemtl Metal Texture
f  2415/3794/6  2412/3795/6  2413/3796/6  2414/3797/6

o entity17_brush1
usemtl Metal Texture
f  2416/3782/1  2417/3783/1  2418/3784/1  2419/3785/1
usemtl Metal Texture
f  2420/3212/2  2418/3213/2  2417/3214/2  2421/3215/2
usemtl Metal Texture
f  2421/3870/3  2417/3871/3  2416/3872/3  2422/3873/3
usemtl Metal Texture
f  2423/3874/4  2419/3875/4  2418/3876/4  2420/3877/4
usemtl Metal Texture
f  2422/3224/5  2416/3225/5  2419/3226/5  2423/3227/5
usemtl Metal Texture
f  2423/3794/6  2420/3795/6  2421/3796/6  2422/3797/6

o entity17_brush2
usemtl Metal Texture
f  2424/3806/48  2425/3807/48  2426/3808/48  2427/3809/48
usemtl Metal Texture
f  2428/3228/49  2426/3229/49  2425/3213/49  2429/3196/49
usemtl Metal Texture
f  2429/3878/3  2425/3879/3  2424/3880/3  2430/3881/3
usemtl Metal Texture
f  2431/3882/4  2427/3883/4  2426/3884/4  2428/3885/4
usemtl Metal Texture
f  2430/3211/50  2424/3226/50  2427/3238/50  2431/3239/50
usemtl Metal Texture
f  2431/3818/51  2428/3819/51  2429/3820/51  2430/3821/51

o entity17_brush3
usemtl Metal Texture
f  2432/3822/1  2433/3782/1  2434/3785/1  2435/3806/1
usemtl Metal Texture
f  2436/3196/2  2434/3213/2  2433/3214/2  2437/3199/2
usemtl Metal Texture
f  2437/3865/3  2433/3872/3  2432/3886/3  2438/3887/3
usemtl Metal Texture
f  2439/3881/4  2435/3880/4  2434/3875/4  2436/3866/4
usemtl Metal Texture
f  2438/3208/5  2432/3225/5  2435/3226/5  2439/3211/5
usemtl Metal Texture
f  2439/3821/6  2436/3794/6  2437/3797/6  2438/3825/6

o entity17_brush4
usemtl Metal Texture
f  2440/3826/1  2441/3827/1  2442/3828/1  2443/3829/1
usemtl Metal Texture
f  2444/3228/2  2442/3242/2  2441/3243/2  2445/3244/2
usemtl Metal Texture
f  2445/3864/3  2441/3888/3  2440/3889/3  2446/3890/3
usemtl Metal Texture
f  2447/3891/4  2443/3892/4  2442/3893/4  2444/3867/4
usemtl Metal Texture
f  2446/3253/5  2440/3254/5  2443/3255/5  2447/3239/5
usemtl Metal Texture
f  2447/3838/6  2444/3839/6  2445/3840/6  2446/3841/6

o entity17_brush5
usemtl Metal Texture
f  2448/3783/1  2449/3842/1  2450/3807/1  2451/3784/1
usemtl Metal Texture
f  2452/3196/2  2450/3213/2  2449/3214/2  2453/3199/2
usemtl Metal Texture
f  2453/3894/3  2449/3895/3  2448/3871/3  2454/3862/3
usemtl Metal Texture
f  2455/3869/4  2451/3876/4  2450/3879/4  2452/3878/4
usemtl Metal Texture
f  2454/3208/5  2448/3225/5  2451/3226/5  2455/3211/5
usemtl Metal Texture
f  2455/3795/6  2452/3820/6  2453/3845/6  2454/3796/6

o entity17_brush6
usemtl Metal Texture
f  2456/3846/1  2457/3847/1  2458/3848/1  2459/3849/1
usemtl Metal Texture
f  2460/3228/2  2458/3242/2  2457/3243/2  2461/3244/2
usemtl Metal Texture
f  2461/3896/3  2457/3897/3  2456/3898/3  2462/3899/3
usemtl Metal Texture
f  2463/3900/4  2459/3901/4  2458/3902/4  2460/3903/4
usemtl Metal Texture
f  2462/3253/5  2456/3254/5  2459/3255/5  2463/3239/5
usemtl Metal Texture
f  2463/3858/6  2460/3859/6  2461/3860/6  2462/3861/6

o entity18_brush0
usemtl Metal Texture
f  2464/3782/1  2465/3783/1  2466/3784/1  2467/3785/1
usemtl Metal Texture
f  2468/3266/2  2466/3267/2  2465/3268/2  2469/3269/2
usemtl Metal Texture
f  2469/3904/3  2465/3905/3  2464/3906/3  2470/3907/3
usemtl Metal Texture
f  2471/3908/4  2467/3909/4  2466/3910/4  2468/3911/4
usemtl Metal Texture
f  2470/3278/5  2464/3279/5  2467/3280/5  2471/3281/5
usemtl Metal Texture
f  2471/3794/6  2468/3795/6  2469/3796/6  2470/3797/6

o entity18_brush1
usemtl Metal Texture
f  2472/3782/1  2473/3783/1  2474/3784/1  2475/3785/1
usemtl Metal Texture
f  2476/3282/2  2474/3283/2  2473/3284/2  2477/3285/2
usemtl Metal Texture
f  2477/3912/3  2473/3913/3  2472/3914/3  2478/3915/3
usemtl Metal Texture
f  2479/3916/4  2475/3917/4  2474/3918/4  2476/3919/4
usemtl Metal Texture
f  2478/3294/5  2472/3295/5  2475/3296/5  2479/3297/5
usemtl Metal Texture
f  2479/3794/6  2476/3795/6  2477/3796/6  2478/3797/6

o entity18_brush2
usemtl Metal Texture
f  2480/3806/48  2481/3807/48  2482/3808/48  2483/3809/48
usemtl Metal Texture
f  2484/3298/49  2482/3299/49  2481/3283/49  2485/3266/49
usemtl Metal Texture
f  2485/3920/3  2481/3921/3  2480/3922/3  2486/3923/3
usemtl Metal Texture
f  2487/3924/4  2483/3925/4  2482/3926/4  2484/3927/4
usemtl Metal Texture
f  2486/3281/50  2480/3296/50  2483/3308/50  2487/3309/50
usemtl Metal Texture
f  2487/3818/51  2484/3819/51  2485/3820/51  2486/3821/51

o entity18_brush3
usemtl Metal Texture
f  2488/3822/1  2489/3782/1  2490/3785/1  2491/3806/1
usemtl Metal Texture
f  2492/3266/2  2490/3283/2  2489/3284/2  2493/3269/2
usemtl Metal Texture
f  2493/3907/3  2489/3914/3  2488/3928/3  2494/3929/3
usemtl Metal Texture
f  2495/3923/4  2491/3922/4  2490/3917/4  2492/3908/4
usemtl Metal Texture
f  2494/3278/5  2488/3295/5  2491/3296/5  2495/3281/5
usemtl Metal Texture
f  2495/3821/6  2492/3794/6  2493/3797/6  2494/3825/6

o entity18_brush4
usemtl Metal Texture
f  2496/3826/1  2497/3827/1  2498/3828/1  2499/3829/1
usemtl Metal Texture
f  2500/3298/2  2498/3312/2  2497/3313/2  2501/3314/2
usemtl Metal Texture
f  2501/3906/3  2497/3930/3  2496/3931/3  2502/3932/3
usemtl Metal Texture
f  2503/3933/4  2499/3934/4  2498/3935/4  2500/3909/4
usemtl Metal Texture
f  2502/3323/5  2496/3324/5  2499/3325/5  2503/3309/5
usemtl Metal Texture
f  2503/3838/6  2500/3839/6  2501/3840/6  2502/3841/6

o entity18_brush5
usemtl Metal Texture
f  2504/3783/1  2505/3842/1  2506/3807/1  2507/3784/1
usemtl Metal Texture
f  2508/3266/2  2506/3283/2  2505/3284/2  2509/3269/2
usemtl Metal Texture
f  2509/3936/3  2505/3937/3  2504/3913/3  2510/3904/3
usemtl Metal Texture
f  2511/3911/4  2507/3918/4  2506/3921/4  2508/3920/4
usemtl Metal Texture
f  2510/3278/5  2504/3295/5  2507/3296/5  2511/3281/5
usemtl Metal Texture
f  2511/3795/6  2508/3820/6  2509/3845/6  2510/3796/6

o entity18_brush6
usemtl Metal Texture
f  2512/3846/1  2513/3847/1  2514/3848/1  2515/3849/1
usemtl Metal Texture
f  2516/3298/2  2514/3312/2  2513/3313/2  2517/3314/2
usemtl Metal Texture
f  2517/3938/3  2513/3939/3  2512/3940/3  2518/3941/3
usemtl Metal Texture
f  2519/3942/4  2515/3943/4  2514/3944/4  2516/3945/4
usemtl Metal Texture
f  2518/3323/5  2512/3324/5  2515/3325/5  2519/3309/5
usemtl Metal Texture
f  2519/3858/6  2516/3859/6  2517/3860/6  2518/3861/6

o entity19_brush0
usemtl Metal Texture
f  2520/3946/1  2521/3947/1  2522/3948/1  2523/3949/1
usemtl Metal Texture
f  2524/3950/2  2522/3951/2  2521/3952/2  2525/3953/2
usemtl Metal Texture
f  2525/3786/3  2521/3787/3  2520/3788/3  2526/3789/3
usemtl Metal Texture
f  2527/3790/4  2523/3791/4  2522/3792/4  2524/3793/4
usemtl Metal Texture
f  2526/3954/5  2520/3955/5  2523/3956/5  2527/3957/5
usemtl Metal Texture
f  2527/3958/6  2524/3959/6  2525/3960/6  2526/3961/6

o entity19_brush1
usemtl Metal Texture
f  2528/3946/1  2529/3947/1  2530/3948/1  2531/3949/1
usemtl Metal Texture
f  2532/3962/2  2530/3963/2  2529/3964/2  2533/3965/2
usemtl Metal Texture
f  2533/3798/3  2529/3799/3  2528/3800/3  2534/3801/3
usemtl Metal Texture
f  2535/3802/4  2531/3803/4  2530/3804/4  2532/3805/4
usemtl Metal Texture
f  2534/3966/5  2528/3967/5  2531/3968/5  2535/3969/5
usemtl Metal Texture
f  2535/3958/6  2532/3959/6  2533/3960/6  2534/3961/6

o entity19_brush2
usemtl Metal Texture
f  2536/3970/48  2537/3971/48  2538/3972/48  2539/3973/48
usemtl Metal Texture
f  2540/3974/49  2538/3975/49  2537/3963/49  2541/3950/49
usemtl Metal Texture
f  2541/3810/3  2537/3811/3  2536/3812/3  2542/3813/3
usemtl Metal Texture
f  2543/3814/4  2539/3815/4  2538/3816/4  2540/3817/4
usemtl Metal Texture
f  2542/3957/50  2536/3968/50  2539/3976/50  2543/3977/50
usemtl Metal Texture
f  2543/3978/51  2540/3979/51  2541/3980/51  2542/3981/51

o entity19_brush3
usemtl Metal Texture
f  2544/3982/1  2545/3946/1  2546/3949/1  2547/3970/1
usemtl Metal Texture
f  2548/3950/2  2546/3963/2  2545/3964/2  2549/3953/2
usemtl Metal Texture
f  2549/3789/3  2545/3800/3  2544/3823/3  2550/3824/3
usemtl Metal Texture
f  2551/3813/4  2547/3812/4  2546/3803/4  2548/3790/4
usemtl Metal Texture
f  2550/3954/5  2544/3967/5  2547/3968/5  2551/3957/5
usemtl Metal Texture
f  2551/3981/6  2548/3958/6  2549/3961/6  2550/3983/6

o entity19_brush4
usemtl Metal Texture
f  2552/3984/1  2553/3985/1  2554/3986/1  2555/3987/1
usemtl Metal Texture
f  2556/3988/2  2554/3989/2  2553/3990/2  2557/3991/2
usemtl Metal Texture
f  2557/3830/3  2553/3831/3  2552/3832/3  2558/3833/3
usemtl Metal Texture
f  2559/3834/4  2555/3835/4  2554/3836/4  2556/3837/4
usemtl Metal Texture
f  2558/3992/5  2552/3993/5  2555/3994/5  2559/3995/5
usemtl Metal Texture
f  2559/3996/6  2556/3997/6  2557/3998/6  2558/3999/6

o entity19_brush5
usemtl Metal Texture
f  2560/3947/1  2561/4000/1  2562/3971/1  2563/3948/1
usemtl Metal Texture
f  2564/3950/2  2562/3963/2  2561/3964/2  2565/3953/2
usemtl Metal Texture
f  2565/3843/3  2561/3844/3  2560/3799/3  2566/3786/3
usemtl Metal Texture
f  2567/3793/4  2563/3804/4  2562/3811/4  2564/3810/4
usemtl Metal Texture
f  2566/3954/5  2560/3967/5  2563/3968/5  2567/3957/5
usemtl Metal Texture
f  2567/3959/6  2564/3980/6  2565/4001/6  2566/3960/6

o entity19_brush6
usemtl Metal Texture
f  2568/4002/1  2569/4003/1  2570/4004/1  2571/4005/1
usemtl Metal Texture
f  2572/3988/2  2570/3989/2  2569/3990/2  2573/3991/2
usemtl Metal Texture
f  2573/3850/3  2569/3851/3  2568/3852/3  2574/3853/3
usemtl Metal Texture
f  2575/3854/4  2571/3855/4  2570/3856/4  2572/3857/4
usemtl Metal Texture
f  2574/3992/5  2568/3993/5  2571/3994/5  2575/3995/5
usemtl Metal Texture
f  2575/4006/6  2572/4007/6  2573/4008/6  2574/4009/6

o entity21_brush0
usemtl Ceiling
f  2576/4010/1  2577/840/1  2578/832/1  2579/4011/1
usemtl Ceiling
f  2580/770/2  2578/771/2  2577/4012/2  2581/332/2
usemtl Ceiling
f  2581/4013/3  2577/4014/3  2576/4015/3  2582/4016/3
usemtl Ceiling
f  2583/4017/4  2579/4018/4  2578/4019/4  2580/4020/4
usemtl Ceiling
f  2582/332/5  2576/4012/5  2579/771/5  2583/770/5
usemtl Ceiling
f  2583/4021/6  2580/821/6  2581/835/6  2582/4022/6

o entity21_brush1
usemtl Ceiling
f  2584/4010/1  2585/840/1  2586/832/1  2587/4011/1
usemtl Ceiling
f  2588/807/2  2586/791/2  2585/843/2  2589/4023/2
usemtl Ceiling
f  2589/2152/3  2585/4024/3  2584/4025/3  2590/2153/3
usemtl Ceiling
f  2591/2154/4  2587/4026/4  2586/4027/4  2588/2155/4
usemtl Ceiling
f  2590/4023/5  2584/843/5  2587/791/5  2591/807/5
usemtl Ceiling
f  2591/4021/6  2588/821/6  2589/835/6  2590/4022/6

o entity21_brush2
usemtl Ceiling
f  2592/690/1  2593/2224/1  2594/2455/1  2595/832/1
usemtl Ceiling
f  2596/783/2  2594/85/2  2593/86/2  2597/2308/2
usemtl Ceiling
f  2597/2319/3  2593/2140/3  2592/2141/3  2598/4019/3
usemtl Ceiling
f  2599/4014/4  2595/2144/4  2594/2145/4  2596/2320/4
usemtl Ceiling
f  2598/2308/5  2592/86/5  2595/85/5  2599/783/5
usemtl Ceiling
f  2599/821/6  2596/2464/6  2597/2232/6  2598/703/6

o entity21_brush3
usemtl Ceiling
f  2600/4028/1  2601/690/1  2602/832/1  2603/4011/1
usemtl Ceiling
f  2604/84/2  2602/770/2  2601/331/2  2605/87/2
usemtl Ceiling
f  2605/4029/3  2601/4013/3  2600/4016/3  2606/4030/3
usemtl Ceiling
f  2607/4031/4  2603/4017/4  2602/4020/4  2604/4032/4
usemtl Ceiling
f  2606/87/5  2600/331/5  2603/770/5  2607/84/5
usemtl Ceiling
f  2607/4021/6  2604/821/6  2605/703/6  2606/4033/6

o entity21_brush4
usemtl Ceiling
f  2608/4034/1  2609/668/1  2610/4035/1  2611/4036/1
usemtl Ceiling
f  2612/4037/2  2610/2456/2  2609/2457/2  2613/670/2
usemtl Ceiling
f  2613/673/3  2609/4038/3  2608/4039/3  2614/4040/3
usemtl Ceiling
f  2615/4041/4  2611/4042/4  2610/4043/4  2612/680/4
usemtl Ceiling
f  2614/683/5  2608/4044/5  2611/4045/5  2615/4046/5
usemtl Ceiling
f  2615/4047/6  2612/4048/6  2613/685/6  2614/721/6

o entity22_brush0
usemtl Metal Texture
f  2616/4049/1  2617/3955/1  2618/3956/1  2619/4050/1
usemtl Metal Texture
f  2620/4051/2  2618/4052/2  2617/4053/2  2621/4054/2
usemtl Metal Texture
f  2621/4055/3  2617/4056/3  2616/4057/3  2622/4058/3
usemtl Metal Texture
f  2623/4059/4  2619/4060/4  2618/4061/4  2620/4062/4
usemtl Metal Texture
f  2622/4063/5  2616/4064/5  2619/4065/5  2623/4066/5
usemtl Metal Texture
f  2623/4067/6  2620/3951/6  2621/3952/6  2622/4068/6

o entity22_brush1
usemtl Metal Texture
f  2624/4049/1  2625/3955/1  2626/3956/1  2627/4050/1
usemtl Metal Texture
f  2628/4069/2  2626/4070/2  2625/4071/2  2629/4072/2
usemtl Metal Texture
f  2629/4073/3  2625/4074/3  2624/4075/3  2630/4076/3
usemtl Metal Texture
f  2631/4077/4  2627/4078/4  2626/4079/4  2628/4080/4
usemtl Metal Texture
f  2630/4081/5  2624/4082/5  2627/4083/5  2631/4084/5
usemtl Metal Texture
f  2631/4067/6  2628/3951/6  2629/3952/6  2630/4068/6

o entity22_brush2
usemtl Metal Texture
f  2632/4085/48  2633/4086/48  2634/4087/48  2635/4088/48
usemtl Metal Texture
f  2636/4089/49  2634/4090/49  2633/4070/49  2637/4051/49
usemtl Metal Texture
f  2637/4091/3  2633/4092/3  2632/4093/3  2638/4094/3
usemtl Metal Texture
f  2639/4095/4  2635/4096/4  2634/4097/4  2636/4098/4
usemtl Metal Texture
f  2638/4066/50  2632/4083/50  2635/4099/50  2639/4100/50
usemtl Metal Texture
f  2639/4101/51  2636/728/51  2637/4102/51  2638/4103/51

o entity22_brush3
usemtl Metal Texture
f  2640/4104/1  2641/4049/1  2642/4050/1  2643/4085/1
usemtl Metal Texture
f  2644/4051/2  2642/4070/2  2641/4071/2  2645/4054/2
usemtl Metal Texture
f  2645/4058/3  2641/4075/3  2640/4105/3  2646/4106/3
usemtl Metal Texture
f  2647/4094/4  2643/4093/4  2642/4078/4  2644/4059/4
usemtl Metal Texture
f  2646/4063/5  2640/4082/5  2643/4083/5  2647/4066/5
usemtl Metal Texture
f  2647/4103/6  2644/4067/6  2645/4068/6  2646/4107/6

o entity22_brush4
usemtl Metal Texture
f  2648/4108/1  2649/4109/1  2650/4110/1  2651/4111/1
usemtl Metal Texture
f  2652/4112/2  2650/4113/2  2649/4114/2  2653/4115/2
usemtl Metal Texture
f  2653/4057/3  2649/4116/3  2648/4117/3  2654/4118/3
usemtl Metal Texture
f  2655/4119/4  2651/4120/4  2650/4121/4  2652/4060/4
usemtl Metal Texture
f  2654/4122/5  2648/4123/5  2651/4124/5  2655/4125/5
usemtl Metal Texture
f  2655/4126/6  2652/4127/6  2653/4128/6  2654/4129/6

o entity22_brush5
usemtl Metal Texture
f  2656/3955/1  2657/4130/1  2658/4086/1  2659/3956/1
usemtl Metal Texture
f  2660/4051/2  2658/4070/2  2657/4071/2  2661/4054/2
usemtl Metal Texture
f  2661/4131/3  2657/4132/3  2656/4074/3  2662/4055/3
usemtl Metal Texture
f  2663/4062/4  2659/4079/4  2658/4092/4  2660/4091/4
usemtl Metal Texture
f  2662/4063/5  2656/4082/5  2659/4083/5  2663/4066/5
usemtl Metal Texture
f  2663/3951/6  2660/4102/6  2661/4133/6  2662/3952/6

o entity22_brush6
usemtl Metal Texture
f  2664/4134/1  2665/4135/1  2666/4136/1  2667/4137/1
usemtl Metal Texture
f  2668/4112/2  2666/4113/2  2665/4114/2  2669/4115/2
usemtl Metal Texture
f  2669/4138/3  2665/4139/3  2664/4140/3  2670/4141/3
usemtl Metal Texture
f  2671/4142/4  2667/4143/4  2666/4144/4  2668/4145/4
usemtl Metal Texture
f  2670/4122/5  2664/4123/5  2667/4124/5  2671/4125/5
usemtl Metal Texture
f  2671/4146/6  2668/4147/6  2669/4148/6  2670/4149/6

o entity23_brush0
usemtl Metal Texture
f  2672/4081/1  2673/4150/1  2674/4151/1  2675/4084/1
usemtl Metal Texture
f  2676/3950/2  2674/3951/2  2673/3952/2  2677/3953/2
usemtl Metal Texture
f  2677/4152/3  2673/4153/3  2672/4154/3  2678/4155/3
usemtl Metal Texture
f  2679/4156/4  2675/4157/4  2674/4158/4  2676/4159/4
usemtl Metal Texture
f  2678/3954/5  2672/3955/5  2675/3956/5  2679/3957/5
usemtl Metal Texture
f  2679/4069/6  2676/4160/6  2677/4161/6  2678/4072/6

o entity23_brush1
usemtl Metal Texture
f  2680/4081/1  2681/4150/1  2682/4151/1  2683/4084/1
usemtl Metal Texture
f  2684/3962/2  2682/3963/2  2681/3964/2  2685/3965/2
usemtl Metal Texture
f  2685/4162/3  2681/4163/3  2680/4164/3  2686/4165/3
usemtl Metal Texture
f  2687/4166/4  2683/4167/4  2682/4168/4  2684/4169/4
usemtl Metal Texture
f  2686/3966/5  2680/3967/5  2683/3968/5  2687/3969/5
usemtl Metal Texture
f  2687/4069/6  2684/4160/6  2685/4161/6  2686/4072/6

o entity23_brush2
usemtl Metal Texture
f  2688/4170/48  2689/4171/48  2690/726/48  2691/4172/48
usemtl Metal Texture
f  2692/3974/49  2690/3975/49  2689/3963/49  2693/3950/49
usemtl Metal Texture
f  2693/4173/3  2689/4174/3  2688/4175/3  2694/4176/3
usemtl Metal Texture
f  2695/4177/4  2691/4178/4  2690/4179/4  2692/4180/4
usemtl Metal Texture
f  2694/3957/50  2688/3968/50  2691/3976/50  2695/3977/50
usemtl Metal Texture
f  2695/4181/51  2692/741/51  2693/4182/51  2694/4183/51

o entity23_brush3
usemtl Metal Texture
f  2696/4184/1  2697/4081/1  2698/4084/1  2699/4170/1
usemtl Metal Texture
f  2700/3950/2  2698/3963/2  2697/3964/2  2701/3953/2
usemtl Metal Texture
f  2701/4155/3  2697/4164/3  2696/4185/3  2702/4186/3
usemtl Metal Texture
f  2703/4176/4  2699/4175/4  2698/4167/4  2700/4156/4
usemtl Metal Texture
f  2702/3954/5  2696/3967/5  2699/3968/5  2703/3957/5
usemtl Metal Texture
f  2703/4183/6  2700/4069/6  2701/4072/6  2702/4187/6

o entity23_brush4
usemtl Metal Texture
f  2704/4188/1  2705/4189/1  2706/4190/1  2707/4191/1
usemtl Metal Texture
f  2708/3988/2  2706/3989/2  2705/3990/2  2709/3991/2
usemtl Metal Texture
f  2709/4192/3  2705/4193/3  2704/4194/3  2710/4195/3
usemtl Metal Texture
f  2711/4196/4  2707/4197/4  2706/4198/4  2708/4199/4
usemtl Metal Texture
f  2710/3992/5  2704/3993/5  2707/3994/5  2711/3995/5
usemtl Metal Texture
f  2711/4200/6  2708/4201/6  2709/4202/6  2710/4203/6

o entity23_brush5
usemtl Metal Texture
f  2712/4150/1  2713/4204/1  2714/4171/1  2715/4151/1
usemtl Metal Texture
f  2716/3950/2  2714/3963/2  2713/3964/2  2717/3953/2
usemtl Metal Texture
f  2717/4205/3  2713/4206/3  2712/4163/3  2718/4152/3
usemtl Metal Texture
f  2719/4159/4  2715/4168/4  2714/4174/4  2716/4173/4
usemtl Metal Texture
f  2718/3954/5  2712/3967/5  2715/3968/5  2719/3957/5
usemtl Metal Texture
f  2719/4160/6  2716/4182/6  2717/4207/6  2718/4161/6

o entity23_brush6
usemtl Metal Texture
f  2720/4148/1  2721/4149/1  2722/4146/1  2723/4147/1
usemtl Metal Texture
f  2724/3988/2  2722/3989/2  2721/3990/2  2725/3991/2
usemtl Metal Texture
f  2725/4208/3  2721/4209/3  2720/4210/3  2726/4211/3
usemtl Metal Texture
f  2727/4212/4  2723/4213/4  2722/4214/4  2724/4215/4
usemtl Metal Texture
f  2726/3992/5  2720/3993/5  2723/3994/5  2727/3995/5
usemtl Metal Texture
f  2727/4136/6  2724/4137/6  2725/4134/6  2726/4135/6

o entity24_brush0
usemtl Metal Texture
f  2728/4049/1  2729/3955/1  2730/3956/1  2731/4050/1
usemtl Metal Texture
f  2732/4216/2  2730/4217/2  2729/4218/2  2733/4219/2
usemtl Metal Texture
f  2733/4220/3  2729/4221/3  2728/4222/3  2734/4223/3
usemtl Metal Texture
f  2735/4224/4  2731/4225/4  2730/4226/4  2732/4227/4
usemtl Metal Texture
f  2734/4228/5  2728/4229/5  2731/4230/5  2735/4231/5
usemtl Metal Texture
f  2735/4067/6  2732/3951/6  2733/3952/6  2734/4068/6

o entity24_brush1
usemtl Metal Texture
f  2736/4049/1  2737/3955/1  2738/3956/1  2739/4050/1
usemtl Metal Texture
f  2740/4232/2  2738/4233/2  2737/4234/2  2741/4235/2
usemtl Metal Texture
f  2741/4236/3  2737/4237/3  2736/4238/3  2742/4239/3
usemtl Metal Texture
f  2743/4240/4  2739/4241/4  2738/4242/4  2740/4243/4
usemtl Metal Texture
f  2742/4244/5  2736/4245/5  2739/4246/5  2743/4247/5
usemtl Metal Texture
f  2743/4067/6  2740/3951/6  2741/3952/6  2742/4068/6

o entity24_brush2
usemtl Metal Texture
f  2744/4085/48  2745/4086/48  2746/4087/48  2747/4088/48
usemtl Metal Texture
f  2748/4248/49  2746/4249/49  2745/4233/49  2749/4216/49
usemtl Metal Texture
f  2749/4250/3  2745/4251/3  2744/815/3  2750/4252/3
usemtl Metal Texture
f  2751/4253/4  2747/4254/4  2746/4255/4  2748/4256/4
usemtl Metal Texture
f  2750/4231/50  2744/4246/50  2747/4257/50  2751/4258/50
usemtl Metal Texture
f  2751/4101/51  2748/728/51  2749/4102/51  2750/4103/51

o entity24_brush3
usemtl Metal Texture
f  2752/4104/1  2753/4049/1  2754/4050/1  2755/4085/1
usemtl Metal Texture
f  2756/4216/2  2754/4233/2  2753/4234/2  2757/4219/2
usemtl Metal Texture
f  2757/4223/3  2753/4238/3  2752/810/3  2758/4259/3
usemtl Metal Texture
f  2759/4252/4  2755/815/4  2754/4241/4  2756/4224/4
usemtl Metal Texture
f  2758/4228/5  2752/4245/5  2755/4246/5  2759/4231/5
usemtl Metal Texture
f  2759/4103/6  2756/4067/6  2757/4068/6  2758/4107/6

o entity24_brush4
usemtl Metal Texture
f  2760/4108/1  2761/4109/1  2762/4110/1  2763/4111/1
usemtl Metal Texture
f  2764/4260/2  2762/4261/2  2761/4262/2  2765/4263/2
usemtl Metal Texture
f  2765/4222/3  2761/4264/3  2760/4265/3  2766/4266/3
usemtl Metal Texture
f  2767/4267/4  2763/4268/4  2762/4269/4  2764/4225/4
usemtl Metal Texture
f  2766/4270/5  2760/4271/5  2763/4272/5  2767/4273/5
usemtl Metal Texture
f  2767/4126/6  2764/4127/6  2765/4128/6  2766/4129/6

o entity24_brush5
usemtl Metal Texture
f  2768/3955/1  2769/4130/1  2770/4086/1  2771/3956/1
usemtl Metal Texture
f  2772/4216/2  2770/4233/2  2769/4234/2  2773/4219/2
usemtl Metal Texture
f  2773/4274/3  2769/4275/3  2768/4237/3  2774/4220/3
usemtl Metal Texture
f  2775/4227/4  2771/4242/4  2770/4251/4  2772/4250/4
usemtl Metal Texture
f  2774/4228/5  2768/4245/5  2771/4246/5  2775/4231/5
usemtl Metal Texture
f  2775/3951/6  2772/4102/6  2773/4133/6  2774/3952/6

o entity24_brush6
usemtl Metal Texture
f  2776/4134/1  2777/4135/1  2778/4136/1  2779/4137/1
usemtl Metal Texture
f  2780/4260/2  2778/4261/2  2777/4262/2  2781/4263/2
usemtl Metal Texture
f  2781/4276/3  2777/4277/3  2776/4278/3  2782/4279/3
usemtl Metal Texture
f  2783/4280/4  2779/4281/4  2778/4282/4  2780/4283/4
usemtl Metal Texture
f  2782/4270/5  2776/4271/5  2779/4272/5  2783/4273/5
usemtl Metal Texture
f  2783/4146/6  2780/4147/6  2781/4148/6  2782/4149/6

o entity25_brush0
usemtl Metal Texture
f  2784/4284/1  2785/1000/1  2786/4285/1  2787/4286/1
usemtl Metal Texture
f  2788/4287/2  2786/4288/2  2785/4289/2  2789/4290/2
usemtl Metal Texture
f  2789/4291/3  2785/4292/3  2784/4293/3  2790/4294/3
usemtl Metal Texture
f  2791/4295/4  2787/4296/4  2786/4297/4  2788/4298/4
usemtl Metal Texture
f  2790/4299/5  2784/4300/5  2787/4301/5  2791/4302/5
usemtl Metal Texture
f  2791/4303/6  2788/4304/6  2789/993/6  2790/4305/6

o entity25_brush1
usemtl Metal Texture
f  2792/4306/1  2793/1175/1  2794/4307/1  2795/4308/1
usemtl Metal Texture
f  2796/4132/2  2794/4309/2  2793/1161/2  2797/4310/2
usemtl Metal Texture
f  2797/4291/3  2793/4292/3  2792/4311/3  2798/4312/3
usemtl Metal Texture
f  2799/4313/4  2795/4314/4  2794/4297/4  2796/4298/4
usemtl Metal Texture
f  2798/4315/5  2792/1172/5  2795/4316/5  2799/4092/5
usemtl Metal Texture
f  2799/4317/6  2796/4318/6  2797/1155/6  2798/4319/6

o entity25_brush2
usemtl Metal Texture
f  2800/4320/1  2801/4321/1  2802/4322/1  2803/4323/1
usemtl Metal Texture
f  2804/4132/2  2802/4309/2  2801/1161/2  2805/4310/2
usemtl Metal Texture
f  2805/4324/3  2801/4325/3  2800/4293/3  2806/4294/3
usemtl Metal Texture
f  2807/4295/4  2803/4296/4  2802/4326/4  2804/4327/4
usemtl Metal Texture
f  2806/4315/5  2800/1172/5  2803/4316/5  2807/4092/5
usemtl Metal Texture
f  2807/4328/6  2804/4329/6  2805/4330/6  2806/4331/6

o entity25_brush3
usemtl Metal Texture
f  2808/4332/1  2809/4333/1  2810/1175/1  2811/4320/1
usemtl Metal Texture
f  2812/4310/2  2810/1161/2  2809/4334/2  2813/4335/2
usemtl Metal Texture
f  2813/4291/3  2809/4292/3  2808/4293/3  2814/4294/3
usemtl Metal Texture
f  2815/4294/4  2811/4293/4  2810/4292/4  2812/4291/4
usemtl Metal Texture
f  2814/4336/5  2808/4337/5  2811/1172/5  2815/4315/5
usemtl Metal Texture
f  2815/4331/6  2812/1155/6  2813/4338/6  2814/4339/6

o entity25_brush4
usemtl Metal Texture
f  2816/4340/1  2817/4341/1  2818/4342/1  2819/4343/1
usemtl Metal Texture
f  2820/4335/2  2818/4334/2  2817/1699/2  2821/1698/2
usemtl Metal Texture
f  2821/4312/3  2817/4311/3  2816/4325/3  2822/4324/3
usemtl Metal Texture
f  2823/4327/4  2819/4326/4  2818/4314/4  2820/4313/4
usemtl Metal Texture
f  2822/1713/5  2816/1712/5  2819/4337/5  2823/4336/5
usemtl Metal Texture
f  2823/4344/6  2820/4345/6  2821/4346/6  2822/4347/6

o entity25_brush5
usemtl Metal Texture
f  2824/4348/1  2825/4349/1  2826/4350/1  2827/4351/1
usemtl Metal Texture
f  2828/4132/2  2826/4309/2  2825/1161/2  2829/4310/2
usemtl Metal Texture
f  2829/4352/3  2825/4353/3  2824/4354/3  2830/4355/3
usemtl Metal Texture
f  2831/4356/4  2827/4357/4  2826/4358/4  2828/4359/4
usemtl Metal Texture
f  2830/4315/5  2824/1172/5  2827/4316/5  2831/4092/5
usemtl Metal Texture
f  2831/4360/6  2828/4361/6  2829/4362/6  2830/4363/6

o entity26_brush0
usemtl Metal Texture
f  2832/4306/1  2833/1175/1  2834/4307/1  2835/4308/1
usemtl Metal Texture
f  2836/4316/2  2834/4092/2  2833/4315/2  2837/1172/2
usemtl Metal Texture
f  2837/4326/3  2833/4327/3  2832/4295/3  2838/4296/3
usemtl Metal Texture
f  2839/4293/4  2835/4294/4  2834/4324/4  2836/4325/4
usemtl Metal Texture
f  2838/1161/5  2832/4310/5  2835/4132/5  2839/4309/5
usemtl Metal Texture
f  2839/4317/6  2836/4318/6  2837/1155/6  2838/4319/6

o entity26_brush1
usemtl Metal Texture
f  2840/4364/1  2841/4365/1  2842/4366/1  2843/4367/1
usemtl Metal Texture
f  2844/4301/2  2842/4302/2  2841/4299/2  2845/4300/2
usemtl Metal Texture
f  2845/4297/3  2841/4298/3  2840/4295/3  2846/4296/3
usemtl Metal Texture
f  2847/4293/4  2843/4294/4  2842/4291/4  2844/4292/4
usemtl Metal Texture
f  2846/4289/5  2840/4290/5  2843/4287/5  2847/4288/5
usemtl Metal Texture
f  2847/4368/6  2844/4369/6  2845/4370/6  2846/4371/6

o entity26_brush2
usemtl Metal Texture
f  2848/4372/1  2849/1176/1  2850/4373/1  2851/4374/1
usemtl Metal Texture
f  2852/4316/2  2850/4092/2  2849/4315/2  2853/1172/2
usemtl Metal Texture
f  2853/4297/3  2849/4298/3  2848/4313/3  2854/4314/3
usemtl Metal Texture
f  2855/4311/4  2851/4312/4  2850/4291/4  2852/4292/4
usemtl Metal Texture
f  2854/1161/5  2848/4310/5  2851/4132/5  2855/4309/5
usemtl Metal Texture
f  2855/4375/6  2852/4376/6  2853/1156/6  2854/4377/6

o entity26_brush3
usemtl Metal Texture
f  2856/4342/1  2857/4378/1  2858/1176/1  2859/4306/1
usemtl Metal Texture
f  2860/1172/2  2858/4315/2  2857/4336/2  2861/4337/2
usemtl Metal Texture
f  2861/4297/3  2857/4298/3  2856/4295/3  2862/4296/3
usemtl Metal Texture
f  2863/4296/4  2859/4295/4  2858/4298/4  2860/4297/4
usemtl Metal Texture
f  2862/4334/5  2856/4335/5  2859/4310/5  2863/1161/5
usemtl Metal Texture
f  2863/4319/6  2860/1156/6  2861/4379/6  2862/4345/6

o entity26_brush4
usemtl Metal Texture
f  2864/863/1  2865/4380/1  2866/4381/1  2867/4333/1
usemtl Metal Texture
f  2868/4337/2  2866/4336/2  2865/1713/2  2869/1712/2
usemtl Metal Texture
f  2869/4314/3  2865/4313/3  2864/4327/3  2870/4326/3
usemtl Metal Texture
f  2871/4325/4  2867/4324/4  2866/4312/4  2868/4311/4
usemtl Metal Texture
f  2870/1699/5  2864/1698/5  2867/4335/5  2871/4334/5
usemtl Metal Texture
f  2871/4338/6  2868/4382/6  2869/4383/6  2870/854/6

o entity26_brush5
usemtl Metal Texture
f  2872/4348/1  2873/4349/1  2874/4350/1  2875/4351/1
usemtl Metal Texture
f  2876/4316/2  2874/4092/2  2873/4315/2  2877/1172/2
usemtl Metal Texture
f  2877/4358/3  2873/4359/3  2872/4356/3  2878/4357/3
usemtl Metal Texture
f  2879/4354/4  2875/4355/4  2874/4352/4  2876/4353/4
usemtl Metal Texture
f  2878/1161/5  2872/4310/5  2875/4132/5  2879/4309/5
usemtl Metal Texture
f  2879/4360/6  2876/4361/6  2877/4362/6  2878/4363/6

o entity27_brush0
usemtl Wooden Texture
f  2880/1237/1  2881/903/1  2882/4384/1  2883/4385/1
usemtl Wooden Texture
f  2884/700/2  2882/2141/2  2881/4386/2  2885/61/2
usemtl Wooden Texture
f  2885/4387/3  2881/4388/3  2880/4389/3  2886/4390/3
usemtl Wooden Texture
f  2887/4391/4  2883/4392/4  2882/4393/4  2884/4394/4
usemtl Wooden Texture
f  2886/74/5  2880/4395/5  2883/2144/5  2887/697/5
usemtl Wooden Texture
f  2887/4396/6  2884/4397/6  2885/921/6  2886/1260/6

o entity27_brush1
usemtl Metal Texture
f  2888/4398/1  2889/4399/1  2890/4400/1  2891/4401/1
usemtl Conveyer Belt
f  2892/4402/2  2890/4403/2  2889/4404/2  2893/4405/2
usemtl __TB_empty
f  2893/4406/3  2889/4407/3  2888/4408/3  2894/4409/3
usemtl Conveyer Belt
f  2895/4410/4  2891/4411/4  2890/4412/4  2892/4413/4
usemtl Conveyer Belt
f  2894/4414/5  2888/4415/5  2891/4416/5  2895/4417/5
usemtl Metal Texture
f  2895/4418/6  2892/4419/6  2893/4420/6  2894/4421/6

o entity27_brush2
usemtl Wooden Texture
f  2896/1237/1  2897/1262/1  2898/4399/1  2899/4398/1
usemtl Wooden Texture
f  2900/4422/2  2898/1172/2  2897/1712/2  2901/4386/2
usemtl __TB_empty
f  2901/4423/3  2897/4424/3  2896/4425/3  2902/4426/3
usemtl __TB_empty
f  2903/4409/4  2899/4408/4  2898/4407/4  2900/4406/4
usemtl Wooden Texture
f  2902/4395/5  2896/1699/5  2899/1161/5  2903/4427/5
usemtl Wooden Texture
f  2903/4421/6  2900/4420/6  2901/1282/6  2902/1260/6

o entity28_brush0
usemtl Wooden Texture
f  2904/1237/1  2905/903/1  2906/4384/1  2907/4385/1
usemtl Wooden Texture
f  2908/1123/2  2906/4428/2  2905/4429/2  2909/4430/2
usemtl Wooden Texture
f  2909/4431/3  2905/4432/3  2904/4433/3  2910/4434/3
usemtl Wooden Texture
f  2911/4435/4  2907/4436/4  2906/4437/4  2908/4438/4
usemtl Wooden Texture
f  2910/4439/5  2904/4440/5  2907/4441/5  2911/1126/5
usemtl Wooden Texture
f  2911/4396/6  2908/4397/6  2909/921/6  2910/1260/6

o entity28_brush1
usemtl Metal Texture
f  2912/4398/1  2913/4399/1  2914/4400/1  2915/4401/1
usemtl Conveyer Belt
f  2916/4442/2  2914/4443/2  2913/4444/2  2917/4445/2
usemtl __TB_empty
f  2917/4446/3  2913/4447/3  2912/4448/3  2918/4449/3
usemtl Conveyer Belt
f  2919/4450/4  2915/4451/4  2914/4452/4  2916/4453/4
usemtl Conveyer Belt
f  2918/4454/5  2912/4455/5  2915/4456/5  2919/4457/5
usemtl Metal Texture
f  2919/4418/6  2916/4419/6  2917/4420/6  2918/4421/6

o entity28_brush2
usemtl Wooden Texture
f  2920/1237/1  2921/1262/1  2922/4399/1  2923/4398/1
usemtl Wooden Texture
f  2924/4458/2  2922/1161/2  2921/1699/2  2925/4429/2
usemtl __TB_empty
f  2925/4459/3  2921/4460/3  2920/4461/3  2926/4462/3
usemtl __TB_empty
f  2927/4449/4  2923/4448/4  2922/4447/4  2924/4446/4
usemtl Wooden Texture
f  2926/4440/5  2920/1712/5  2923/1172/5  2927/4463/5
usemtl Wooden Texture
f  2927/4421/6  2924/4420/6  2925/1282/6  2926/1260/6

o entity29_brush0
usemtl Wooden Texture
f  2928/1260/1  2929/921/1  2930/4397/1  2931/4396/1
usemtl Wooden Texture
f  2932/1153/2  2930/4464/2  2929/1277/2  2933/1048/2
usemtl Wooden Texture
f  2933/4465/3  2929/4466/3  2928/4467/3  2934/4468/3
usemtl Wooden Texture
f  2935/4469/4  2931/4470/4  2930/4471/4  2932/4472/4
usemtl Wooden Texture
f  2934/1043/5  2928/1268/5  2931/4473/5  2935/1148/5
usemtl Wooden Texture
f  2935/4385/6  2932/4384/6  2933/903/6  2934/1237/6

o entity29_brush1
usemtl Metal Texture
f  2936/4421/1  2937/4420/1  2938/4419/1  2939/4418/1
usemtl Conveyer Belt
f  2940/4474/2  2938/4475/2  2937/4476/2  2941/4477/2
usemtl __TB_empty
f  2941/4478/3  2937/4479/3  2936/4480/3  2942/4481/3
usemtl Conveyer Belt
f  2943/4482/4  2939/4483/4  2938/4484/4  2940/4485/4
usemtl Conveyer Belt
f  2942/4486/5  2936/4487/5  2939/4488/5  2943/4489/5
usemtl Metal Texture
f  2943/4401/6  2940/4400/6  2941/4399/6  2942/4398/6

o entity29_brush2
usemtl Wooden Texture
f  2944/1260/1  2945/1282/1  2946/4420/1  2947/4421/1
usemtl Wooden Texture
f  2948/4490/2  2946/4491/2  2945/1048/2  2949/4492/2
usemtl __TB_empty
f  2949/4493/3  2945/4494/3  2944/4495/3  2950/4496/3
usemtl __TB_empty
f  2951/4481/4  2947/4480/4  2946/4479/4  2948/4478/4
usemtl Wooden Texture
f  2950/4497/5  2944/1043/5  2947/4498/5  2951/4499/5
usemtl Wooden Texture
f  2951/4398/6  2948/4399/6  2949/1262/6  2950/1237/6

o entity30_brush0
usemtl Wooden Texture
f  2952/1237/1  2953/903/1  2954/4384/1  2955/4385/1
usemtl Wooden Texture
f  2956/4500/2  2954/4501/2  2953/4502/2  2957/854/2
usemtl Wooden Texture
f  2957/4503/3  2953/4504/3  2952/4505/3  2958/4506/3
usemtl Wooden Texture
f  2959/4507/4  2955/4508/4  2954/4509/4  2956/4510/4
usemtl Wooden Texture
f  2958/863/5  2952/4511/5  2955/4512/5  2959/4513/5
usemtl Wooden Texture
f  2959/4396/6  2956/4397/6  2957/921/6  2958/1260/6

o entity30_brush1
usemtl Metal Texture
f  2960/4398/1  2961/4399/1  2962/4400/1  2963/4401/1
usemtl Conveyer Belt
f  2964/4514/2  2962/4515/2  2961/4516/2  2965/4517/2
usemtl __TB_empty
f  2965/4518/3  2961/4519/3  2960/4520/3  2966/4521/3
usemtl Conveyer Belt
f  2967/4522/4  2963/4523/4  2962/4524/4  2964/4525/4
usemtl Conveyer Belt
f  2966/4526/5  2960/4527/5  2963/4528/5  2967/4529/5
usemtl Metal Texture
f  2967/4418/6  2964/4419/6  2965/4420/6  2966/4421/6

o entity30_brush2
usemtl Wooden Texture
f  2968/1237/1  2969/1262/1  2970/4399/1  2971/4398/1
usemtl Wooden Texture
f  2972/4530/2  2970/4531/2  2969/2117/2  2973/4502/2
usemtl __TB_empty
f  2973/4532/3  2969/4533/3  2968/4534/3  2974/4535/3
usemtl __TB_empty
f  2975/4521/4  2971/4520/4  2970/4519/4  2972/4518/4
usemtl Wooden Texture
f  2974/4511/5  2968/2114/5  2971/4536/5  2975/4537/5
usemtl Wooden Texture
f  2975/4421/6  2972/4420/6  2973/1282/6  2974/1260/6

o entity31_brush0
usemtl black
f  2976/4538/1  2977/4539/1  2978/4540/1  2979/933/1
usemtl black
f  2980/968/2  2978/1565/2  2977/1398/2  2981/1564/2
usemtl black
f  2981/4541/3  2977/4542/3  2976/4543/3  2982/4544/3
usemtl black
f  2983/4545/4  2979/4546/4  2978/4547/4  2980/4548/4
usemtl black
f  2982/1561/5  2976/1385/5  2979/1560/5  2983/959/5
usemtl black
f  2983/954/6  2980/4549/6  2981/4550/6  2982/4551/6

o entity31_brush1
usemtl Wooden Texture
f  2984/1459/1  2985/4384/1  2986/4552/1  2987/4553/1
usemtl Wooden Texture
f  2988/1536/2  2986/1535/2  2985/1534/2  2989/1533/2
usemtl Wooden Texture
f  2989/4554/3  2985/1227/3  2984/4555/3  2990/4556/3
usemtl Wooden Texture
f  2991/4557/52  2987/4558/52  2986/1232/52  2988/4559/52
usemtl Wooden Texture
f  2990/1532/5  2984/1531/5  2987/1530/5  2991/1529/5
usemtl Wooden Texture
f  2991/1477/6  2988/4560/6  2989/4397/6  2990/1478/6

o entity31_brush2
usemtl Wooden Texture
f  2992/1481/1  2993/4561/1  2994/4562/1  2995/4563/1
usemtl Wooden Texture
f  2996/1520/2  2994/1519/2  2993/1518/2  2997/1517/2
usemtl Wooden Texture
f  2997/4554/3  2993/1227/3  2992/4555/3  2998/4556/3
usemtl Wooden Texture
f  2999/4557/52  2995/4558/52  2994/1232/52  2996/4559/52
usemtl Wooden Texture
f  2998/1508/5  2992/1507/5  2995/1506/5  2999/1505/5
usemtl Wooden Texture
f  2999/1493/6  2996/4564/6  2997/4565/6  2998/1494/6

o entity31_brush3
usemtl Wooden Texture
f  3000/1436/1  3001/903/1  3002/4566/1  3003/1437/1
usemtl Wooden Texture
f  3004/1554/2  3002/1439/2  3001/1441/2  3005/1553/2
usemtl Wooden Texture
f  3005/4554/3  3001/4567/3  3000/4568/3  3006/4569/3
usemtl Wooden Texture
f  3007/4570/4  3003/4571/4  3002/4572/4  3004/4559/4
usemtl Wooden Texture
f  3006/1546/5  3000/1450/5  3003/1452/5  3007/1545/5
usemtl Wooden Texture
f  3007/1454/6  3004/4573/6  3005/921/6  3006/1455/6

o entity31_brush4
usemtl black
f  3008/933/1  3009/4540/1  3010/4574/1  3011/934/1
usemtl black
f  3012/969/2  3010/936/2  3009/939/2  3013/968/2
usemtl black
f  3013/4541/3  3009/4575/3  3008/4576/3  3014/4544/3
usemtl black
f  3015/4545/4  3011/4577/4  3010/4578/4  3012/4548/4
usemtl black
f  3014/959/5  3008/948/5  3011/951/5  3015/958/5
usemtl black
f  3015/953/6  3012/4579/6  3013/4549/6  3014/954/6

o entity31_brush5
usemtl black
f  3016/4580/1  3017/4581/1  3018/4539/1  3019/4538/1
usemtl black
f  3020/1564/2  3018/1398/2  3017/1395/2  3021/1407/2
usemtl black
f  3021/4541/3  3017/4542/3  3016/4543/3  3022/4544/3
usemtl black
f  3023/4545/4  3019/4546/4  3018/4547/4  3020/4548/4
usemtl black
f  3022/1416/5  3016/1388/5  3019/1385/5  3023/1561/5
usemtl black
f  3023/4551/6  3020/4550/6  3021/4582/6  3022/4583/6

o entity31_brush6
usemtl black
f  3024/4580/1  3025/1421/1  3026/1422/1  3027/4538/1
usemtl black
f  3028/1398/2  3026/1397/2  3025/1396/2  3029/1395/2
usemtl black
f  3029/4584/3  3025/4585/3  3024/4576/3  3030/4543/3
usemtl black
f  3031/4546/4  3027/4577/4  3026/4586/4  3028/4587/4
usemtl black
f  3030/1388/5  3024/1387/5  3027/1386/5  3031/1385/5
usemtl black
f  3031/4551/6  3028/1433/6  3029/1434/6  3030/4583/6

o entity32_brush0
usemtl Wooden Texture
f  3032/4588/53  3033/4589/53  3034/4590/53  3035/4591/53
usemtl Wooden Texture
f  3036/4592/54  3034/4593/54  3033/4594/54  3037/4595/54
usemtl Wooden Texture
f  3037/4596/2  3033/4597/2  3032/4598/2  3038/4599/2
usemtl Wooden Texture
f  3039/4600/5  3035/4601/5  3034/4602/5  3036/4603/5
usemtl Wooden Texture
f  3038/4604/55  3032/4605/55  3035/4606/55  3039/4607/55
usemtl Wooden Texture
f  3039/4608/56  3036/4609/56  3037/4610/56  3038/4611/56

o entity32_brush1
usemtl Wooden Texture
f  3040/4612/57  3041/4613/57  3042/4614/57  3043/4615/57
usemtl Wooden Texture
f  3044/4616/53  3042/4617/53  3041/4618/53  3045/4619/53
usemtl Wooden Texture
f  3046/4620/2  3043/4621/2  3042/4622/2  3044/4623/2
usemtl Wooden Texture
f  3045/4624/5  3041/4625/5  3040/4626/5  3047/4627/5
usemtl Wooden Texture
f  3047/4628/58  3040/4629/58  3043/4630/58  3046/4631/58
usemtl Wooden Texture
f  3045/4632/55  3047/4633/55  3046/4634/55  3044/4635/55

o entity32_brush2
usemtl Wooden Texture
f  3048/4636/53  3049/4637/53  3050/4638/53  3051/4639/53
usemtl Wooden Texture
f  3052/4592/54  3050/4593/54  3049/4594/54  3053/4595/54
usemtl Wooden Texture
f  3053/4640/2  3049/4641/2  3048/4642/2  3054/4643/2
usemtl Wooden Texture
f  3055/4644/5  3051/4645/5  3050/4646/5  3052/4647/5
usemtl Wooden Texture
f  3054/4604/55  3048/4605/55  3051/4606/55  3055/4607/55
usemtl Wooden Texture
f  3055/4648/56  3052/4649/56  3053/4650/56  3054/4651/56

o entity32_brush3
usemtl Wooden Texture
f  3056/4652/57  3057/4613/57  3058/4614/57  3059/4653/57
usemtl Wooden Texture
f  3060/4654/53  3058/4617/53  3057/4618/53  3061/4655/53
usemtl Wooden Texture
f  3062/4656/2  3059/4657/2  3058/4658/2  3060/4659/2
usemtl Wooden Texture
f  3061/4660/5  3057/4625/5  3056/4661/5  3063/4662/5
usemtl Wooden Texture
f  3063/4663/58  3056/4629/58  3059/4630/58  3062/4664/58
usemtl Wooden Texture
f  3061/4632/55  3063/4665/55  3062/4666/55  3060/4635/55

o entity32_brush4
usemtl Wooden Texture
f  3064/4636/53  3065/4667/53  3066/4668/53  3067/4639/53
usemtl Wooden Texture
f  3068/4592/54  3066/4669/54  3065/4670/54  3069/4595/54
usemtl Wooden Texture
f  3069/4671/2  3065/4672/2  3064/4673/2  3070/4674/2
usemtl Wooden Texture
f  3071/4644/5  3067/4675/5  3066/4676/5  3068/4677/5
usemtl Wooden Texture
f  3070/4604/55  3064/4678/55  3067/4679/55  3071/4607/55
usemtl Wooden Texture
f  3071/4648/56  3068/4680/56  3069/4681/56  3070/4651/56

o entity33_brush0
usemtl Wooden Texture
f  3072/4682/53  3073/4683/53  3074/4684/53  3075/4685/53
usemtl Wooden Texture
f  3076/4686/54  3074/4687/54  3073/4688/54  3077/4689/54
usemtl Wooden Texture
f  3077/4690/2  3073/4691/2  3072/4692/2  3078/4693/2
usemtl Wooden Texture
f  3079/4694/5  3075/4695/5  3074/4696/5  3076/4697/5
usemtl Wooden Texture
f  3078/4698/55  3072/4699/55  3075/4700/55  3079/4701/55
usemtl Wooden Texture
f  3079/4702/56  3076/4703/56  3077/4704/56  3078/4705/56

o entity33_brush1
usemtl Wooden Texture
f  3080/4706/57  3081/4707/57  3082/4708/57  3083/4709/57
usemtl Wooden Texture
f  3084/4710/53  3082/4711/53  3081/4712/53  3085/4713/53
usemtl Wooden Texture
f  3086/4714/2  3083/4715/2  3082/4716/2  3084/4717/2
usemtl Wooden Texture
f  3085/4718/5  3081/4719/5  3080/4720/5  3087/4721/5
usemtl Wooden Texture
f  3087/4722/58  3080/4723/58  3083/4724/58  3086/4725/58
usemtl Wooden Texture
f  3085/4726/55  3087/4727/55  3086/4728/55  3084/4729/55

o entity33_brush2
usemtl Wooden Texture
f  3088/4730/53  3089/4683/53  3090/4684/53  3091/4731/53
usemtl Wooden Texture
f  3092/4686/54  3090/4687/54  3089/4688/54  3093/4689/54
usemtl Wooden Texture
f  3093/4732/2  3089/4733/2  3088/4734/2  3094/4735/2
usemtl Wooden Texture
f  3095/4736/5  3091/4737/5  3090/4696/5  3092/4697/5
usemtl Wooden Texture
f  3094/4698/55  3088/4699/55  3091/4700/55  3095/4701/55
usemtl Wooden Texture
f  3095/4738/56  3092/4703/56  3093/4704/56  3094/4739/56

o entity33_brush3
usemtl Wooden Texture
f  3096/4740/57  3097/4741/57  3098/4742/57  3099/4743/57
usemtl Wooden Texture
f  3100/4744/53  3098/4711/53  3097/4712/53  3101/4745/53
usemtl Wooden Texture
f  3102/4746/2  3099/4747/2  3098/4748/2  3100/4749/2
usemtl Wooden Texture
f  3101/4750/5  3097/4751/5  3096/4752/5  3103/4753/5
usemtl Wooden Texture
f  3103/4754/58  3096/4723/58  3099/4724/58  3102/4755/58
usemtl Wooden Texture
f  3101/4756/55  3103/4757/55  3102/4758/55  3100/4759/55

o entity33_brush4
usemtl Wooden Texture
f  3104/4682/53  3105/4760/53  3106/4761/53  3107/4685/53
usemtl Wooden Texture
f  3108/4686/54  3106/4762/54  3105/4763/54  3109/4689/54
usemtl Wooden Texture
f  3109/4764/2  3105/4765/2  3104/4766/2  3110/4767/2
usemtl Wooden Texture
f  3111/4694/5  3107/4768/5  3106/4769/5  3108/4770/5
usemtl Wooden Texture
f  3110/4698/55  3104/4771/55  3107/4772/55  3111/4701/55
usemtl Wooden Texture
f  3111/4702/56  3108/4773/56  3109/4774/56  3110/4705/56

o entity34_brush0
usemtl Metal Texture
f  3112/4775/1  3113/4776/1  3114/4777/1  3115/4778/1
usemtl Metal Texture
f  3115/4779/23  3114/4780/23  3116/4781/23  3117/4782/23
usemtl Metal Texture
f  3118/4783/37  3113/4784/37  3112/4785/37  3119/4786/37
usemtl Metal Texture
f  3120/4787/2  3117/4788/2  3116/4789/2  3121/4790/2
usemtl Metal Texture
f  3122/4791/3  3121/4792/3  3116/4793/3  3114/4794/3  3113/4795/3  3118/4796/3  3123/4797/3  3124/4798/3
usemtl Metal Texture
f  3125/4799/4  3126/4800/4  3119/4801/4  3112/4802/4  3115/4803/4  3117/4804/4  3120/4805/4  3127/4806/4
usemtl Metal Texture
f  3123/4807/5  3118/4808/5  3119/4809/5  3126/4810/5
usemtl Metal Texture
f  3127/4811/13  3120/4812/13  3121/4813/13  3122/4814/13
usemtl Metal Texture
f  3124/4815/14  3123/4816/14  3126/4817/14  3125/4818/14
usemtl Metal Texture
f  3127/4819/6  3122/4820/6  3124/4821/6  3125/4822/6

o entity34_brush1
usemtl Metal Texture
f  3128/4823/1  3129/4824/1  3130/4825/1  3131/4826/1
usemtl Metal Texture
f  3132/4827/2  3130/4828/2  3129/4829/2  3133/4830/2
usemtl Metal Texture
f  3133/4831/3  3129/4832/3  3128/4833/3  3134/4834/3
usemtl Metal Texture
f  3135/4835/4  3131/4836/4  3130/4837/4  3132/4838/4
usemtl Metal Texture
f  3134/4839/5  3128/4840/5  3131/4841/5  3135/4842/5
usemtl Metal Texture
f  3135/4843/6  3132/4844/6  3133/4845/6  3134/4846/6

o entity34_brush2
usemtl Metal Texture
f  3136/4847/1  3137/4848/1  3138/4849/1  3139/4850/1
usemtl Metal Texture
f  3140/4851/2  3138/4852/2  3137/4853/2  3141/4854/2
usemtl Metal Texture
f  3141/4831/3  3137/4832/3  3136/4833/3  3142/4834/3
usemtl Metal Texture
f  3143/4835/4  3139/4836/4  3138/4837/4  3140/4838/4
usemtl Metal Texture
f  3142/4855/5  3136/4856/5  3139/4857/5  3143/4858/5
usemtl Metal Texture
f  3143/4859/6  3140/4860/6  3141/4861/6  3142/4862/6

o entity34_brush3
usemtl Metal Texture
f  3144/4775/1  3145/4776/1  3146/4777/1  3147/4778/1
usemtl Metal Texture
f  3147/4863/23  3146/4864/23  3148/4865/23  3149/4866/23
usemtl Metal Texture
f  3150/4867/37  3145/4868/37  3144/4869/37  3151/4870/37
usemtl Metal Texture
f  3152/4871/2  3149/4872/2  3148/4873/2  3153/4874/2
usemtl Metal Texture
f  3154/4875/3  3153/4876/3  3148/4877/3  3146/4878/3  3145/4879/3  3150/4880/3  3155/4881/3  3156/4882/3
usemtl Metal Texture
f  3157/4883/4  3158/4884/4  3151/4885/4  3144/4886/4  3147/4887/4  3149/4888/4  3152/4889/4  3159/4890/4
usemtl Metal Texture
f  3155/4891/5  3150/4892/5  3151/4893/5  3158/4894/5
usemtl Metal Texture
f  3159/4895/13  3152/4896/13  3153/4897/13  3154/4898/13
usemtl Metal Texture
f  3156/4899/14  3155/4900/14  3158/4901/14  3157/4902/14
usemtl Metal Texture
f  3159/4819/6  3154/4820/6  3156/4821/6  3157/4822/6

o entity34_brush4
usemtl Metal Texture
f  3160/4903/1  3161/4904/1  3162/4905/1  3163/4906/1
usemtl Metal Texture
f  3164/4907/2  3162/4908/2  3161/4909/2  3165/4910/2
usemtl Metal Texture
f  3165/4831/3  3161/4832/3  3160/4833/3  3166/4834/3
usemtl Metal Texture
f  3167/4835/4  3163/4836/4  3162/4837/4  3164/4838/4
usemtl Metal Texture
f  3166/4911/5  3160/4912/5  3163/4913/5  3167/4914/5
usemtl Metal Texture
f  3167/4915/6  3164/4916/6  3165/4917/6  3166/4918/6

o entity34_brush5
usemtl Metal Texture
f  3168/4919/1  3169/4920/1  3170/4921/1  3171/4922/1
usemtl Metal Texture
f  3172/4923/2  3170/4924/2  3169/4925/2  3173/4926/2
usemtl Metal Texture
f  3173/4831/3  3169/4832/3  3168/4833/3  3174/4834/3
usemtl Metal Texture
f  3175/4835/4  3171/4836/4  3170/4837/4  3172/4838/4
usemtl Metal Texture
f  3174/4927/5  3168/4928/5  3171/4929/5  3175/4930/5
usemtl Metal Texture
f  3175/4931/6  3172/4932/6  3173/4933/6  3174/4934/6

o entity34_brush6
usemtl Metal Texture
f  3176/4935/1  3177/4936/1  3178/4937/1  3179/4938/1
usemtl Metal Texture
f  3179/4939/23  3178/4940/23  3180/4941/23  3181/4942/23
usemtl Metal Texture
f  3182/4943/37  3177/4944/37  3176/4945/37  3183/4946/37
usemtl Metal Texture
f  3184/4871/2  3181/4872/2  3180/4873/2  3185/4874/2
usemtl Metal Texture
f  3186/4947/3  3185/4948/3  3180/4949/3  3178/4950/3  3177/4951/3  3182/4952/3  3187/4953/3  3188/4954/3
usemtl Metal Texture
f  3189/4955/4  3190/4956/4  3183/4957/4  3176/4958/4  3179/4959/4  3181/4960/4  3184/4961/4  3191/4962/4
usemtl Metal Texture
f  3187/4891/5  3182/4892/5  3183/4893/5  3190/4894/5
usemtl Metal Texture
f  3191/4963/13  3184/4964/13  3185/4965/13  3186/4966/13
usemtl Metal Texture
f  3188/4967/14  3187/4968/14  3190/4969/14  3189/4970/14
usemtl Metal Texture
f  3191/4971/6  3186/4972/6  3188/4973/6  3189/4974/6

o entity34_brush7
usemtl Metal Texture
f  3192/4935/1  3193/4936/1  3194/4937/1  3195/4938/1
usemtl Metal Texture
f  3195/4975/23  3194/4976/23  3196/4977/23  3197/4978/23
usemtl Metal Texture
f  3198/4979/37  3193/4980/37  3192/4981/37  3199/4982/37
usemtl Metal Texture
f  3200/4787/2  3197/4788/2  3196/4789/2  3201/4790/2
usemtl Metal Texture
f  3202/4983/3  3201/4984/3  3196/4985/3  3194/4986/3  3193/4987/3  3198/4988/3  3203/4989/3  3204/4990/3
usemtl Metal Texture
f  3205/4991/4  3206/4992/4  3199/4993/4  3192/4994/4  3195/4995/4  3197/4996/4  3200/4997/4  3207/4998/4
usemtl Metal Texture
f  3203/4807/5  3198/4808/5  3199/4809/5  3206/4810/5
usemtl Metal Texture
f  3207/4999/13  3200/5000/13  3201/5001/13  3202/5002/13
usemtl Metal Texture
f  3204/5003/14  3203/5004/14  3206/5005/14  3205/5006/14
usemtl Metal Texture
f  3207/4971/6  3202/4972/6  3204/4973/6  3205/4974/6

o entity35_brush0
usemtl Metal Texture
f  3208/5007/1  3209/5008/1  3210/5009/1  3211/5010/1
usemtl Metal Texture
f  3211/5011/23  3210/5012/23  3212/5013/23  3213/5014/23
usemtl Metal Texture
f  3214/5015/37  3209/5016/37  3208/5017/37  3215/5018/37
usemtl Metal Texture
f  3216/5019/2  3213/5020/2  3212/5021/2  3217/5022/2
usemtl Metal Texture
f  3218/5023/3  3217/5024/3  3212/5025/3  3210/5026/3  3209/5027/3  3214/5028/3  3219/5029/3  3220/5030/3
usemtl Metal Texture
f  3221/5031/4  3222/5032/4  3215/5033/4  3208/5034/4  3211/5035/4  3213/5036/4  3216/5037/4  3223/5038/4
usemtl Metal Texture
f  3219/5039/5  3214/5040/5  3215/5041/5  3222/5042/5
usemtl Metal Texture
f  3223/5043/13  3216/5044/13  3217/5045/13  3218/5046/13
usemtl Metal Texture
f  3220/5047/14  3219/5048/14  3222/5049/14  3221/5050/14
usemtl Metal Texture
f  3223/5051/6  3218/5052/6  3220/5053/6  3221/5054/6

o entity35_brush1
usemtl Metal Texture
f  3224/5055/1  3225/5056/1  3226/5057/1  3227/5058/1
usemtl Metal Texture
f  3228/5059/2  3226/3052/2  3225/5060/2  3229/5061/2
usemtl Metal Texture
f  3229/5062/3  3225/5063/3  3224/5064/3  3230/5065/3
usemtl Metal Texture
f  3231/5066/4  3227/5067/4  3226/5068/4  3228/5069/4
usemtl Metal Texture
f  3230/5070/5  3224/5071/5  3227/3046/5  3231/5072/5
usemtl Metal Texture
f  3231/5073/6  3228/5074/6  3229/5075/6  3230/5076/6

o entity35_brush2
usemtl Metal Texture
f  3232/5077/1  3233/5078/1  3234/5079/1  3235/5080/1
usemtl Metal Texture
f  3236/5081/2  3234/5082/2  3233/5083/2  3237/4376/2
usemtl Metal Texture
f  3237/5062/3  3233/5063/3  3232/5064/3  3238/5065/3
usemtl Metal Texture
f  3239/5066/4  3235/5067/4  3234/5068/4  3236/5069/4
usemtl Metal Texture
f  3238/4373/5  3232/5084/5  3235/5085/5  3239/5086/5
usemtl Metal Texture
f  3239/5087/6  3236/5088/6  3237/5089/6  3238/5090/6

o entity35_brush3
usemtl Metal Texture
f  3240/5007/1  3241/5008/1  3242/5009/1  3243/5010/1
usemtl Metal Texture
f  3243/5091/23  3242/5092/23  3244/5093/23  3245/5094/23
usemtl Metal Texture
f  3246/5095/37  3241/5096/37  3240/5097/37  3247/5098/37
usemtl Metal Texture
f  3248/5099/2  3245/5100/2  3244/5101/2  3249/5102/2
usemtl Metal Texture
f  3250/5103/3  3249/5104/3  3244/5105/3  3242/5106/3  3241/5107/3  3246/5108/3  3251/5109/3  3252/5110/3
usemtl Metal Texture
f  3253/5111/4  3254/5112/4  3247/5113/4  3240/5114/4  3243/5115/4  3245/5116/4  3248/5117/4  3255/5118/4
usemtl Metal Texture
f  3251/5119/5  3246/5120/5  3247/5121/5  3254/5122/5
usemtl Metal Texture
f  3255/5123/13  3248/5124/13  3249/5125/13  3250/5126/13
usemtl Metal Texture
f  3252/5127/14  3251/5128/14  3254/5129/14  3253/5130/14
usemtl Metal Texture
f  3255/5051/6  3250/5052/6  3252/5053/6  3253/5054/6

o entity35_brush4
usemtl Metal Texture
f  3256/5131/1  3257/5132/1  3258/5056/1  3259/5055/1
usemtl Metal Texture
f  3260/5133/2  3258/5134/2  3257/5135/2  3261/5136/2
usemtl Metal Texture
f  3261/5062/3  3257/5063/3  3256/5064/3  3262/5065/3
usemtl Metal Texture
f  3263/5066/4  3259/5067/4  3258/5068/4  3260/5069/4
usemtl Metal Texture
f  3262/5137/5  3256/5138/5  3259/5139/5  3263/5140/5
usemtl Metal Texture
f  3263/5076/6  3260/5075/6  3261/5141/6  3262/5142/6

o entity35_brush5
usemtl Metal Texture
f  3264/5143/1  3265/5144/1  3266/5145/1  3267/5146/1
usemtl Metal Texture
f  3268/4369/2  3266/5147/2  3265/5148/2  3269/4370/2
usemtl Metal Texture
f  3269/5062/3  3265/5063/3  3264/5064/3  3270/5065/3
usemtl Metal Texture
f  3271/5066/4  3267/5067/4  3266/5068/4  3268/5069/4
usemtl Metal Texture
f  3270/4365/5  3264/5149/5  3267/5150/5  3271/4366/5
usemtl Metal Texture
f  3271/5151/6  3268/5152/6  3269/5153/6  3270/5154/6

o entity35_brush6
usemtl Metal Texture
f  3272/5155/1  3273/5156/1  3274/5157/1  3275/5158/1
usemtl Metal Texture
f  3275/5159/23  3274/5160/23  3276/5161/23  3277/5162/23
usemtl Metal Texture
f  3278/5163/37  3273/5164/37  3272/5165/37  3279/5166/37
usemtl Metal Texture
f  3280/5019/2  3277/5020/2  3276/5021/2  3281/5022/2
usemtl Metal Texture
f  3282/5167/3  3281/5168/3  3276/5169/3  3274/5170/3  3273/5171/3  3278/5172/3  3283/5173/3  3284/5174/3
usemtl Metal Texture
f  3285/5175/4  3286/5176/4  3279/5177/4  3272/5178/4  3275/5179/4  3277/5180/4  3280/5181/4  3287/5182/4
usemtl Metal Texture
f  3283/5039/5  3278/5040/5  3279/5041/5  3286/5042/5
usemtl Metal Texture
f  3287/5183/13  3280/5184/13  3281/5185/13  3282/5186/13
usemtl Metal Texture
f  3284/5187/14  3283/5188/14  3286/5189/14  3285/5190/14
usemtl Metal Texture
f  3287/5191/6  3282/5192/6  3284/5193/6  3285/5194/6

o entity35_brush7
usemtl Metal Texture
f  3288/5155/1  3289/5156/1  3290/5157/1  3291/5158/1
usemtl Metal Texture
f  3291/5195/23  3290/5196/23  3292/5197/23  3293/5198/23
usemtl Metal Texture
f  3294/5199/37  3289/5200/37  3288/5201/37  3295/5202/37
usemtl Metal Texture
f  3296/5099/2  3293/5100/2  3292/5101/2  3297/5102/2
usemtl Metal Texture
f  3298/5203/3  3297/5204/3  3292/5205/3  3290/5206/3  3289/5207/3  3294/5208/3  3299/5209/3  3300/5210/3
usemtl Metal Texture
f  3301/5211/4  3302/5212/4  3295/5213/4  3288/5214/4  3291/5215/4  3293/5216/4  3296/5217/4  3303/5218/4
usemtl Metal Texture
f  3299/5119/5  3294/5120/5  3295/5121/5  3302/5122/5
usemtl Metal Texture
f  3303/5219/13  3296/5220/13  3297/5221/13  3298/5222/13
usemtl Metal Texture
f  3300/5223/14  3299/5224/14  3302/5225/14  3301/5226/14
usemtl Metal Texture
f  3303/5191/6  3298/5192/6  3300/5193/6  3301/5194/6

o entity36_brush0
usemtl Metal Texture
f  3304/5007/1  3305/5008/1  3306/5009/1  3307/5010/1
usemtl Metal Texture
f  3307/5227/23  3306/5228/23  3308/5229/23  3309/5230/23
usemtl Metal Texture
f  3310/5231/37  3305/5232/37  3304/5233/37  3311/5234/37
usemtl Metal Texture
f  3312/5235/2  3309/5236/2  3308/5237/2  3313/5238/2
usemtl Metal Texture
f  3314/5239/3  3313/5240/3  3308/5241/3  3306/5242/3  3305/5243/3  3310/5244/3  3315/5245/3  3316/5246/3
usemtl Metal Texture
f  3317/5247/4  3318/5248/4  3311/5249/4  3304/5250/4  3307/5251/4  3309/5252/4  3312/5253/4  3319/5254/4
usemtl Metal Texture
f  3315/5255/5  3310/5256/5  3311/5257/5  3318/5258/5
usemtl Metal Texture
f  3319/5259/13  3312/5260/13  3313/5261/13  3314/5262/13
usemtl Metal Texture
f  3316/5263/14  3315/5264/14  3318/5265/14  3317/5266/14
usemtl Metal Texture
f  3319/5267/6  3314/5268/6  3316/5269/6  3317/5270/6

o entity36_brush1
usemtl Metal Texture
f  3320/5055/1  3321/5056/1  3322/5057/1  3323/5058/1
usemtl Metal Texture
f  3324/5271/2  3322/5272/2  3321/5273/2  3325/5274/2
usemtl Metal Texture
f  3325/5275/3  3321/5276/3  3320/5277/3  3326/5278/3
usemtl Metal Texture
f  3327/5279/4  3323/5280/4  3322/5281/4  3324/5282/4
usemtl Metal Texture
f  3326/5283/5  3320/5284/5  3323/5285/5  3327/5286/5
usemtl Metal Texture
f  3327/5073/6  3324/5074/6  3325/5075/6  3326/5076/6

o entity36_brush2
usemtl Metal Texture
f  3328/5077/1  3329/5078/1  3330/5079/1  3331/5080/1
usemtl Metal Texture
f  3332/5287/2  3330/5288/2  3329/5289/2  3333/5290/2
usemtl Metal Texture
f  3333/5275/3  3329/5276/3  3328/5277/3  3334/5278/3
usemtl Metal Texture
f  3335/5279/4  3331/5280/4  3330/5281/4  3332/5282/4
usemtl Metal Texture
f  3334/5291/5  3328/5292/5  3331/5293/5  3335/5294/5
usemtl Metal Texture
f  3335/5087/6  3332/5088/6  3333/5089/6  3334/5090/6

o entity36_brush3
usemtl Metal Texture
f  3336/5007/1  3337/5008/1  3338/5009/1  3339/5010/1
usemtl Metal Texture
f  3339/5295/23  3338/5296/23  3340/5297/23  3341/5298/23
usemtl Metal Texture
f  3342/5299/37  3337/5300/37  3336/5301/37  3343/5302/37
usemtl Metal Texture
f  3344/5303/2  3341/5304/2  3340/5305/2  3345/5306/2
usemtl Metal Texture
f  3346/5307/3  3345/5308/3  3340/5309/3  3338/5310/3  3337/5311/3  3342/5312/3  3347/5313/3  3348/5314/3
usemtl Metal Texture
f  3349/5315/4  3350/5316/4  3343/5317/4  3336/5318/4  3339/5319/4  3341/5320/4  3344/5321/4  3351/5322/4
usemtl Metal Texture
f  3347/5323/5  3342/5324/5  3343/5325/5  3350/5326/5
usemtl Metal Texture
f  3351/5327/13  3344/5328/13  3345/5329/13  3346/5330/13
usemtl Metal Texture
f  3348/5331/14  3347/5332/14  3350/5333/14  3349/5334/14
usemtl Metal Texture
f  3351/5267/6  3346/5268/6  3348/5269/6  3349/5270/6

o entity36_brush4
usemtl Metal Texture
f  3352/5131/1  3353/5132/1  3354/5056/1  3355/5055/1
usemtl Metal Texture
f  3356/5335/2  3354/5336/2  3353/5337/2  3357/5338/2
usemtl Metal Texture
f  3357/5275/3  3353/5276/3  3352/5277/3  3358/5278/3
usemtl Metal Texture
f  3359/5279/4  3355/5280/4  3354/5281/4  3356/5282/4
usemtl Metal Texture
f  3358/5339/5  3352/5340/5  3355/5341/5  3359/5342/5
usemtl Metal Texture
f  3359/5076/6  3356/5075/6  3357/5141/6  3358/5142/6

o entity36_brush5
usemtl Metal Texture
f  3360/5143/1  3361/5144/1  3362/5145/1  3363/5146/1
usemtl Metal Texture
f  3364/5343/2  3362/5344/2  3361/5345/2  3365/5346/2
usemtl Metal Texture
f  3365/5275/3  3361/5276/3  3360/5277/3  3366/5278/3
usemtl Metal Texture
f  3367/5279/4  3363/5280/4  3362/5281/4  3364/5282/4
usemtl Metal Texture
f  3366/5347/5  3360/5348/5  3363/5349/5  3367/5350/5
usemtl Metal Texture
f  3367/5151/6  3364/5152/6  3365/5153/6  3366/5154/6

o entity36_brush6
usemtl Metal Texture
f  3368/5155/1  3369/5351/1  3370/5352/1  3371/5158/1
usemtl Metal Texture
f  3371/5353/23  3370/5354/23  3372/5355/23  3373/5356/23
usemtl Metal Texture
f  3374/5357/37  3369/5358/37  3368/5359/37  3375/5360/37
usemtl Metal Texture
f  3376/5235/2  3373/5236/2  3372/5237/2  3377/5238/2
usemtl Metal Texture
f  3378/5361/3  3377/5362/3  3372/5363/3  3370/5364/3  3369/5365/3  3374/5366/3  3379/5367/3  3380/5368/3
usemtl Metal Texture
f  3381/5369/4  3382/5370/4  3375/5371/4  3368/5372/4  3371/5373/4  3373/5374/4  3376/5375/4  3383/5376/4
usemtl Metal Texture
f  3379/5255/5  3374/5256/5  3375/5257/5  3382/5258/5
usemtl Metal Texture
f  3383/5377/13  3376/5378/13  3377/5379/13  3378/5380/13
usemtl Metal Texture
f  3380/5381/14  3379/5382/14  3382/5383/14  3381/5384/14
usemtl Metal Texture
f  3383/5191/6  3378/5192/6  3380/5193/6  3381/5194/6

o entity36_brush7
usemtl Metal Texture
f  3384/5155/1  3385/5351/1  3386/5352/1  3387/5158/1
usemtl Metal Texture
f  3387/5385/23  3386/5386/23  3388/5387/23  3389/5388/23
usemtl Metal Texture
f  3390/5389/37  3385/5390/37  3384/5391/37  3391/5392/37
usemtl Metal Texture
f  3392/5303/2  3389/5304/2  3388/5305/2  3393/5306/2
usemtl Metal Texture
f  3394/5393/3  3393/5394/3  3388/5395/3  3386/5396/3  3385/5397/3  3390/5398/3  3395/5399/3  3396/5400/3
usemtl Metal Texture
f  3397/5401/4  3398/5402/4  3391/5403/4  3384/5404/4  3387/5405/4  3389/5406/4  3392/5407/4  3399/5408/4
usemtl Metal Texture
f  3395/5323/5  3390/5324/5  3391/5325/5  3398/5326/5
usemtl Metal Texture
f  3399/5409/13  3392/5410/13  3393/5411/13  3394/5412/13
usemtl Metal Texture
f  3396/5413/14  3395/5414/14  3398/5415/14  3397/5416/14
usemtl Metal Texture
f  3399/5191/6  3394/5192/6  3396/5193/6  3397/5194/6

o entity37_brush0
usemtl Metal Texture
f  3400/5417/1  3401/5418/1  3402/5419/1  3403/5420/1
usemtl Metal Texture
f  3403/5421/23  3402/5422/23  3404/5423/23  3405/5424/23
usemtl Metal Texture
f  3406/5425/37  3401/5426/37  3400/5427/37  3407/5428/37
usemtl Metal Texture
f  3408/5429/2  3405/5430/2  3404/5431/2  3409/5432/2
usemtl Metal Texture
f  3410/5433/3  3409/5434/3  3404/5435/3  3402/5436/3  3401/5437/3  3406/5438/3  3411/5439/3  3412/5440/3
usemtl Metal Texture
f  3413/5441/4  3414/5442/4  3407/5443/4  3400/5444/4  3403/5445/4  3405/5446/4  3408/5447/4  3415/5448/4
usemtl Metal Texture
f  3411/5449/5  3406/5450/5  3407/5451/5  3414/5452/5
usemtl Metal Texture
f  3415/5453/13  3408/5454/13  3409/5455/13  3410/5456/13
usemtl Metal Texture
f  3412/5457/14  3411/5458/14  3414/5459/14  3413/5460/14
usemtl Metal Texture
f  3415/5461/6  3410/5462/6  3412/5463/6  3413/5464/6

o entity37_brush1
usemtl Metal Texture
f  3416/5465/1  3417/5466/1  3418/5467/1  3419/5468/1
usemtl Metal Texture
f  3420/5469/2  3418/5470/2  3417/5471/2  3421/5472/2
usemtl Metal Texture
f  3421/5473/3  3417/5474/3  3416/5475/3  3422/5476/3
usemtl Metal Texture
f  3423/5477/4  3419/5478/4  3418/5479/4  3420/5480/4
usemtl Metal Texture
f  3422/5481/5  3416/5482/5  3419/5483/5  3423/5484/5
usemtl Metal Texture
f  3423/5485/6  3420/5486/6  3421/5487/6  3422/5488/6

o entity37_brush2
usemtl Metal Texture
f  3424/5489/1  3425/5490/1  3426/5491/1  3427/5492/1
usemtl Metal Texture
f  3428/5493/2  3426/5494/2  3425/5495/2  3429/5496/2
usemtl Metal Texture
f  3429/5473/3  3425/5474/3  3424/5475/3  3430/5476/3
usemtl Metal Texture
f  3431/5477/4  3427/5478/4  3426/5479/4  3428/5480/4
usemtl Metal Texture
f  3430/5497/5  3424/5498/5  3427/5499/5  3431/5500/5
usemtl Metal Texture
f  3431/5501/6  3428/5502/6  3429/5503/6  3430/5504/6

o entity37_brush3
usemtl Metal Texture
f  3432/5417/1  3433/5418/1  3434/5419/1  3435/5420/1
usemtl Metal Texture
f  3435/5505/23  3434/5506/23  3436/5507/23  3437/5508/23
usemtl Metal Texture
f  3438/5509/37  3433/5510/37  3432/5511/37  3439/5512/37
usemtl Metal Texture
f  3440/5513/2  3437/5514/2  3436/5515/2  3441/5516/2
usemtl Metal Texture
f  3442/5517/3  3441/5518/3  3436/5519/3  3434/5520/3  3433/5521/3  3438/5522/3  3443/5523/3  3444/5524/3
usemtl Metal Texture
f  3445/5525/4  3446/5526/4  3439/5527/4  3432/5528/4  3435/5529/4  3437/5530/4  3440/5531/4  3447/5532/4
usemtl Metal Texture
f  3443/5533/5  3438/5534/5  3439/5535/5  3446/5536/5
usemtl Metal Texture
f  3447/5537/13  3440/5538/13  3441/5539/13  3442/5540/13
usemtl Metal Texture
f  3444/5541/14  3443/5542/14  3446/5543/14  3445/5544/14
usemtl Metal Texture
f  3447/5461/6  3442/5462/6  3444/5463/6  3445/5464/6

o entity37_brush4
usemtl Metal Texture
f  3448/5545/1  3449/5546/1  3450/5547/1  3451/5548/1
usemtl Metal Texture
f  3452/5549/2  3450/5550/2  3449/5551/2  3453/5552/2
usemtl Metal Texture
f  3453/5473/3  3449/5474/3  3448/5475/3  3454/5476/3
usemtl Metal Texture
f  3455/5477/4  3451/5478/4  3450/5479/4  3452/5480/4
usemtl Metal Texture
f  3454/5553/5  3448/5554/5  3451/5555/5  3455/5556/5
usemtl Metal Texture
f  3455/5557/6  3452/5558/6  3453/5559/6  3454/5560/6

o entity37_brush5
usemtl Metal Texture
f  3456/5561/1  3457/5562/1  3458/5563/1  3459/5564/1
usemtl Metal Texture
f  3460/5565/2  3458/5566/2  3457/5567/2  3461/5568/2
usemtl Metal Texture
f  3461/5473/3  3457/5474/3  3456/5475/3  3462/5476/3
usemtl Metal Texture
f  3463/5477/4  3459/5478/4  3458/5479/4  3460/5480/4
usemtl Metal Texture
f  3462/5569/5  3456/5570/5  3459/5571/5  3463/5572/5
usemtl Metal Texture
f  3463/5573/6  3460/5574/6  3461/5575/6  3462/5576/6

o entity37_brush6
usemtl Metal Texture
f  3464/4935/1  3465/4936/1  3466/4937/1  3467/4938/1
usemtl Metal Texture
f  3467/5577/23  3466/5578/23  3468/5579/23  3469/5580/23
usemtl Metal Texture
f  3470/5581/37  3465/5582/37  3464/5583/37  3471/5584/37
usemtl Metal Texture
f  3472/5513/2  3469/5514/2  3468/5515/2  3473/5516/2
usemtl Metal Texture
f  3474/5585/3  3473/5586/3  3468/5587/3  3466/5588/3  3465/5589/3  3470/5590/3  3475/5591/3  3476/5592/3
usemtl Metal Texture
f  3477/5593/4  3478/5594/4  3471/5595/4  3464/5596/4  3467/5597/4  3469/5598/4  3472/5599/4  3479/5600/4
usemtl Metal Texture
f  3475/5533/5  3470/5534/5  3471/5535/5  3478/5536/5
usemtl Metal Texture
f  3479/5601/13  3472/5602/13  3473/5603/13  3474/5604/13
usemtl Metal Texture
f  3476/5605/14  3475/5606/14  3478/5607/14  3477/5608/14
usemtl Metal Texture
f  3479/4971/6  3474/4972/6  3476/4973/6  3477/4974/6

o entity37_brush7
usemtl Metal Texture
f  3480/4935/1  3481/4936/1  3482/4937/1  3483/4938/1
usemtl Metal Texture
f  3483/5609/23  3482/5610/23  3484/5611/23  3485/5612/23
usemtl Metal Texture
f  3486/5613/37  3481/5614/37  3480/5615/37  3487/5616/37
usemtl Metal Texture
f  3488/5429/2  3485/5430/2  3484/5431/2  3489/5432/2
usemtl Metal Texture
f  3490/5617/3  3489/5618/3  3484/5619/3  3482/5620/3  3481/5621/3  3486/5622/3  3491/5623/3  3492/5624/3
usemtl Metal Texture
f  3493/5625/4  3494/5626/4  3487/5627/4  3480/5628/4  3483/5629/4  3485/5630/4  3488/5631/4  3495/5632/4
usemtl Metal Texture
f  3491/5449/5  3486/5450/5  3487/5451/5  3494/5452/5
usemtl Metal Texture
f  3495/5633/13  3488/5634/13  3489/5635/13  3490/5636/13
usemtl Metal Texture
f  3492/5637/14  3491/5638/14  3494/5639/14  3493/5640/14
usemtl Metal Texture
f  3495/4971/6  3490/4972/6  3492/4973/6  3493/4974/6

o entity40_brush0
usemtl Bricks
f  3496/5641/1  3497/5642/1  3498/5643/1  3499/5644/1
usemtl Bricks
f  3500/5645/2  3498/5646/2  3497/5647/2  3501/5648/2
usemtl Bricks
f  3501/5649/3  3497/5650/3  3496/5651/3  3502/5652/3
usemtl Bricks
f  3503/5653/4  3499/5654/4  3498/5655/4  3500/5656/4
usemtl Bricks
f  3502/5657/5  3496/5658/5  3499/5659/5  3503/5660/5
usemtl Bricks
f  3503/5661/6  3500/5662/6  3501/5663/6  3502/5664/6

o entity40_brush1
usemtl Bricks
f  3504/5665/1  3505/5666/1  3506/5667/1  3507/5668/1
usemtl Bricks
f  3508/5669/2  3506/5670/2  3505/5671/2  3509/5672/2
usemtl Bricks
f  3509/5673/3  3505/5674/3  3504/5675/3  3510/5676/3
usemtl Bricks
f  3511/5677/4  3507/5678/4  3506/5679/4  3508/5680/4
usemtl Bricks
f  3510/5681/5  3504/5682/5  3507/5683/5  3511/5684/5
usemtl Bricks
f  3511/5685/6  3508/5686/6  3509/5687/6  3510/5688/6

o entity40_brush2
usemtl Ceiling
f  3512/5689/1  3513/5690/1  3514/5691/1  3515/5692/1
usemtl Ceiling
f  3516/5693/2  3514/5694/2  3513/5695/2  3517/5696/2
usemtl Ceiling
f  3517/5697/3  3513/5673/3  3512/5676/3  3518/5698/3
usemtl Ceiling
f  3519/5699/4  3515/5677/4  3514/5680/4  3516/5700/4
usemtl Ceiling
f  3518/5701/5  3512/5702/5  3515/5703/5  3519/5704/5
usemtl Ceiling
f  3519/5705/6  3516/5706/6  3517/5707/6  3518/5708/6

o entity40_brush3
usemtl SuperMarketFloo
f  3520/5709/1  3521/5710/1  3522/5711/1  3523/5712/1
usemtl SuperMarketFloo
f  3524/5713/2  3522/5714/2  3521/5715/2  3525/5716/2
usemtl SuperMarketFloo
f  3525/5717/3  3521/5674/3  3520/5675/3  3526/5718/3
usemtl SuperMarketFloo
f  3527/5719/4  3523/5654/4  3522/5655/4  3524/5720/4
usemtl SuperMarketFloo
f  3526/5721/5  3520/5722/5  3523/5723/5  3527/5724/5
usemtl SuperMarketFloo
f  3527/5725/6  3524/5726/6  3525/5727/6  3526/5728/6

o entity41_brush0
usemtl Bricks
f  3528/5729/59  3529/5730/59  3530/5731/59  3531/5732/59
usemtl Bricks
f  3532/5733/60  3530/5734/60  3529/5735/60  3533/5736/60
usemtl Bricks
f  3534/5737/2  3531/5738/2  3530/5739/2  3532/5740/2
usemtl Bricks
f  3533/5741/5  3529/5742/5  3528/5743/5  3535/5744/5
usemtl Bricks
f  3535/5745/61  3528/5746/61  3531/5747/61  3534/5748/61
usemtl Bricks
f  3533/5749/62  3535/5750/62  3534/5751/62  3532/5752/62

o entity41_brush1
usemtl Bricks
f  3536/5753/63  3537/5754/63  3538/5755/63  3539/5756/63
usemtl Bricks
f  3540/5757/64  3538/5758/64  3537/5759/64  3541/5760/64
usemtl Bricks
f  3542/5761/2  3539/5762/2  3538/5763/2  3540/5764/2
usemtl Bricks
f  3541/5765/5  3537/5766/5  3536/5767/5  3543/5768/5
usemtl Bricks
f  3543/5769/65  3536/5770/65  3539/5771/65  3542/5772/65
usemtl Bricks
f  3541/5773/62  3543/5774/62  3542/5775/62  3540/5776/62

o entity41_brush2
usemtl Ceiling
f  3544/5777/63  3545/5753/63  3546/5756/63  3547/5778/63
usemtl Ceiling
f  3548/5779/66  3546/5780/66  3545/5781/66  3549/5782/66
usemtl Ceiling
f  3550/5783/2  3547/5784/2  3546/5785/2  3548/5786/2
usemtl Ceiling
f  3549/5787/5  3545/5788/5  3544/5789/5  3551/5790/5
usemtl Ceiling
f  3551/5791/67  3544/5792/67  3547/5793/67  3550/5794/67
usemtl Ceiling
f  3549/5774/68  3551/5795/68  3550/5796/68  3548/5775/68

o entity41_brush3
usemtl SuperMarketFloo
f  3552/5797/69  3553/5798/69  3554/5799/69  3555/5800/69
usemtl SuperMarketFloo
f  3556/5801/66  3554/5802/66  3553/5803/66  3557/5804/66
usemtl SuperMarketFloo
f  3558/5805/2  3555/5806/2  3554/5807/2  3556/5808/2
usemtl SuperMarketFloo
f  3557/5809/5  3553/5810/5  3552/5811/5  3559/5812/5
usemtl SuperMarketFloo
f  3559/5813/65  3552/5814/65  3555/5815/65  3558/5816/65
usemtl SuperMarketFloo
f  3557/5773/70  3559/5817/70  3558/5818/70  3556/5776/70

o entity42_brush0
usemtl Bricks
f  3560/5819/71  3561/5820/71  3562/5821/71  3563/5822/71
usemtl Bricks
f  3564/5823/72  3562/5824/72  3561/5825/72  3565/5826/72
usemtl Bricks
f  3565/5827/2  3561/5828/2  3560/5829/2  3566/5830/2
usemtl Bricks
f  3567/5831/5  3563/5832/5  3562/5833/5  3564/5834/5
usemtl Bricks
f  3566/5835/73  3560/5836/73  3563/5837/73  3567/5838/73
usemtl Bricks
f  3567/5839/74  3564/5840/74  3565/5841/74  3566/5842/74

o entity42_brush1
usemtl Bricks
f  3568/5843/75  3569/5844/75  3570/5845/75  3571/5846/75
usemtl Bricks
f  3572/5847/76  3570/5848/76  3569/5849/76  3573/5850/76
usemtl Bricks
f  3573/5851/2  3569/5852/2  3568/5853/2  3574/5854/2
usemtl Bricks
f  3575/5855/5  3571/5856/5  3570/5857/5  3572/5858/5
usemtl Bricks
f  3574/5859/77  3568/5860/77  3571/5861/77  3575/5862/77
usemtl Bricks
f  3575/5863/78  3572/5864/78  3573/5865/78  3574/5866/78

o entity42_brush2
usemtl Ceiling
f  3576/5867/79  3577/5868/79  3578/5869/79  3579/5870/79
usemtl Ceiling
f  3580/5871/80  3578/5847/80  3577/5850/80  3581/5872/80
usemtl Ceiling
f  3581/5873/2  3577/5874/2  3576/5875/2  3582/5876/2
usemtl Ceiling
f  3583/5877/5  3579/5878/5  3578/5879/5  3580/5880/5
usemtl Ceiling
f  3582/5881/81  3576/5859/81  3579/5862/81  3583/5882/81
usemtl Ceiling
f  3583/5883/82  3580/5884/82  3581/5885/82  3582/5886/82

o entity42_brush3
usemtl SuperMarketFloo
f  3584/5887/79  3585/5888/79  3586/5889/79  3587/5890/79
usemtl SuperMarketFloo
f  3588/5891/83  3586/5892/83  3585/5893/83  3589/5894/83
usemtl SuperMarketFloo
f  3589/5895/2  3585/5896/2  3584/5897/2  3590/5898/2
usemtl SuperMarketFloo
f  3591/5899/5  3587/5900/5  3586/5901/5  3588/5902/5
usemtl SuperMarketFloo
f  3590/5903/84  3584/5860/84  3587/5861/84  3591/5904/84
usemtl SuperMarketFloo
f  3591/5905/85  3588/5906/85  3589/5907/85  3590/5908/85

o entity43_brush0
usemtl Bricks
f  3592/5909/86  3593/5910/86  3594/5911/86  3595/5912/86
usemtl Bricks
f  3596/5913/87  3594/5914/87  3593/5915/87  3597/5916/87
usemtl Bricks
f  3597/5917/2  3593/5918/2  3592/5919/2  3598/5920/2
usemtl Bricks
f  3599/5921/5  3595/5922/5  3594/5923/5  3596/5924/5
usemtl Bricks
f  3598/5925/88  3592/5926/88  3595/5927/88  3599/5928/88
usemtl Bricks
f  3599/5929/89  3596/5930/89  3597/5931/89  3598/5932/89

o entity43_brush1
usemtl Bricks
f  3600/5933/90  3601/5934/90  3602/5935/90  3603/5936/90
usemtl Bricks
f  3604/5937/91  3602/5938/91  3601/5939/91  3605/5940/91
usemtl Bricks
f  3605/5941/2  3601/5942/2  3600/5943/2  3606/5944/2
usemtl Bricks
f  3607/5945/5  3603/5946/5  3602/5947/5  3604/5948/5
usemtl Bricks
f  3606/5925/92  3600/5949/92  3603/5950/92  3607/5928/92
usemtl Bricks
f  3607/5951/93  3604/5952/93  3605/5953/93  3606/5954/93

o entity43_brush2
usemtl Ceiling
f  3608/5955/94  3609/5956/94  3610/5957/94  3611/5958/94
usemtl Ceiling
f  3612/5959/95  3610/5913/95  3609/5916/95  3613/5960/95
usemtl Ceiling
f  3613/5961/2  3609/5962/2  3608/5963/2  3614/5964/2
usemtl Ceiling
f  3615/5965/5  3611/5966/5  3610/5967/5  3612/5968/5
usemtl Ceiling
f  3614/5969/96  3608/5925/96  3611/5928/96  3615/5970/96
usemtl Ceiling
f  3615/5971/97  3612/5972/97  3613/5973/97  3614/5974/97

o entity43_brush3
usemtl SuperMarketFloo
f  3616/5975/98  3617/5976/98  3618/5977/98  3619/5978/98
usemtl SuperMarketFloo
f  3620/5979/99  3618/5980/99  3617/5981/99  3621/5982/99
usemtl SuperMarketFloo
f  3621/5983/2  3617/5984/2  3616/5985/2  3622/5986/2
usemtl SuperMarketFloo
f  3623/5987/5  3619/5988/5  3618/5989/5  3620/5990/5
usemtl SuperMarketFloo
f  3622/5991/100  3616/5926/100  3619/5927/100  3623/5992/100
usemtl SuperMarketFloo
f  3623/5993/97  3620/5994/97  3621/5995/97  3622/5996/97

o entity44_brush0
usemtl Bricks
f  3624/5997/101  3625/5998/101  3626/5999/101  3627/6000/101
usemtl Bricks
f  3628/6001/102  3626/6002/102  3625/6003/102  3629/6004/102
usemtl Bricks
f  3629/6005/2  3625/6006/2  3624/6007/2  3630/6008/2
usemtl Bricks
f  3631/6009/5  3627/6010/5  3626/6011/5  3628/6012/5
usemtl Bricks
f  3630/6013/103  3624/6014/103  3627/6015/103  3631/6016/103
usemtl Bricks
f  3631/6017/104  3628/6018/104  3629/6019/104  3630/6020/104

o entity44_brush1
usemtl Bricks
f  3632/6021/105  3633/6022/105  3634/6023/105  3635/6024/105
usemtl Bricks
f  3636/6025/106  3634/6026/106  3633/6027/106  3637/6028/106
usemtl Bricks
f  3635/6029/2  3634/6030/2  3636/6031/2  3638/6032/2
usemtl Bricks
f  3639/6033/5  3637/6034/5  3633/6035/5  3632/6036/5
usemtl Bricks
f  3638/6037/103  3636/6038/103  3637/6039/103  3639/6040/103
usemtl Bricks
f  3638/6041/56  3639/6042/56  3632/6043/56  3635/6044/56

o entity44_brush2
usemtl Ceiling
f  3640/6045/53  3641/6046/53  3642/6047/53  3643/6048/53
usemtl Ceiling
f  3644/6049/105  3642/6021/105  3641/6024/105  3645/6050/105
usemtl Ceiling
f  3645/5779/2  3641/6051/2  3640/6052/2  3646/6053/2
usemtl Ceiling
f  3647/6054/5  3643/6055/5  3642/6056/5  3644/5794/5
usemtl Ceiling
f  3646/6057/107  3640/6037/107  3643/6040/107  3647/6058/107
usemtl Ceiling
f  3647/6059/108  3644/6060/108  3645/6061/108  3646/6062/108

o entity44_brush3
usemtl SuperMarketFloo
f  3648/6063/53  3649/6064/53  3650/6065/53  3651/6066/53
usemtl SuperMarketFloo
f  3652/6067/105  3650/6068/105  3649/6069/105  3653/6070/105
usemtl SuperMarketFloo
f  3654/6071/2  3653/6072/2  3649/6073/2  3648/6074/2
usemtl SuperMarketFloo
f  3651/6075/5  3650/6076/5  3652/6077/5  3655/6078/5
usemtl SuperMarketFloo
f  3655/6079/109  3652/6080/109  3653/6081/109  3654/6082/109
usemtl SuperMarketFloo
f  3648/6038/110  3651/6039/110  3655/6083/110  3654/6084/110

o entity45_brush0
usemtl Bricks
f  3656/6085/111  3657/6086/111  3658/6087/111  3659/6088/111
usemtl Bricks
f  3660/6089/112  3658/6090/112  3657/6091/112  3661/6092/112
usemtl Bricks
f  3662/6093/2  3659/6094/2  3658/6095/2  3660/6096/2
usemtl Bricks
f  3661/6097/5  3657/6098/5  3656/6099/5  3663/6100/5
usemtl Bricks
f  3663/6101/113  3656/6102/113  3659/6103/113  3662/6104/113
usemtl Bricks
f  3661/6105/114  3663/6106/114  3662/6107/114  3660/6108/114

o entity45_brush1
usemtl Bricks
f  3664/6109/111  3665/6110/111  3666/6111/111  3667/6112/111
usemtl Bricks
f  3668/6113/115  3666/6114/115  3665/6115/115  3669/6116/115
usemtl Bricks
f  3670/2201/2  3667/669/2  3666/6117/2  3668/6118/2
usemtl Bricks
f  3669/6119/5  3665/6120/5  3664/684/5  3671/6121/5
usemtl Bricks
f  3671/6122/116  3664/6123/116  3667/6124/116  3670/6125/116
usemtl Bricks
f  3669/6126/114  3671/6127/114  3670/6128/114  3668/6129/114

o entity45_brush2
usemtl Ceiling
f  3672/6130/111  3673/6109/111  3674/6112/111  3675/6131/111
usemtl Ceiling
f  3676/6132/117  3674/6133/117  3673/6134/117  3677/6135/117
usemtl Ceiling
f  3678/6136/2  3675/6137/2  3674/87/2  3676/346/2
usemtl Ceiling
f  3677/329/5  3673/96/5  3672/6138/5  3679/6139/5
usemtl Ceiling
f  3679/6140/113  3672/6141/113  3675/6142/113  3678/6143/113
usemtl Ceiling
f  3677/6127/114  3679/6144/114  3678/6145/114  3676/6128/114

o entity45_brush3
usemtl SuperMarketFloo
f  3680/6146/118  3681/6147/118  3682/6148/118  3683/6149/118
usemtl SuperMarketFloo
f  3684/6150/117  3682/6151/117  3681/6152/117  3685/6153/117
usemtl SuperMarketFloo
f  3686/6154/2  3683/6155/2  3682/6156/2  3684/6157/2
usemtl SuperMarketFloo
f  3685/6158/5  3681/6159/5  3680/6160/5  3687/6161/5
usemtl SuperMarketFloo
f  3687/6162/116  3680/6163/116  3683/6164/116  3686/6165/116
usemtl SuperMarketFloo
f  3685/6126/119  3687/6166/119  3686/6167/119  3684/6129/119

o entity46_brush0
usemtl Bricks
f  3688/6168/1  3689/6169/1  3690/4028/1  3691/2251/1
usemtl Bricks
f  3692/1680/2  3690/1681/2  3689/6170/2  3693/6171/2
usemtl Bricks
f  3693/6172/3  3689/6173/3  3688/6174/3  3694/6175/3
usemtl Bricks
f  3695/6176/4  3691/6177/4  3690/6178/4  3692/6179/4
usemtl Bricks
f  3694/6180/5  3688/6181/5  3691/691/5  3695/692/5
usemtl Bricks
f  3695/2389/6  3692/4033/6  3693/6182/6  3694/6183/6

o entity46_brush1
usemtl Bricks
f  3696/6168/1  3697/6169/1  3698/4028/1  3699/2251/1
usemtl Bricks
f  3700/2202/2  3698/1653/2  3697/6184/2  3701/6185/2
usemtl Bricks
f  3701/6186/3  3697/6187/3  3696/6188/3  3702/6189/3
usemtl Bricks
f  3703/6190/4  3699/6191/4  3698/6192/4  3700/6193/4
usemtl Bricks
f  3702/6194/5  3696/6195/5  3699/1667/5  3703/2209/5
usemtl Bricks
f  3703/2389/6  3700/4033/6  3701/6182/6  3702/6183/6

o entity46_brush2
usemtl Ceiling
f  3704/2251/1  3705/4028/1  3706/6196/1  3707/6197/1
usemtl Ceiling
f  3708/6137/2  3706/1960/2  3705/2225/2  3709/87/2
usemtl Ceiling
f  3709/6198/3  3705/6199/3  3704/6200/3  3710/6201/3
usemtl Ceiling
f  3711/6202/4  3707/6203/4  3706/6204/4  3708/6205/4
usemtl Ceiling
f  3710/96/5  3704/6206/5  3707/1951/5  3711/6138/5
usemtl Ceiling
f  3711/6207/6  3708/6208/6  3709/4033/6  3710/2389/6

o entity46_brush3
usemtl SuperMarketFloo
f  3712/6168/1  3713/6169/1  3714/2150/1  3715/789/1
usemtl SuperMarketFloo
f  3716/2330/2  3714/759/2  3713/6209/2  3717/6210/2
usemtl SuperMarketFloo
f  3717/6211/3  3713/6204/3  3712/6203/3  3718/6212/3
usemtl SuperMarketFloo
f  3719/6213/4  3715/6200/4  3714/6199/4  3716/6214/4
usemtl SuperMarketFloo
f  3718/6215/5  3712/6216/5  3715/750/5  3719/6217/5
usemtl SuperMarketFloo
f  3719/804/6  3716/2156/6  3717/6182/6  3718/6183/6

o entity48_brush0
usemtl Bricks
f  3720/6218/79  3721/6219/79  3722/6220/79  3723/6221/79
usemtl Bricks
f  3724/6222/120  3722/6223/120  3721/6224/120  3725/6225/120
usemtl Bricks
f  3725/6226/2  3721/6227/2  3720/6228/2  3726/6229/2
usemtl Bricks
f  3727/6230/5  3723/6231/5  3722/6232/5  3724/6233/5
usemtl Bricks
f  3726/6234/121  3720/6235/121  3723/6236/121  3727/6237/121
usemtl Bricks
f  3727/6238/122  3724/6239/122  3725/6240/122  3726/6241/122

o entity48_brush1
usemtl Bricks
f  3728/6242/79  3729/6243/79  3730/6244/79  3731/6245/79
usemtl Bricks
f  3732/6246/76  3730/6247/76  3729/6248/76  3733/6249/76
usemtl Bricks
f  3733/6250/2  3729/6251/2  3728/6252/2  3734/6253/2
usemtl Bricks
f  3735/6254/5  3731/6255/5  3730/6256/5  3732/6257/5
usemtl Bricks
f  3734/6258/121  3728/6259/121  3731/6260/121  3735/6261/121
usemtl Bricks
f  3735/6262/123  3732/6263/123  3733/6264/123  3734/6265/123

o entity48_brush2
usemtl Ceiling
f  3736/6266/79  3737/6242/79  3738/6245/79  3739/6267/79
usemtl Ceiling
f  3740/6268/76  3738/6269/76  3737/6270/76  3741/6271/76
usemtl Ceiling
f  3741/6272/2  3737/6273/2  3736/6274/2  3742/6275/2
usemtl Ceiling
f  3743/6276/5  3739/6277/5  3738/6278/5  3740/6279/5
usemtl Ceiling
f  3742/6280/124  3736/6281/124  3739/6282/124  3743/6283/124
usemtl Ceiling
f  3743/6284/123  3740/6262/123  3741/6265/123  3742/6285/123

o entity48_brush3
usemtl SuperMarketFloo
f  3744/6286/79  3745/6243/79  3746/6244/79  3747/6287/79
usemtl SuperMarketFloo
f  3748/6288/76  3746/6289/76  3745/6290/76  3749/6291/76
usemtl SuperMarketFloo
f  3749/6292/2  3745/6293/2  3744/6294/2  3750/6295/2
usemtl SuperMarketFloo
f  3751/6296/5  3747/6297/5  3746/6298/5  3748/6299/5
usemtl SuperMarketFloo
f  3750/6300/121  3744/6301/121  3747/6302/121  3751/6303/121
usemtl SuperMarketFloo
f  3751/6304/125  3748/6263/125  3749/6264/125  3750/6305/125

o entity49_brush0
usemtl Bricks
f  3752/6306/126  3753/6307/126  3754/6308/126  3755/6309/126
usemtl Bricks
f  3756/6310/127  3754/6311/127  3753/6312/127  3757/6313/127
usemtl Bricks
f  3758/6314/2  3755/6315/2  3754/6316/2  3756/6317/2
usemtl Bricks
f  3757/6318/5  3753/6319/5  3752/6320/5  3759/6321/5
usemtl Bricks
f  3759/6322/128  3752/6323/128  3755/6324/128  3758/6325/128
usemtl Bricks
f  3757/6326/129  3759/6327/129  3758/6328/129  3756/6329/129

o entity49_brush1
usemtl Bricks
f  3760/6330/130  3761/6331/130  3762/6332/130  3763/6333/130
usemtl Bricks
f  3764/6334/131  3762/6335/131  3761/6336/131  3765/6337/131
usemtl Bricks
f  3766/6338/2  3763/6339/2  3762/6340/2  3764/6341/2
usemtl Bricks
f  3765/6342/5  3761/6343/5  3760/6344/5  3767/6345/5
usemtl Bricks
f  3767/6346/132  3760/6347/132  3763/6348/132  3766/6349/132
usemtl Bricks
f  3765/6350/133  3767/6351/133  3766/6352/133  3764/6353/133

o entity49_brush2
usemtl Ceiling
f  3768/6354/63  3769/6355/63  3770/6356/63  3771/6357/63
usemtl Ceiling
f  3772/6358/134  3770/6334/134  3769/6337/134  3773/6359/134
usemtl Ceiling
f  3774/6360/2  3771/6361/2  3770/6362/2  3772/6363/2
usemtl Ceiling
f  3773/6364/5  3769/6365/5  3768/6366/5  3775/6367/5
usemtl Ceiling
f  3775/6368/128  3768/6346/128  3771/6349/128  3774/6369/128
usemtl Ceiling
f  3773/6370/135  3775/6371/135  3774/6372/135  3772/6373/135

o entity49_brush3
usemtl SuperMarketFloo
f  3776/6374/136  3777/6375/136  3778/6376/136  3779/6377/136
usemtl SuperMarketFloo
f  3780/6378/137  3778/6379/137  3777/6380/137  3781/6381/137
usemtl SuperMarketFloo
f  3782/6382/2  3779/6383/2  3778/6384/2  3780/6385/2
usemtl SuperMarketFloo
f  3781/6386/5  3777/6387/5  3776/6388/5  3783/6389/5
usemtl SuperMarketFloo
f  3783/6390/132  3776/6391/132  3779/6392/132  3782/6393/132
usemtl SuperMarketFloo
f  3781/6394/138  3783/6395/138  3782/6396/138  3780/6397/138

o entity50_brush0
usemtl Bricks
f  3784/6398/139  3785/6399/139  3786/6400/139  3787/6401/139
usemtl Bricks
f  3788/6402/140  3786/6403/140  3785/6404/140  3789/6405/140
usemtl Bricks
f  3790/6406/2  3787/6407/2  3786/6408/2  3788/6409/2
usemtl Bricks
f  3789/6410/5  3785/6411/5  3784/6412/5  3791/6413/5
usemtl Bricks
f  3791/6414/113  3784/6415/113  3787/6416/113  3790/6417/113
usemtl Bricks
f  3789/6418/141  3791/6419/141  3790/6420/141  3788/6421/141

o entity50_brush1
usemtl Bricks
f  3792/6422/142  3793/6423/142  3794/6424/142  3795/6425/142
usemtl Bricks
f  3796/6402/115  3794/6426/115  3793/6427/115  3797/6405/115
usemtl Bricks
f  3798/6428/2  3795/6429/2  3794/6430/2  3796/6431/2
usemtl Bricks
f  3797/6432/5  3793/6433/5  3792/6434/5  3799/6435/5
usemtl Bricks
f  3799/6436/113  3792/6437/113  3795/6438/113  3798/6439/113
usemtl Bricks
f  3797/6440/143  3799/6441/143  3798/6442/143  3796/6443/143

o entity50_brush2
usemtl Ceiling
f  3800/6444/144  3801/6445/144  3802/6446/144  3803/6447/144
usemtl Ceiling
f  3804/6448/145  3802/6449/145  3801/6450/145  3805/6451/145
usemtl Ceiling
f  3806/6452/2  3803/6453/2  3802/6454/2  3804/6455/2
usemtl Ceiling
f  3805/6456/5  3801/6457/5  3800/6458/5  3807/6459/5
usemtl Ceiling
f  3807/6460/146  3800/6436/146  3803/6439/146  3806/6461/146
usemtl Ceiling
f  3805/6462/143  3807/6463/143  3806/6464/143  3804/6465/143

o entity50_brush3
usemtl SuperMarketFloo
f  3808/6466/147  3809/6467/147  3810/6468/147  3811/6469/147
usemtl SuperMarketFloo
f  3812/6470/148  3810/6471/148  3809/6472/148  3813/6473/148
usemtl SuperMarketFloo
f  3814/6474/2  3811/6475/2  3810/6476/2  3812/6477/2
usemtl SuperMarketFloo
f  3813/6478/5  3809/6479/5  3808/6480/5  3815/6481/5
usemtl SuperMarketFloo
f  3815/6482/146  3808/6415/146  3811/6416/146  3814/6483/146
usemtl SuperMarketFloo
f  3813/6484/143  3815/6485/143  3814/6486/143  3812/6487/143

o entity51_brush0
usemtl Bricks
f  3816/6488/149  3817/6489/149  3818/6490/149  3819/6491/149
usemtl Bricks
f  3820/6492/150  3818/6493/150  3817/6494/150  3821/6495/150
usemtl Bricks
f  3822/6496/2  3819/6497/2  3818/6498/2  3820/6499/2
usemtl Bricks
f  3821/6500/5  3817/6501/5  3816/6502/5  3823/6503/5
usemtl Bricks
f  3823/6504/151  3816/6505/151  3819/6506/151  3822/6507/151
usemtl Bricks
f  3820/6508/55  3821/6509/55  3823/6510/55  3822/6511/55

o entity51_brush1
usemtl Bricks
f  3824/6492/152  3825/6512/152  3826/6513/152  3827/6495/152
usemtl Bricks
f  3828/6222/153  3826/6223/153  3825/6224/153  3829/6225/153
usemtl Bricks
f  3830/6514/2  3829/6515/2  3825/6516/2  3824/6517/2
usemtl Bricks
f  3827/6518/5  3826/6519/5  3828/6520/5  3831/6521/5
usemtl Bricks
f  3831/6504/151  3828/6522/151  3829/6523/151  3830/6507/151
usemtl Bricks
f  3824/6235/55  3827/6236/55  3831/6237/55  3830/6234/55

o entity51_brush2
usemtl Ceiling
f  3832/6524/154  3833/6525/154  3834/6526/154  3835/6527/154
usemtl Ceiling
f  3836/6528/53  3834/6529/53  3833/6530/53  3837/6531/53
usemtl Ceiling
f  3838/6532/2  3835/6533/2  3834/6534/2  3836/6535/2
usemtl Ceiling
f  3837/6536/5  3833/6537/5  3832/6538/5  3839/6539/5
usemtl Ceiling
f  3839/6540/151  3832/6541/151  3835/6542/151  3838/6543/151
usemtl Ceiling
f  3836/6544/155  3837/6545/155  3839/6546/155  3838/6547/155

o entity51_brush3
usemtl SuperMarketFloo
f  3840/6548/53  3841/6549/53  3842/6550/53  3843/6551/53
usemtl SuperMarketFloo
f  3844/6552/105  3842/6553/105  3841/6554/105  3845/6555/105
usemtl SuperMarketFloo
f  3846/6556/2  3845/6557/2  3841/6558/2  3840/6559/2
usemtl SuperMarketFloo
f  3843/6560/5  3842/6561/5  3844/6562/5  3847/6563/5
usemtl SuperMarketFloo
f  3847/6564/108  3844/6565/108  3845/6566/108  3846/6567/108
usemtl SuperMarketFloo
f  3840/6568/55  3843/6569/55  3847/6570/55  3846/6571/55

o entity52_brush0
usemtl Bricks
f  3848/6572/156  3849/6573/156  3850/6574/156  3851/6575/156
usemtl Bricks
f  3852/6576/157  3850/6577/157  3849/6578/157  3853/6579/157
usemtl Bricks
f  3853/6580/2  3849/6581/2  3848/6582/2  3854/6583/2
usemtl Bricks
f  3855/6584/5  3851/6585/5  3850/6586/5  3852/6587/5
usemtl Bricks
f  3854/6588/88  3848/6589/88  3851/6590/88  3855/6591/88
usemtl Bricks
f  3855/6592/97  3852/6593/97  3853/6594/97  3854/6595/97

o entity52_brush1
usemtl Bricks
f  3856/6596/156  3857/6597/156  3858/6598/156  3859/6599/156
usemtl Bricks
f  3860/6600/158  3858/6601/158  3857/6602/158  3861/6603/158
usemtl Bricks
f  3861/6604/2  3857/6605/2  3856/6606/2  3862/6607/2
usemtl Bricks
f  3863/6608/5  3859/6609/5  3858/6610/5  3860/6611/5
usemtl Bricks
f  3862/6612/159  3856/6613/159  3859/6614/159  3863/6615/159
usemtl Bricks
f  3863/6616/97  3860/6617/97  3861/6618/97  3862/6619/97

o entity52_brush2
usemtl Ceiling
f  3864/6620/98  3865/6596/98  3866/6599/98  3867/6621/98
usemtl Ceiling
f  3868/6622/158  3866/6623/158  3865/6624/158  3869/6625/158
usemtl Ceiling
f  3869/6626/2  3865/6627/2  3864/6628/2  3870/6629/2
usemtl Ceiling
f  3871/6630/5  3867/6631/5  3866/6632/5  3868/6633/5
usemtl Ceiling
f  3870/6634/88  3864/6635/88  3867/6636/88  3871/6637/88
usemtl Ceiling
f  3871/6638/97  3868/6616/97  3869/6619/97  3870/6639/97

o entity52_brush3
usemtl SuperMarketFloo
f  3872/6640/98  3873/6641/98  3874/6642/98  3875/6643/98
usemtl SuperMarketFloo
f  3876/6644/158  3874/6645/158  3873/6646/158  3877/6647/158
usemtl SuperMarketFloo
f  3877/6648/2  3873/6649/2  3872/6650/2  3878/6651/2
usemtl SuperMarketFloo
f  3879/6652/5  3875/6653/5  3874/6654/5  3876/6655/5
usemtl SuperMarketFloo
f  3878/6656/88  3872/6657/88  3875/6658/88  3879/6659/88
usemtl SuperMarketFloo
f  3879/6660/97  3876/6617/97  3877/6618/97  3878/6661/97

o entity53_brush0
usemtl Bricks
f  3880/6662/1  3881/6663/1  3882/6664/1  3883/6665/1
usemtl Bricks
f  3884/6666/2  3882/6667/2  3881/6668/2  3885/6669/2
usemtl Bricks
f  3885/6670/3  3881/6671/3  3880/6672/3  3886/6673/3
usemtl Bricks
f  3887/6674/4  3883/6675/4  3882/6676/4  3884/6677/4
usemtl Bricks
f  3886/6678/5  3880/6679/5  3883/6680/5  3887/6681/5
usemtl Bricks
f  3887/6682/6  3884/6683/6  3885/6684/6  3886/6685/6

o entity53_brush1
usemtl Bricks
f  3888/6662/1  3889/6663/1  3890/6664/1  3891/6665/1
usemtl Bricks
f  3892/6686/2  3890/6687/2  3889/6688/2  3893/6689/2
usemtl Bricks
f  3893/6690/3  3889/6691/3  3888/6692/3  3894/6693/3
usemtl Bricks
f  3895/6694/4  3891/6695/4  3890/6696/4  3892/6697/4
usemtl Bricks
f  3894/6698/5  3888/6699/5  3891/6700/5  3895/6701/5
usemtl Bricks
f  3895/6682/6  3892/6683/6  3893/6684/6  3894/6685/6

o entity53_brush2
usemtl Ceiling
f  3896/6702/1  3897/6703/1  3898/6663/1  3899/6662/1
usemtl Ceiling
f  3900/6704/2  3898/6705/2  3897/6706/2  3901/6707/2
usemtl Ceiling
f  3901/6708/3  3897/6709/3  3896/6710/3  3902/6711/3
usemtl Ceiling
f  3903/6712/4  3899/6713/4  3898/6714/4  3900/6715/4
usemtl Ceiling
f  3902/6716/5  3896/6717/5  3899/6718/5  3903/6719/5
usemtl Ceiling
f  3903/6685/6  3900/6684/6  3901/6720/6  3902/6721/6

o entity53_brush3
usemtl SuperMarketFloo
f  3904/6722/1  3905/6723/1  3906/6664/1  3907/6665/1
usemtl SuperMarketFloo
f  3908/6724/2  3906/6725/2  3905/6726/2  3909/6727/2
usemtl SuperMarketFloo
f  3909/6728/3  3905/6714/3  3904/6713/3  3910/6729/3
usemtl SuperMarketFloo
f  3911/6730/4  3907/6710/4  3906/6709/4  3908/6731/4
usemtl SuperMarketFloo
f  3910/6732/5  3904/6733/5  3907/6734/5  3911/6735/5
usemtl SuperMarketFloo
f  3911/6682/6  3908/6683/6  3909/6736/6  3910/6737/6

o entity56_brush0
usemtl Bricks
f  3912/6738/1  3913/6739/1  3914/6740/1  3915/6741/1
usemtl Bricks
f  3916/6742/2  3914/6743/2  3913/6744/2  3917/6745/2
usemtl Bricks
f  3917/6746/3  3913/6747/3  3912/6748/3  3918/6749/3
usemtl Bricks
f  3919/6750/4  3915/6751/4  3914/6752/4  3916/6753/4
usemtl Bricks
f  3918/6754/5  3912/6755/5  3915/6756/5  3919/6757/5
usemtl Bricks
f  3919/6758/6  3916/6759/6  3917/6760/6  3918/6761/6

o entity56_brush1
usemtl Bricks
f  3920/6762/1  3921/6763/1  3922/6764/1  3923/6765/1
usemtl Bricks
f  3924/6766/2  3922/6767/2  3921/6768/2  3925/6769/2
usemtl Bricks
f  3925/6770/3  3921/6771/3  3920/6772/3  3926/6773/3
usemtl Bricks
f  3927/6774/4  3923/6775/4  3922/6776/4  3924/6777/4
usemtl Bricks
f  3926/6778/5  3920/6779/5  3923/6780/5  3927/6781/5
usemtl Bricks
f  3927/6782/6  3924/6783/6  3925/6784/6  3926/6785/6

o entity56_brush2
usemtl Ceiling
f  3928/6786/1  3929/6787/1  3930/6788/1  3931/6789/1
usemtl Ceiling
f  3932/6790/2  3930/6791/2  3929/6792/2  3933/6793/2
usemtl Ceiling
f  3933/6771/3  3929/6794/3  3928/6795/3  3934/6772/3
usemtl Ceiling
f  3935/6796/4  3931/6797/4  3930/6798/4  3932/6799/4
usemtl Ceiling
f  3934/6800/5  3928/6801/5  3931/6802/5  3935/6803/5
usemtl Ceiling
f  3935/6804/6  3932/6805/6  3933/6806/6  3934/6807/6

o entity56_brush3
usemtl SuperMarketFloo
f  3936/6808/1  3937/6809/1  3938/6810/1  3939/6811/1
usemtl SuperMarketFloo
f  3940/6812/2  3938/6813/2  3937/6814/2  3941/6815/2
usemtl SuperMarketFloo
f  3941/6816/3  3937/6817/3  3936/6818/3  3942/6819/3
usemtl SuperMarketFloo
f  3943/6820/4  3939/6821/4  3938/6822/4  3940/6823/4
usemtl SuperMarketFloo
f  3942/6824/5  3936/6825/5  3939/6826/5  3943/6827/5
usemtl SuperMarketFloo
f  3943/6828/6  3940/6829/6  3941/6830/6  3942/6831/6

o entity57_brush0
usemtl Bricks
f  3944/6832/160  3945/6833/160  3946/6834/160  3947/6835/160
usemtl Bricks
f  3948/6836/161  3946/6837/161  3945/6838/161  3949/6839/161
usemtl Bricks
f  3949/6840/2  3945/6841/2  3944/6842/2  3950/6843/2
usemtl Bricks
f  3951/6844/5  3947/6845/5  3946/6846/5  3948/6847/5
usemtl Bricks
f  3950/6848/162  3944/6849/162  3947/6850/162  3951/6851/162
usemtl Bricks
f  3951/6852/163  3948/6853/163  3949/6854/163  3950/6855/163

o entity57_brush1
usemtl Bricks
f  3952/6856/164  3953/6857/164  3954/6858/164  3955/6859/164
usemtl Bricks
f  3956/6860/165  3954/6861/165  3953/6862/165  3957/6863/165
usemtl Bricks
f  3957/704/2  3953/6864/2  3952/6865/2  3958/6866/2
usemtl Bricks
f  3959/6867/5  3955/6868/5  3954/6869/5  3956/689/5
usemtl Bricks
f  3958/6870/166  3952/6871/166  3955/6872/166  3959/6873/166
usemtl Bricks
f  3959/6874/167  3956/6875/167  3957/6876/167  3958/6877/167

o entity57_brush2
usemtl Ceiling
f  3960/6857/168  3961/6878/168  3962/6879/168  3963/6858/168
usemtl Ceiling
f  3964/6880/169  3962/6881/169  3961/6882/169  3965/6883/169
usemtl Ceiling
f  3965/6138/2  3961/6884/2  3960/6885/2  3966/96/2
usemtl Ceiling
f  3967/87/5  3963/6886/5  3962/6887/5  3964/6137/5
usemtl Ceiling
f  3966/6888/170  3960/6889/170  3963/6890/170  3967/6891/170
usemtl Ceiling
f  3967/6875/167  3964/6892/167  3965/6893/167  3966/6876/167

o entity57_brush3
usemtl SuperMarketFloo
f  3968/6856/171  3969/6894/171  3970/6895/171  3971/6859/171
usemtl SuperMarketFloo
f  3972/6896/172  3970/6897/172  3969/6898/172  3973/6899/172
usemtl SuperMarketFloo
f  3973/6900/2  3969/6161/2  3968/6158/2  3974/6901/2
usemtl SuperMarketFloo
f  3975/6902/5  3971/6157/5  3970/6154/5  3972/6903/5
usemtl SuperMarketFloo
f  3974/6904/170  3968/6905/170  3971/6906/170  3975/6907/170
usemtl SuperMarketFloo
f  3975/6908/122  3972/6909/122  3973/6910/122  3974/6911/122

o entity58_brush0
usemtl Bricks
f  3976/6912/173  3977/6913/173  3978/6914/173  3979/6915/173
usemtl Bricks
f  3980/6916/174  3978/6917/174  3977/6918/174  3981/6919/174
usemtl Bricks
f  3982/6920/2  3979/6921/2  3978/6922/2  3980/6923/2
usemtl Bricks
f  3981/6924/5  3977/6925/5  3976/6926/5  3983/6927/5
usemtl Bricks
f  3983/6928/175  3976/6929/175  3979/6930/175  3982/6931/175
usemtl Bricks
f  3981/6932/176  3983/6933/176  3982/6934/176  3980/6935/176

o entity58_brush1
usemtl Bricks
f  3984/6936/177  3985/6937/177  3986/6938/177  3987/6939/177
usemtl Bricks
f  3988/6940/178  3986/6941/178  3985/6942/178  3989/6943/178
usemtl Bricks
f  3990/6035/2  3987/6036/2  3986/6033/2  3988/6034/2
usemtl Bricks
f  3989/6031/5  3985/6032/5  3984/6029/5  3991/6030/5
usemtl Bricks
f  3991/6944/179  3984/6945/179  3987/6946/179  3990/6947/179
usemtl Bricks
f  3989/6948/180  3991/6949/180  3990/6950/180  3988/6951/180

o entity58_brush2
usemtl Ceiling
f  3992/6952/181  3993/6953/181  3994/6954/181  3995/6955/181
usemtl Ceiling
f  3996/6941/182  3994/6956/182  3993/6957/182  3997/6942/182
usemtl Ceiling
f  3998/6056/2  3995/5794/2  3994/6958/2  3996/6959/2
usemtl Ceiling
f  3997/6960/5  3993/6961/5  3992/5779/5  3999/6051/5
usemtl Ceiling
f  3999/6945/183  3992/6962/183  3995/6963/183  3998/6946/183
usemtl Ceiling
f  3997/6964/184  3999/6965/184  3998/6966/184  3996/6967/184

o entity58_brush3
usemtl SuperMarketFloo
f  4000/6968/59  4001/6969/59  4002/6970/59  4003/6971/59
usemtl SuperMarketFloo
f  4004/6940/137  4002/6972/137  4001/6973/137  4005/6943/137
usemtl SuperMarketFloo
f  4006/6076/2  4003/6077/2  4002/6974/2  4004/6975/2
usemtl SuperMarketFloo
f  4005/6976/5  4001/6977/5  4000/6072/5  4007/6073/5
usemtl SuperMarketFloo
f  4007/6978/185  4000/6979/185  4003/6980/185  4006/6981/185
usemtl SuperMarketFloo
f  4005/6982/186  4007/6983/186  4006/6984/186  4004/6985/186

o entity59_brush0
usemtl Bricks
f  4008/6986/187  4009/6987/187  4010/6988/187  4011/6989/187
usemtl Bricks
f  4012/6990/188  4010/6991/188  4009/6992/188  4013/6993/188
usemtl Bricks
f  4014/6994/2  4011/6995/2  4010/6996/2  4012/6997/2
usemtl Bricks
f  4013/6998/5  4009/6999/5  4008/7000/5  4015/7001/5
usemtl Bricks
f  4015/7002/189  4008/7003/189  4011/7004/189  4014/7005/189
usemtl Bricks
f  4013/7006/190  4015/7007/190  4014/7008/190  4012/7009/190

o entity59_brush1
usemtl Bricks
f  4016/7010/191  4017/7011/191  4018/7012/191  4019/7013/191
usemtl Bricks
f  4020/7014/192  4018/7015/192  4017/7016/192  4021/7017/192
usemtl Bricks
f  4022/7018/2  4019/7019/2  4018/7020/2  4020/5856/2
usemtl Bricks
f  4021/5853/5  4017/7021/5  4016/7022/5  4023/7023/5
usemtl Bricks
f  4023/7024/193  4016/7025/193  4019/7026/193  4022/7027/193
usemtl Bricks
f  4021/7028/194  4023/7029/194  4022/7030/194  4020/7031/194

o entity59_brush2
usemtl Ceiling
f  4024/7032/195  4025/7033/195  4026/7034/195  4027/7035/195
usemtl Ceiling
f  4028/7015/196  4026/7036/196  4025/7037/196  4029/7016/196
usemtl Ceiling
f  4030/7038/2  4027/7039/2  4026/7040/2  4028/7041/2
usemtl Ceiling
f  4029/7042/5  4025/7043/5  4024/7044/5  4031/7045/5
usemtl Ceiling
f  4031/7046/197  4024/7047/197  4027/7048/197  4030/7049/197
usemtl Ceiling
f  4029/7050/198  4031/7051/198  4030/7052/198  4028/7053/198

o entity59_brush3
usemtl SuperMarketFloo
f  4032/7054/199  4033/7055/199  4034/7056/199  4035/7057/199
usemtl SuperMarketFloo
f  4036/7058/200  4034/7059/200  4033/7060/200  4037/7061/200
usemtl SuperMarketFloo
f  4038/5892/2  4035/5891/2  4034/7062/2  4036/7063/2
usemtl SuperMarketFloo
f  4037/7064/5  4033/7065/5  4032/7066/5  4039/7067/5
usemtl SuperMarketFloo
f  4039/7068/201  4032/7069/201  4035/7070/201  4038/7071/201
usemtl SuperMarketFloo
f  4037/7072/141  4039/7073/141  4038/7074/141  4036/7075/141

o entity60_brush0
usemtl Bricks
f  4040/7076/154  4041/7077/154  4042/7078/154  4043/7079/154
usemtl Bricks
f  4044/7080/202  4042/7081/202  4041/7082/202  4045/7083/202
usemtl Bricks
f  4046/5742/2  4043/7084/2  4042/7085/2  4044/5741/2
usemtl Bricks
f  4045/5740/5  4041/7086/5  4040/7087/5  4047/5739/5
usemtl Bricks
f  4047/7088/203  4040/7089/203  4043/7090/203  4046/7091/203
usemtl Bricks
f  4044/7092/204  4045/7093/204  4047/7094/204  4046/7095/204

o entity60_brush1
usemtl Bricks
f  4048/7096/205  4049/7097/205  4050/7098/205  4051/7099/205
usemtl Bricks
f  4052/7100/106  4050/7101/106  4049/7102/106  4053/7103/106
usemtl Bricks
f  4051/5767/2  4050/5768/2  4052/5765/2  4054/5766/2
usemtl Bricks
f  4055/5763/5  4053/5764/5  4049/5761/5  4048/5762/5
usemtl Bricks
f  4054/7104/206  4052/7105/206  4053/7106/206  4055/7107/206
usemtl Bricks
f  4054/7108/207  4055/7109/207  4048/7110/207  4051/7111/207

o entity60_brush2
usemtl Ceiling
f  4056/7112/153  4057/7113/153  4058/7114/153  4059/7115/153
usemtl Ceiling
f  4060/7101/208  4058/7116/208  4057/7117/208  4061/7102/208
usemtl Ceiling
f  4059/7118/2  4058/5885/2  4060/7119/2  4062/7120/2
usemtl Ceiling
f  4063/7121/5  4061/7122/5  4057/5868/5  4056/7123/5
usemtl Ceiling
f  4062/7124/55  4060/7125/55  4061/7126/55  4063/7127/55
usemtl Ceiling
f  4062/7111/209  4063/7110/209  4056/7128/209  4059/7129/209

o entity60_brush3
usemtl SuperMarketFloo
f  4064/7100/210  4065/7130/210  4066/7131/210  4067/7103/210
usemtl SuperMarketFloo
f  4068/7132/211  4066/7133/211  4065/7134/211  4069/7135/211
usemtl SuperMarketFloo
f  4070/7136/2  4069/7137/2  4065/7138/2  4064/7139/2
usemtl SuperMarketFloo
f  4067/7140/5  4066/7141/5  4068/7142/5  4071/7143/5
usemtl SuperMarketFloo
f  4071/7144/56  4068/7145/56  4069/7146/56  4070/7147/56
usemtl SuperMarketFloo
f  4064/7148/212  4067/7149/212  4071/7150/212  4070/7151/212

o entity61_brush0
usemtl Bricks
f  4072/7152/213  4073/6857/213  4074/6858/213  4075/7153/213
usemtl Bricks
f  4076/7154/214  4074/7155/214  4073/7156/214  4077/7157/214
usemtl Bricks
f  4077/7158/2  4073/7159/2  4072/7160/2  4078/7161/2
usemtl Bricks
f  4079/7162/5  4075/7163/5  4074/7164/5  4076/7165/5
usemtl Bricks
f  4078/7166/215  4072/7167/215  4075/7168/215  4079/7169/215
usemtl Bricks
f  4079/6852/216  4076/6875/216  4077/6876/216  4078/6855/216

o entity61_brush1
usemtl Bricks
f  4080/6856/217  4081/6857/217  4082/6858/217  4083/6859/217
usemtl Bricks
f  4084/7170/45  4082/7171/45  4081/7172/45  4085/7173/45
usemtl Bricks
f  4085/1667/2  4081/2209/2  4080/6194/2  4086/6195/2
usemtl Bricks
f  4087/6184/5  4083/6185/5  4082/2202/5  4084/1653/5
usemtl Bricks
f  4086/7174/218  4080/7175/218  4083/7176/218  4087/7177/218
usemtl Bricks
f  4087/6874/219  4084/6875/219  4085/6876/219  4086/6877/219

o entity61_brush2
usemtl Ceiling
f  4088/6857/217  4089/6878/217  4090/6879/217  4091/6858/217
usemtl Ceiling
f  4092/7178/158  4090/6880/158  4089/6883/158  4093/7179/158
usemtl Ceiling
f  4093/7180/2  4089/6138/2  4088/96/2  4094/7181/2
usemtl Ceiling
f  4095/7182/5  4091/87/5  4090/6137/5  4092/7183/5
usemtl Ceiling
f  4094/7184/220  4088/6888/220  4091/6891/220  4095/7185/220
usemtl Ceiling
f  4095/6875/216  4092/6892/216  4093/6893/216  4094/6876/216

o entity61_brush3
usemtl SuperMarketFloo
f  4096/6856/221  4097/6894/221  4098/6895/221  4099/6859/221
usemtl SuperMarketFloo
f  4100/7186/91  4098/7187/91  4097/7188/91  4101/7189/91
usemtl SuperMarketFloo
f  4101/7190/2  4097/6217/2  4096/6215/2  4102/7191/2
usemtl SuperMarketFloo
f  4103/7192/5  4099/6210/5  4098/2330/5  4100/7193/5
usemtl SuperMarketFloo
f  4102/7194/220  4096/7195/220  4099/7196/220  4103/7197/220
usemtl SuperMarketFloo
f  4103/7198/222  4100/7199/222  4101/7200/222  4102/7201/222

o entity62_brush0
usemtl Bricks
f  4104/7202/1  4105/7203/1  4106/7204/1  4107/129/1
usemtl Bricks
f  4108/1653/2  4106/729/2  4105/7205/2  4109/6184/2
usemtl Bricks
f  4109/7206/3  4105/7207/3  4104/1657/3  4110/1656/3
usemtl Bricks
f  4111/1663/4  4107/1662/4  4106/7208/4  4108/7209/4
usemtl Bricks
f  4110/6195/5  4104/7210/5  4107/1666/5  4111/1667/5
usemtl Bricks
f  4111/142/6  4108/7211/6  4109/7212/6  4110/7213/6

o entity62_brush1
usemtl Bricks
f  4112/7202/1  4113/7203/1  4114/7204/1  4115/129/1
usemtl Bricks
f  4116/691/2  4114/692/2  4113/6180/2  4117/6181/2
usemtl Bricks
f  4117/7214/3  4113/7215/3  4112/1671/3  4118/1670/3
usemtl Bricks
f  4119/1677/4  4115/1676/4  4114/7216/4  4116/7217/4
usemtl Bricks
f  4118/6170/5  4112/6171/5  4115/1680/5  4119/1681/5
usemtl Bricks
f  4119/142/6  4116/7211/6  4117/7212/6  4118/7213/6

o entity62_brush2
usemtl Ceiling
f  4120/129/1  4121/7204/1  4122/7218/1  4123/7219/1
usemtl Ceiling
f  4124/1933/2  4122/1951/2  4121/6206/2  4125/2308/2
usemtl Ceiling
f  4125/7220/3  4121/7221/3  4120/7222/3  4126/7223/3
usemtl Ceiling
f  4127/7224/4  4123/7225/4  4122/7226/4  4124/7227/4
usemtl Ceiling
f  4126/722/5  4120/2225/5  4123/1960/5  4127/1942/5
usemtl Ceiling
f  4127/7228/6  4124/7229/6  4125/7211/6  4126/142/6

o entity62_brush3
usemtl SuperMarketFloo
f  4128/7202/1  4129/7203/1  4130/7230/1  4131/2030/1
usemtl SuperMarketFloo
f  4132/671/2  4130/1685/2  4129/7231/2  4133/7232/2
usemtl SuperMarketFloo
f  4133/7233/3  4129/7234/3  4128/133/3  4134/132/3
usemtl SuperMarketFloo
f  4135/139/4  4131/138/4  4130/7235/4  4132/7236/4
usemtl SuperMarketFloo
f  4134/7237/5  4128/7238/5  4131/1690/5  4135/682/5
usemtl SuperMarketFloo
f  4135/2035/6  4132/7239/6  4133/7212/6  4134/7213/6

o entity64_brush0
usemtl Bricks
f  4136/7240/69  4137/7241/69  4138/7242/69  4139/7243/69
usemtl Bricks
f  4140/7244/131  4138/7245/131  4137/7246/131  4141/7247/131
usemtl Bricks
f  4142/7248/2  4139/7249/2  4138/7250/2  4140/7251/2
usemtl Bricks
f  4141/7252/5  4137/7253/5  4136/7254/5  4143/7255/5
usemtl Bricks
f  4143/7256/223  4136/7257/223  4139/7258/223  4142/7259/223
usemtl Bricks
f  4141/7260/133  4143/7261/133  4142/7262/133  4140/7263/133

o entity64_brush1
usemtl Bricks
f  4144/7264/63  4145/7265/63  4146/7266/63  4147/7267/63
usemtl Bricks
f  4148/7268/131  4146/7269/131  4145/7270/131  4149/7271/131
usemtl Bricks
f  4150/7272/2  4147/7273/2  4146/7274/2  4148/7275/2
usemtl Bricks
f  4149/7276/5  4145/7277/5  4144/7278/5  4151/7279/5
usemtl Bricks
f  4151/7280/224  4144/7281/224  4147/7282/224  4150/7283/224
usemtl Bricks
f  4149/7284/133  4151/7285/133  4150/7286/133  4148/7287/133

o entity64_brush2
usemtl Ceiling
f  4152/7265/63  4153/7288/63  4154/7289/63  4155/7266/63
usemtl Ceiling
f  4156/7290/225  4154/7291/225  4153/7292/225  4157/7293/225
usemtl Ceiling
f  4158/7294/2  4155/6278/2  4154/6277/2  4156/7295/2
usemtl Ceiling
f  4157/7296/5  4153/6274/5  4152/6273/5  4159/7297/5
usemtl Ceiling
f  4159/7298/224  4152/7299/224  4155/7300/224  4158/7301/224
usemtl Ceiling
f  4157/7302/133  4159/7284/133  4158/7287/133  4156/7303/133

o entity64_brush3
usemtl SuperMarketFloo
f  4160/7264/130  4161/7304/130  4162/7305/130  4163/7267/130
usemtl SuperMarketFloo
f  4164/7306/131  4162/7307/131  4161/7308/131  4165/7309/131
usemtl SuperMarketFloo
f  4166/7310/2  4163/7311/2  4162/7312/2  4164/7313/2
usemtl SuperMarketFloo
f  4165/7314/5  4161/7315/5  4160/7316/5  4167/7317/5
usemtl SuperMarketFloo
f  4167/7318/224  4160/7319/224  4163/7320/224  4166/7321/224
usemtl SuperMarketFloo
f  4165/7322/133  4167/7285/133  4166/7286/133  4164/7323/133

o entity65_brush0
usemtl Bricks
f  4168/7324/226  4169/7325/226  4170/7326/226  4171/7327/226
usemtl Bricks
f  4172/7328/227  4170/7329/227  4169/7330/227  4173/7331/227
usemtl Bricks
f  4173/7332/2  4169/7333/2  4168/7334/2  4174/7335/2
usemtl Bricks
f  4175/7336/5  4171/7337/5  4170/7338/5  4172/7339/5
usemtl Bricks
f  4174/7340/228  4168/7341/228  4171/7342/228  4175/7343/228
usemtl Bricks
f  4175/7344/229  4172/7345/229  4173/7346/229  4174/7347/229

o entity65_brush1
usemtl Bricks
f  4176/7348/79  4177/7349/79  4178/7350/79  4179/7351/79
usemtl Bricks
f  4180/7352/230  4178/7353/230  4177/7354/230  4181/7355/230
usemtl Bricks
f  4181/7356/2  4177/7357/2  4176/7358/2  4182/7359/2
usemtl Bricks
f  4183/7360/5  4179/7361/5  4178/7362/5  4180/7363/5
usemtl Bricks
f  4182/7364/121  4176/7365/121  4179/7366/121  4183/7367/121
usemtl Bricks
f  4183/7368/125  4180/7369/125  4181/7370/125  4182/7371/125

o entity65_brush2
usemtl Ceiling
f  4184/7372/231  4185/7373/231  4186/7374/231  4187/7375/231
usemtl Ceiling
f  4188/7353/227  4186/7376/227  4185/7377/227  4189/7354/227
usemtl Ceiling
f  4189/7378/2  4185/7379/2  4184/7380/2  4190/7381/2
usemtl Ceiling
f  4191/7382/5  4187/7383/5  4186/7384/5  4188/7385/5
usemtl Ceiling
f  4190/7365/232  4184/7386/232  4187/7387/232  4191/7366/232
usemtl Ceiling
f  4191/7388/123  4188/7389/123  4189/7390/123  4190/7391/123

o entity65_brush3
usemtl SuperMarketFloo
f  4192/7392/233  4193/7393/233  4194/7394/233  4195/7395/233
usemtl SuperMarketFloo
f  4196/7396/230  4194/7397/230  4193/7398/230  4197/7399/230
usemtl SuperMarketFloo
f  4197/7400/2  4193/7401/2  4192/7402/2  4198/7403/2
usemtl SuperMarketFloo
f  4199/7404/5  4195/7405/5  4194/7406/5  4196/7407/5
usemtl SuperMarketFloo
f  4198/7408/84  4192/7409/84  4195/7410/84  4199/7411/84
usemtl SuperMarketFloo
f  4199/7412/234  4196/7413/234  4197/7414/234  4198/7415/234

o entity66_brush0
usemtl Bricks
f  4200/7416/98  4201/7417/98  4202/7418/98  4203/7419/98
usemtl Bricks
f  4204/7420/158  4202/7421/158  4201/7422/158  4205/7423/158
usemtl Bricks
f  4205/7424/2  4201/7425/2  4200/7426/2  4206/7427/2
usemtl Bricks
f  4207/7428/5  4203/7429/5  4202/7430/5  4204/7431/5
usemtl Bricks
f  4206/7432/235  4200/7433/235  4203/7434/235  4207/7435/235
usemtl Bricks
f  4207/7436/236  4204/7437/236  4205/7438/236  4206/7439/236

o entity66_brush1
usemtl Bricks
f  4208/7440/156  4209/7441/156  4210/7442/156  4211/7443/156
usemtl Bricks
f  4212/7444/158  4210/7445/158  4209/7446/158  4213/7447/158
usemtl Bricks
f  4213/7448/2  4209/7449/2  4208/7450/2  4214/7451/2
usemtl Bricks
f  4215/7452/5  4211/7453/5  4210/7454/5  4212/7455/5
usemtl Bricks
f  4214/7456/88  4208/7433/88  4211/7434/88  4215/7457/88
usemtl Bricks
f  4215/7458/237  4212/7459/237  4213/7460/237  4214/7461/237

o entity66_brush2
usemtl Ceiling
f  4216/7462/156  4217/7463/156  4218/7464/156  4219/7465/156
usemtl Ceiling
f  4220/7445/238  4218/7466/238  4217/7467/238  4221/7446/238
usemtl Ceiling
f  4221/7468/2  4217/7469/2  4216/7470/2  4222/7471/2
usemtl Ceiling
f  4223/7472/5  4219/7473/5  4218/7474/5  4220/7475/5
usemtl Ceiling
f  4222/7476/239  4216/7477/239  4219/7478/239  4223/7479/239
usemtl Ceiling
f  4223/7480/240  4220/7481/240  4221/7482/240  4222/7483/240

o entity66_brush3
usemtl SuperMarketFloo
f  4224/7484/156  4225/7485/156  4226/7486/156  4227/7487/156
usemtl SuperMarketFloo
f  4228/7420/238  4226/7488/238  4225/7489/238  4229/7423/238
usemtl SuperMarketFloo
f  4229/7490/2  4225/7491/2  4224/7492/2  4230/7493/2
usemtl SuperMarketFloo
f  4231/7494/5  4227/7495/5  4226/7496/5  4228/7497/5
usemtl SuperMarketFloo
f  4230/7498/241  4224/7499/241  4227/7500/241  4231/7501/241
usemtl SuperMarketFloo
f  4231/7502/242  4228/7503/242  4229/7504/242  4230/7505/242

o entity67_brush0
usemtl Bricks
f  4232/7506/53  4233/7507/53  4234/7508/53  4235/7509/53
usemtl Bricks
f  4236/7510/243  4234/7511/243  4233/7512/243  4237/7513/243
usemtl Bricks
f  4237/7514/2  4233/7515/2  4232/7516/2  4238/7517/2
usemtl Bricks
f  4239/7518/5  4235/7519/5  4234/7520/5  4236/7521/5
usemtl Bricks
f  4238/7522/244  4232/7523/244  4235/7524/244  4239/7525/244
usemtl Bricks
f  4239/7526/245  4236/7527/245  4237/7528/245  4238/7529/245

o entity67_brush1
usemtl Bricks
f  4240/7530/53  4241/7531/53  4242/7532/53  4243/7533/53
usemtl Bricks
f  4244/7534/243  4242/7535/243  4241/7536/243  4245/7537/243
usemtl Bricks
f  4246/7538/2  4245/7539/2  4241/7540/2  4240/7541/2
usemtl Bricks
f  4243/7542/5  4242/7543/5  4244/7544/5  4247/7545/5
usemtl Bricks
f  4247/7546/108  4244/7547/108  4245/7548/108  4246/7549/108
usemtl Bricks
f  4240/7550/246  4243/7551/246  4247/7552/246  4246/7553/246

o entity67_brush2
usemtl Ceiling
f  4248/7554/247  4249/7555/247  4250/7556/247  4251/7557/247
usemtl Ceiling
f  4252/7558/243  4250/7559/243  4249/7560/243  4253/7561/243
usemtl Ceiling
f  4253/7562/2  4249/7563/2  4248/7564/2  4254/7565/2
usemtl Ceiling
f  4255/7566/5  4251/7567/5  4250/7568/5  4252/7569/5
usemtl Ceiling
f  4254/7570/55  4248/7571/55  4251/7572/55  4255/7573/55
usemtl Ceiling
f  4255/7574/248  4252/7575/248  4253/7576/248  4254/7577/248

o entity67_brush3
usemtl SuperMarketFloo
f  4256/7578/53  4257/7579/53  4258/7580/53  4259/7581/53
usemtl SuperMarketFloo
f  4260/7534/153  4258/7582/153  4257/7583/153  4261/7537/153
usemtl SuperMarketFloo
f  4261/7584/2  4257/7585/2  4256/7586/2  4262/7587/2
usemtl SuperMarketFloo
f  4263/7588/5  4259/7589/5  4258/7590/5  4260/7591/5
usemtl SuperMarketFloo
f  4262/7553/55  4256/7592/55  4259/7593/55  4263/7552/55
usemtl SuperMarketFloo
f  4263/7594/56  4260/7595/56  4261/7596/56  4262/7597/56

o entity68_brush0
usemtl Bricks
f  4264/7598/199  4265/7599/199  4266/7600/199  4267/7601/199
usemtl Bricks
f  4268/7268/115  4266/7269/115  4265/7270/115  4269/7271/115
usemtl Bricks
f  4270/7602/2  4267/7603/2  4266/7604/2  4268/7605/2
usemtl Bricks
f  4269/7606/5  4265/7607/5  4264/7608/5  4271/7609/5
usemtl Bricks
f  4271/7610/249  4264/7611/249  4267/7612/249  4270/7613/249
usemtl Bricks
f  4269/7614/143  4271/7615/143  4270/7616/143  4268/7617/143

o entity68_brush1
usemtl Bricks
f  4272/7618/199  4273/7619/199  4274/7620/199  4275/7621/199
usemtl Bricks
f  4276/7622/250  4274/7623/250  4273/7624/250  4277/7625/250
usemtl Bricks
f  4278/7626/2  4275/7627/2  4274/7628/2  4276/7629/2
usemtl Bricks
f  4277/7630/5  4273/7631/5  4272/7632/5  4279/7633/5
usemtl Bricks
f  4279/7634/113  4272/7635/113  4275/7636/113  4278/7637/113
usemtl Bricks
f  4277/7614/143  4279/7638/143  4278/7639/143  4276/7617/143

o entity68_brush2
usemtl Ceiling
f  4280/7619/199  4281/7640/199  4282/7641/199  4283/7620/199
usemtl Ceiling
f  4284/7642/115  4282/7643/115  4281/7644/115  4285/7645/115
usemtl Ceiling
f  4286/7646/2  4283/7647/2  4282/7648/2  4284/7649/2
usemtl Ceiling
f  4285/7650/5  4281/7651/5  4280/7652/5  4287/7653/5
usemtl Ceiling
f  4287/7654/113  4280/7655/113  4283/7656/113  4286/7657/113
usemtl Ceiling
f  4285/7658/141  4287/7614/141  4286/7617/141  4284/7659/141

o entity68_brush3
usemtl SuperMarketFloo
f  4288/7618/199  4289/7660/199  4290/7661/199  4291/7621/199
usemtl SuperMarketFloo
f  4292/7662/115  4290/7663/115  4289/7664/115  4293/7665/115
usemtl SuperMarketFloo
f  4294/7666/2  4291/7667/2  4290/7668/2  4292/7669/2
usemtl SuperMarketFloo
f  4293/7670/5  4289/7671/5  4288/7672/5  4295/7673/5
usemtl SuperMarketFloo
f  4295/7674/113  4288/7675/113  4291/7676/113  4294/7677/113
usemtl SuperMarketFloo
f  4293/7678/141  4295/7679/141  4294/7680/141  4292/7681/141

o entity69_brush0
usemtl Bricks
f  4296/7682/1  4297/7683/1  4298/7684/1  4299/7685/1
usemtl Bricks
f  4300/7686/2  4298/7687/2  4297/7688/2  4301/7689/2
usemtl Bricks
f  4301/7690/3  4297/7691/3  4296/7692/3  4302/7693/3
usemtl Bricks
f  4303/7694/4  4299/7695/4  4298/7696/4  4300/7697/4
usemtl Bricks
f  4302/7698/5  4296/7699/5  4299/7700/5  4303/7701/5
usemtl Bricks
f  4303/7702/6  4300/7703/6  4301/7704/6  4302/7705/6

o entity69_brush1
usemtl Bricks
f  4304/7682/1  4305/7683/1  4306/7684/1  4307/7685/1
usemtl Bricks
f  4308/6680/2  4306/6681/2  4305/6678/2  4309/6679/2
usemtl Bricks
f  4309/7706/3  4305/7707/3  4304/7708/3  4310/7709/3
usemtl Bricks
f  4311/7710/4  4307/7711/4  4306/7712/4  4308/7713/4
usemtl Bricks
f  4310/6668/5  4304/6669/5  4307/6666/5  4311/6667/5
usemtl Bricks
f  4311/7702/6  4308/7703/6  4309/7704/6  4310/7705/6

o entity69_brush2
usemtl Ceiling
f  4312/7714/1  4313/7715/1  4314/7683/1  4315/7682/1
usemtl Ceiling
f  4316/7716/2  4314/6718/2  4313/6717/2  4317/7717/2
usemtl Ceiling
f  4317/7718/3  4313/7719/3  4312/7720/3  4318/7721/3
usemtl Ceiling
f  4319/7722/4  4315/7723/4  4314/7724/4  4316/7725/4
usemtl Ceiling
f  4318/7726/5  4312/6706/5  4315/6705/5  4319/7727/5
usemtl Ceiling
f  4319/7705/6  4316/7704/6  4317/7728/6  4318/7729/6

o entity69_brush3
usemtl SuperMarketFloo
f  4320/7730/1  4321/7731/1  4322/7684/1  4323/7685/1
usemtl SuperMarketFloo
f  4324/7732/2  4322/7733/2  4321/7734/2  4325/7735/2
usemtl SuperMarketFloo
f  4325/7736/3  4321/7737/3  4320/7738/3  4326/7739/3
usemtl SuperMarketFloo
f  4327/7740/4  4323/7741/4  4322/7742/4  4324/7743/4
usemtl SuperMarketFloo
f  4326/7744/5  4320/7745/5  4323/7746/5  4327/7747/5
usemtl SuperMarketFloo
f  4327/7702/6  4324/7703/6  4325/7748/6  4326/7749/6

o entity70_brush0
usemtl Metal Texture
f  4328/7750/1  4329/7751/1  4330/7752/1  4331/7753/1
usemtl Metal Texture
f  4332/7754/9  4330/7755/9  4329/7756/9  4333/7757/9
usemtl Metal Texture
f  4334/7758/10  4331/7759/10  4330/7760/10  4332/7761/10
usemtl Metal Texture
f  4333/7762/11  4329/7763/11  4328/7764/11  4335/7765/11
usemtl Metal Texture
f  4335/7766/12  4328/7767/12  4331/7768/12  4334/7769/12
usemtl Metal Texture
f  4333/7770/6  4335/7771/6  4334/7772/6  4332/7773/6

o entity70_brush1
usemtl Metal Texture
f  4336/7774/1  4337/7775/1  4338/7750/1  4339/7776/1
usemtl Metal Texture
f  4340/7777/9  4338/7778/9  4337/7779/9  4341/7780/9
usemtl Metal Texture
f  4342/7781/10  4339/7782/10  4338/7783/10  4340/7784/10
usemtl Metal Texture
f  4341/7785/11  4337/7786/11  4336/7787/11  4343/7788/11
usemtl Metal Texture
f  4343/7789/12  4336/7790/12  4339/7791/12  4342/7792/12
usemtl Metal Texture
f  4341/7793/6  4343/7794/6  4342/7795/6  4340/7771/6

o entity70_brush2
usemtl Metal Texture
f  4344/7752/1  4345/7796/1  4346/7797/1  4347/7798/1
usemtl Metal Texture
f  4348/7799/9  4346/7800/9  4345/7801/9  4349/7802/9
usemtl Metal Texture
f  4350/7803/10  4347/7804/10  4346/7805/10  4348/7806/10
usemtl Metal Texture
f  4349/7807/11  4345/7808/11  4344/7809/11  4351/7810/11
usemtl Metal Texture
f  4351/7811/12  4344/7812/12  4347/7813/12  4350/7814/12
usemtl Metal Texture
f  4349/7815/6  4351/7773/6  4350/7816/6  4348/7817/6

o entity70_brush3
usemtl Metal Texture
f  4352/7818/1  4353/658/1  4354/7819/1  4355/7820/1
usemtl Metal Texture
f  4356/7821/251  4354/7822/251  4353/7823/251  4357/7824/251
usemtl Metal Texture
f  4358/7825/252  4355/7826/252  4354/7827/252  4356/7828/252
usemtl Metal Texture
f  4357/7829/253  4353/7830/253  4352/7831/253  4359/7832/253
usemtl Metal Texture
f  4359/7833/254  4352/7834/254  4355/7835/254  4358/7836/254
usemtl Metal Texture
f  4356/7837/6  4357/7838/6  4359/7839/6  4358/7840/6

o entity70_brush4
usemtl Metal Texture
f  4360/7841/1  4361/7842/1  4362/656/1  4363/7843/1
usemtl Metal Texture
f  4364/7830/9  4362/7844/9  4361/7845/9  4365/7831/9
usemtl Metal Texture
f  4366/7822/10  4363/7846/10  4362/7847/10  4364/7823/10
usemtl Metal Texture
f  4365/7834/11  4361/7848/11  4360/7849/11  4367/7835/11
usemtl Metal Texture
f  4367/7826/12  4360/7850/12  4363/7851/12  4366/7827/12
usemtl Metal Texture
f  4365/7818/6  4367/7820/6  4366/7819/6  4364/658/6

o entity70_brush5
usemtl Metal Texture
f  4368/7852/1  4369/7853/1  4370/7854/1  4371/7855/1
usemtl Metal Texture
f  4372/7856/9  4370/7857/9  4369/7858/9  4373/7859/9
usemtl Metal Texture
f  4374/7860/10  4371/7861/10  4370/7862/10  4372/7863/10
usemtl Metal Texture
f  4373/7864/11  4369/7865/11  4368/7866/11  4375/7867/11
usemtl Metal Texture
f  4375/7868/12  4368/7869/12  4371/7870/12  4374/7871/12
usemtl Metal Texture
f  4373/7872/6  4375/7873/6  4374/7874/6  4372/7875/6

o entity70_brush6
usemtl Metal Texture
f  4376/7815/1  4377/7817/1  4378/7816/1  4379/7773/1
usemtl Metal Texture
f  4380/7876/251  4378/7803/251  4377/7806/251  4381/7877/251
usemtl Metal Texture
f  4382/7878/252  4379/7811/252  4378/7814/252  4380/7879/252
usemtl Metal Texture
f  4381/7880/253  4377/7799/253  4376/7802/253  4383/7881/253
usemtl Metal Texture
f  4383/7882/254  4376/7807/254  4379/7810/254  4382/7883/254
usemtl Metal Texture
f  4380/242/6  4381/241/6  4383/240/6  4382/239/6

o entity70_brush7
usemtl Metal Texture
f  4384/7770/1  4385/7773/1  4386/7772/1  4387/7771/1
usemtl Metal Texture
f  4388/7884/251  4386/7758/251  4385/7761/251  4389/7885/251
usemtl Metal Texture
f  4390/7886/252  4387/7766/252  4386/7769/252  4388/7887/252
usemtl Metal Texture
f  4389/7888/253  4385/7754/253  4384/7757/253  4391/7889/253
usemtl Metal Texture
f  4391/7890/254  4384/7762/254  4387/7765/254  4390/7891/254
usemtl Metal Texture
f  4388/259/6  4389/239/6  4391/258/6  4390/257/6

o entity70_brush8
usemtl Metal Texture
f  4392/7892/1  4393/7873/1  4394/7893/1  4395/7894/1
usemtl Metal Texture
f  4396/7895/251  4394/7896/251  4393/7897/251  4397/7898/251
usemtl Metal Texture
f  4398/7899/252  4395/7900/252  4394/7901/252  4396/7902/252
usemtl Metal Texture
f  4397/7903/253  4393/7904/253  4392/7905/253  4399/7906/253
usemtl Metal Texture
f  4399/7907/254  4392/7908/254  4395/7909/254  4398/7910/254
usemtl Metal Texture
f  4396/7911/6  4397/7912/6  4399/7913/6  4398/7914/6

o entity70_brush9
usemtl Metal Texture
f  4400/7915/1  4401/7916/1  4402/7917/1  4403/7918/1
usemtl Metal Texture
f  4404/7919/9  4402/7920/9  4401/7921/9  4405/7922/9
usemtl Metal Texture
f  4406/7923/10  4403/7924/10  4402/7925/10  4404/7926/10
usemtl Metal Texture
f  4405/7927/11  4401/7928/11  4400/7929/11  4407/7930/11
usemtl Metal Texture
f  4407/7931/12  4400/7932/12  4403/7933/12  4406/7934/12
usemtl Metal Texture
f  4405/240/6  4407/239/6  4406/242/6  4404/241/6

o entity70_brush10
usemtl Metal Texture
f  4408/7935/1  4409/7894/1  4410/7936/1  4411/658/1
usemtl Metal Texture
f  4412/7937/251  4410/7938/251  4409/7939/251  4413/7940/251
usemtl Metal Texture
f  4414/7941/252  4411/7942/252  4410/7943/252  4412/7944/252
usemtl Metal Texture
f  4413/7945/253  4409/7946/253  4408/7947/253  4415/7948/253
usemtl Metal Texture
f  4415/7949/254  4408/7950/254  4411/7951/254  4414/7952/254
usemtl Metal Texture
f  4412/7953/6  4413/7914/6  4415/7954/6  4414/7838/6

o entity70_brush11
usemtl Metal Texture
f  4416/7872/1  4417/7875/1  4418/7874/1  4419/7873/1
usemtl Metal Texture
f  4420/7955/251  4418/7860/251  4417/7863/251  4421/7956/251
usemtl Metal Texture
f  4422/7957/252  4419/7868/252  4418/7871/252  4420/7958/252
usemtl Metal Texture
f  4421/7959/253  4417/7856/253  4416/7859/253  4423/7960/253
usemtl Metal Texture
f  4423/7961/254  4416/7864/254  4419/7867/254  4422/7962/254
usemtl Metal Texture
f  4420/7963/6  4421/7964/6  4423/7965/6  4422/7912/6

o entity70_brush12
usemtl Metal Texture
f  4424/7793/1  4425/7771/1  4426/7795/1  4427/7794/1
usemtl Metal Texture
f  4428/7966/251  4426/7781/251  4425/7784/251  4429/7967/251
usemtl Metal Texture
f  4430/7968/252  4427/7789/252  4426/7792/252  4428/7969/252
usemtl Metal Texture
f  4429/7970/253  4425/7777/253  4424/7780/253  4431/7971/253
usemtl Metal Texture
f  4431/7972/254  4424/7785/254  4427/7788/254  4430/7973/254
usemtl Metal Texture
f  4428/7974/6  4429/257/6  4431/7975/6  4430/7976/6

o entity70_brush13
usemtl Metal Texture
f  4432/7977/1  4433/7978/1  4434/7852/1  4435/7979/1
usemtl Metal Texture
f  4436/7904/9  4434/7980/9  4433/7981/9  4437/7905/9
usemtl Metal Texture
f  4438/7896/10  4435/7982/10  4434/7983/10  4436/7897/10
usemtl Metal Texture
f  4437/7908/11  4433/7984/11  4432/7985/11  4439/7909/11
usemtl Metal Texture
f  4439/7900/12  4432/7986/12  4435/7987/12  4438/7901/12
usemtl Metal Texture
f  4437/7892/6  4439/7894/6  4438/7893/6  4436/7873/6

o entity70_brush14
usemtl Metal Texture
f  4440/7988/1  4441/7794/1  4442/7989/1  4443/7875/1
usemtl Metal Texture
f  4444/7990/251  4442/7991/251  4441/7992/251  4445/7993/251
usemtl Metal Texture
f  4446/7994/252  4443/7995/252  4442/7996/252  4444/7997/252
usemtl Metal Texture
f  4445/7998/253  4441/7999/253  4440/8000/253  4447/8001/253
usemtl Metal Texture
f  4447/8002/254  4440/8003/254  4443/8004/254  4446/8005/254
usemtl Metal Texture
f  4444/8006/6  4445/7976/6  4447/8007/6  4446/7964/6

o entity70_brush15
usemtl Metal Texture
f  4448/240/255  4449/241/255  4450/239/255
usemtl Metal Texture
f  4450/239/256  4449/241/256  4451/242/256
usemtl Metal Texture
f  4452/8008/257  4449/7919/257  4453/8009/257
usemtl Metal Texture
f  4454/8010/258  4449/8011/258  4452/8012/258
usemtl Metal Texture
f  4453/8013/259  4449/8014/259  4448/8015/259
usemtl Metal Texture
f  4451/8016/260  4449/8017/260  4454/8018/260
usemtl Metal Texture
f  4454/8019/2  4452/8020/2  4453/8021/2  4455/8022/2
usemtl Metal Texture
f  4455/8023/261  4453/8024/261  4448/8025/261  4450/8026/261
usemtl Metal Texture
f  4451/8027/262  4454/8028/262  4455/8029/262  4450/8030/262

o entity70_brush16
usemtl Metal Texture
f  4456/656/1  4457/8031/1  4458/7977/1  4459/8032/1
usemtl Metal Texture
f  4460/7946/9  4458/8033/9  4457/8034/9  4461/7947/9
usemtl Metal Texture
f  4462/7938/10  4459/8035/10  4458/8036/10  4460/7939/10
usemtl Metal Texture
f  4461/7950/11  4457/8037/11  4456/8038/11  4463/7951/11
usemtl Metal Texture
f  4463/7942/12  4456/8039/12  4459/8040/12  4462/7943/12
usemtl Metal Texture
f  4461/7935/6  4463/658/6  4462/7936/6  4460/7894/6

o entity70_brush17
usemtl Metal Texture
f  4464/7854/1  4465/8041/1  4466/7774/1  4467/8042/1
usemtl Metal Texture
f  4468/7999/9  4466/8043/9  4465/8044/9  4469/8000/9
usemtl Metal Texture
f  4470/7991/10  4467/8045/10  4466/8046/10  4468/7992/10
usemtl Metal Texture
f  4469/8003/11  4465/8047/11  4464/8048/11  4471/8004/11
usemtl Metal Texture
f  4471/7995/12  4464/8049/12  4467/8050/12  4470/7996/12
usemtl Metal Texture
f  4469/7988/6  4471/7875/6  4470/7989/6  4468/7794/6

o entity70_brush18
usemtl Metal Texture
f  4472/293/1  4473/8051/1  4474/309/1  4475/8052/1
usemtl Metal Texture
f  4476/8053/9  4474/8054/9  4473/8055/9  4477/8056/9
usemtl Metal Texture
f  4478/8057/10  4475/8058/10  4474/8059/10  4476/8060/10
usemtl Metal Texture
f  4477/8061/11  4473/8062/11  4472/8063/11
usemtl Metal Texture
f  4472/8064/12  4475/8065/12  4478/8066/12
usemtl Metal Texture
f  4477/8051/14  4472/293/14  4478/8052/14
usemtl Metal Texture
f  4478/8052/6  4476/309/6  4477/8051/6

o entity70_brush19
usemtl Metal Texture
f  4479/8067/15  4480/8068/15  4481/8069/15  4482/8070/15
usemtl Metal Texture
f  4483/8071/16  4481/8072/16  4480/8073/16  4484/8074/16
usemtl Metal Texture
f  4484/8075/2  4480/8076/2  4479/8077/2  4485/8078/2
usemtl Metal Texture
f  4486/8079/5  4482/8080/5  4481/8081/5  4483/8082/5
usemtl Metal Texture
f  4485/8083/17  4479/8084/17  4482/8085/17  4486/8086/17
usemtl Metal Texture
f  4486/8087/18  4483/8088/18  4484/8089/18  4485/8090/18

o entity70_brush20
usemtl Metal Texture
f  4487/309/263  4488/293/263  4489/8051/263
usemtl Metal Texture
f  4490/8052/264  4488/293/264  4487/309/264
usemtl Metal Texture
f  4491/8091/265  4488/8092/265  4492/8093/265
usemtl Metal Texture
f  4492/8094/266  4488/8095/266  4493/8096/266
usemtl Metal Texture
f  4489/8061/267  4488/8063/267  4491/8097/267
usemtl Metal Texture
f  4493/8098/268  4488/8099/268  4490/8100/268
usemtl Metal Texture
f  4494/8101/5  4491/8102/5  4492/8103/5  4493/8104/5
usemtl Metal Texture
f  4487/8105/269  4489/8106/269  4491/8107/269  4494/8108/269
usemtl Metal Texture
f  4490/8109/270  4487/8110/270  4494/8111/270  4493/8112/270

o entity70_brush21
usemtl Metal Texture
f  4495/293/263  4496/276/263  4497/292/263
usemtl Metal Texture
f  4498/294/264  4496/276/264  4495/293/264
usemtl Metal Texture
f  4499/8113/265  4496/8114/265  4500/8115/265
usemtl Metal Texture
f  4500/8116/266  4496/8117/266  4501/8118/266
usemtl Metal Texture
f  4497/303/267  4496/305/267  4499/8119/267
usemtl Metal Texture
f  4501/8120/268  4496/8121/268  4498/8122/268
usemtl Metal Texture
f  4502/8123/5  4499/8124/5  4500/8125/5  4501/8126/5
usemtl Metal Texture
f  4495/8127/269  4497/8128/269  4499/8129/269  4502/8130/269
usemtl Metal Texture
f  4498/8131/270  4495/8132/270  4502/8133/270  4501/8134/270

o entity70_brush22
usemtl Metal Texture
f  4503/8135/15  4504/8136/15  4505/8137/15  4506/8138/15
usemtl Metal Texture
f  4507/8139/16  4505/8140/16  4504/8141/16  4508/8142/16
usemtl Metal Texture
f  4508/8143/2  4504/8144/2  4503/8145/2  4509/8146/2
usemtl Metal Texture
f  4510/8147/5  4506/8148/5  4505/8149/5  4507/8150/5
usemtl Metal Texture
f  4509/8151/17  4503/8152/17  4506/8153/17  4510/8154/17
usemtl Metal Texture
f  4510/8155/18  4507/8156/18  4508/8157/18  4509/8158/18

o entity70_brush23
usemtl Metal Texture
f  4511/276/263  4512/274/263  4513/275/263
usemtl Metal Texture
f  4514/277/264  4512/274/264  4511/276/264
usemtl Metal Texture
f  4515/8159/265  4512/8160/265  4516/8161/265
usemtl Metal Texture
f  4516/8162/266  4512/8163/266  4517/8164/266
usemtl Metal Texture
f  4513/286/267  4512/288/267  4515/8165/267
usemtl Metal Texture
f  4517/8166/268  4512/8167/268  4514/8168/268
usemtl Metal Texture
f  4518/8169/5  4515/8170/5  4516/8171/5  4517/8172/5
usemtl Metal Texture
f  4511/8173/269  4513/8174/269  4515/8175/269  4518/8176/269
usemtl Metal Texture
f  4514/8177/270  4511/8178/270  4518/8179/270  4517/8180/270

o entity70_brush24
usemtl Metal Texture
f  4519/8181/15  4520/8182/15  4521/8183/15  4522/8184/15
usemtl Metal Texture
f  4523/8185/16  4521/8186/16  4520/8187/16  4524/8188/16
usemtl Metal Texture
f  4524/8189/2  4520/8190/2  4519/8191/2  4525/8192/2
usemtl Metal Texture
f  4526/8193/5  4522/8194/5  4521/8195/5  4523/8196/5
usemtl Metal Texture
f  4525/8197/17  4519/8198/17  4522/8199/17  4526/8200/17
usemtl Metal Texture
f  4526/8201/18  4523/8202/18  4524/8203/18  4525/8204/18

o entity70_brush25
usemtl Metal Texture
f  4527/8205/15  4528/8206/15  4529/8207/15  4530/8208/15
usemtl Metal Texture
f  4531/8209/16  4529/8210/16  4528/8211/16  4532/8212/16
usemtl Metal Texture
f  4532/8213/2  4528/8214/2  4527/8215/2  4533/8216/2
usemtl Metal Texture
f  4534/8217/5  4530/8218/5  4529/8219/5  4531/8220/5
usemtl Metal Texture
f  4533/8221/17  4527/8222/17  4530/8223/17  4534/8224/17
usemtl Metal Texture
f  4534/8225/18  4531/8226/18  4532/8227/18  4533/8228/18

o entity70_brush26
usemtl Metal Texture
f  4535/8229/1  4536/8230/1  4537/8231/1  4538/8232/1
usemtl Metal Texture
f  4539/8233/9  4537/8234/9  4536/8235/9  4540/8236/9
usemtl Metal Texture
f  4541/8237/10  4538/8238/10  4537/8239/10  4539/8240/10
usemtl Metal Texture
f  4540/8241/11  4536/8242/11  4535/8243/11  4542/8244/11
usemtl Metal Texture
f  4542/8245/12  4535/8246/12  4538/8247/12  4541/8248/12
usemtl Metal Texture
f  4540/7839/6  4542/7840/6  4541/7837/6  4539/7838/6

o entity70_brush27
usemtl Metal Texture
f  4543/311/263  4544/309/263  4545/310/263
usemtl Metal Texture
f  4546/312/264  4544/309/264  4543/311/264
usemtl Metal Texture
f  4547/8249/265  4544/8250/265  4548/8251/265
usemtl Metal Texture
f  4548/8252/266  4544/8253/266  4549/8254/266
usemtl Metal Texture
f  4545/8255/267  4544/8256/267  4547/8257/267
usemtl Metal Texture
f  4549/8258/268  4544/8259/268  4546/8260/268
usemtl Metal Texture
f  4550/8261/5  4547/8262/5  4548/8263/5  4549/8264/5
usemtl Metal Texture
f  4543/8265/269  4545/8266/269  4547/8267/269  4550/8268/269
usemtl Metal Texture
f  4546/8269/270  4543/8270/270  4550/8271/270  4549/8272/270

o entity70_brush28
usemtl Metal Texture
f  4551/8273/15  4552/8274/15  4553/8275/15  4554/8276/15
usemtl Metal Texture
f  4555/8277/16  4553/8278/16  4552/8279/16  4556/8280/16
usemtl Metal Texture
f  4556/8281/2  4552/8282/2  4551/8283/2  4557/8284/2
usemtl Metal Texture
f  4558/8285/5  4554/8286/5  4553/8287/5  4555/8288/5
usemtl Metal Texture
f  4557/8289/17  4551/8290/17  4554/8291/17  4558/8292/17
usemtl Metal Texture
f  4558/8293/18  4555/8294/18  4556/8295/18  4557/8296/18

o entity70_brush29
usemtl Metal Texture
f  4559/8297/1  4560/8298/1  4561/7915/1  4562/8299/1
usemtl Metal Texture
f  4563/8300/9  4561/8301/9  4560/8302/9  4564/8303/9
usemtl Metal Texture
f  4565/8304/10  4562/8305/10  4561/8306/10  4563/8307/10
usemtl Metal Texture
f  4564/267/11  4560/8308/11  4559/8309/11  4566/268/11
usemtl Metal Texture
f  4566/271/12  4559/8310/12  4562/8311/12  4565/272/12
usemtl Metal Texture
f  4564/258/6  4566/257/6  4565/259/6  4563/239/6

o entity70_brush30
usemtl Metal Texture
f  4567/8312/1  4568/8313/1  4569/8297/1  4570/8314/1
usemtl Metal Texture
f  4571/8315/9  4569/8316/9  4568/8317/9  4572/8318/9
usemtl Metal Texture
f  4573/8319/10  4570/8320/10  4569/8321/10  4571/8322/10
usemtl Metal Texture
f  4572/8323/11  4568/8324/11  4567/8325/11  4574/8326/11
usemtl Metal Texture
f  4574/8327/12  4567/8328/12  4570/8329/12  4573/8330/12
usemtl Metal Texture
f  4572/7975/6  4574/7976/6  4573/7974/6  4571/257/6

o entity70_brush31
usemtl Metal Texture
f  4575/8331/1  4576/8332/1  4577/8333/1  4578/8334/1
usemtl Metal Texture
f  4579/8335/9  4577/8336/9  4576/8337/9  4580/8338/9
usemtl Metal Texture
f  4581/8339/10  4578/8340/10  4577/8341/10  4579/8342/10
usemtl Metal Texture
f  4580/8343/11  4576/8344/11  4575/8345/11  4582/8346/11
usemtl Metal Texture
f  4582/8347/12  4575/8348/12  4578/8349/12  4581/8350/12
usemtl Metal Texture
f  4580/7913/6  4582/7914/6  4581/7911/6  4579/7912/6

o entity70_brush32
usemtl Metal Texture
f  4583/8351/15  4584/8352/15  4585/8353/15  4586/8354/15
usemtl Metal Texture
f  4587/8355/16  4585/8356/16  4584/8357/16  4588/8358/16
usemtl Metal Texture
f  4588/8359/2  4584/8284/2  4583/8360/2  4589/8361/2
usemtl Metal Texture
f  4590/8362/5  4586/8363/5  4585/8285/5  4587/8364/5
usemtl Metal Texture
f  4589/8365/17  4583/8366/17  4586/8367/17  4590/8368/17
usemtl Metal Texture
f  4590/8369/18  4587/8370/18  4588/8371/18  4589/8372/18

o entity70_brush33
usemtl Metal Texture
f  4591/258/255  4592/239/255  4593/257/255
usemtl Metal Texture
f  4593/257/256  4592/239/256  4594/259/256
usemtl Metal Texture
f  4595/8373/257  4592/8374/257  4596/8375/257
usemtl Metal Texture
f  4597/8376/258  4592/8377/258  4595/8378/258
usemtl Metal Texture
f  4596/8379/259  4592/260/259  4591/262/259
usemtl Metal Texture
f  4594/8380/260  4592/8381/260  4597/8382/260
usemtl Metal Texture
f  4597/8383/2  4595/8022/2  4596/8384/2  4598/8385/2
usemtl Metal Texture
f  4598/8386/261  4596/8387/261  4591/8388/261  4593/8389/261
usemtl Metal Texture
f  4594/8390/262  4597/8391/262  4598/8392/262  4593/8393/262

o entity70_brush34
usemtl Metal Texture
f  4599/8394/1  4600/8395/1  4601/8312/1  4602/8396/1
usemtl Metal Texture
f  4603/8397/9  4601/8398/9  4600/8399/9  4604/8400/9
usemtl Metal Texture
f  4605/8401/10  4602/8402/10  4601/8403/10  4603/8404/10
usemtl Metal Texture
f  4604/8405/11  4600/8406/11  4599/8407/11  4606/8408/11
usemtl Metal Texture
f  4606/8409/12  4599/8410/12  4602/8411/12  4605/8412/12
usemtl Metal Texture
f  4604/8007/6  4606/7964/6  4605/8006/6  4603/7976/6

o entity70_brush35
usemtl Metal Texture
f  4607/8333/1  4608/8413/1  4609/8394/1  4610/8414/1
usemtl Metal Texture
f  4611/8415/9  4609/8416/9  4608/8417/9  4612/8418/9
usemtl Metal Texture
f  4613/8419/10  4610/8420/10  4609/8421/10  4611/8422/10
usemtl Metal Texture
f  4612/8423/11  4608/8424/11  4607/8425/11  4614/8426/11
usemtl Metal Texture
f  4614/8427/12  4607/8428/12  4610/8429/12  4613/8430/12
usemtl Metal Texture
f  4612/7965/6  4614/7912/6  4613/7963/6  4611/7964/6

o entity70_brush36
usemtl Metal Texture
f  4615/8231/1  4616/8431/1  4617/8331/1  4618/8432/1
usemtl Metal Texture
f  4619/8433/9  4617/8434/9  4616/8435/9  4620/8436/9
usemtl Metal Texture
f  4621/8437/10  4618/8438/10  4617/8439/10  4619/8440/10
usemtl Metal Texture
f  4620/8441/11  4616/8442/11  4615/8443/11  4622/8444/11
usemtl Metal Texture
f  4622/8445/12  4615/8446/12  4618/8447/12  4621/8448/12
usemtl Metal Texture
f  4620/7954/6  4622/7838/6  4621/7953/6  4619/7914/6

o entity72_brush0
usemtl Metal Texture
f  4623/8449/1  4624/8450/1  4625/8451/1  4626/8452/1
usemtl Metal Texture
f  4626/8453/23  4625/8454/23  4627/8455/23  4628/8456/23
usemtl Metal Texture
f  4629/8457/37  4624/8458/37  4623/8459/37  4630/8460/37
usemtl Metal Texture
f  4631/8461/2  4628/8462/2  4627/8463/2  4632/8464/2
usemtl Metal Texture
f  4633/8465/3  4632/8466/3  4627/8467/3  4625/8468/3  4624/8469/3  4629/8470/3  4634/8471/3  4635/8472/3
usemtl Metal Texture
f  4636/8473/4  4637/8474/4  4630/8475/4  4623/8476/4  4626/8477/4  4628/8478/4  4631/8479/4  4638/8480/4
usemtl Metal Texture
f  4634/8481/5  4629/8482/5  4630/8483/5  4637/8484/5
usemtl Metal Texture
f  4638/8485/13  4631/8486/13  4632/8487/13  4633/8488/13
usemtl Metal Texture
f  4635/8489/14  4634/8490/14  4637/8491/14  4636/8492/14
usemtl Metal Texture
f  4638/8493/6  4633/8494/6  4635/8495/6  4636/8496/6

o entity72_brush1
usemtl Metal Texture
f  4639/8497/1  4640/8498/1  4641/8499/1  4642/8500/1
usemtl Metal Texture
f  4643/8501/2  4641/8502/2  4640/8503/2  4644/8504/2
usemtl Metal Texture
f  4644/8505/3  4640/8506/3  4639/8507/3  4645/8508/3
usemtl Metal Texture
f  4646/8509/4  4642/8510/4  4641/8511/4  4643/8512/4
usemtl Metal Texture
f  4645/8513/5  4639/8514/5  4642/8515/5  4646/8516/5
usemtl Metal Texture
f  4646/8517/6  4643/8518/6  4644/8519/6  4645/8520/6

o entity72_brush2
usemtl Metal Texture
f  4647/8521/1  4648/8522/1  4649/8523/1  4650/8524/1
usemtl Metal Texture
f  4651/8525/2  4649/8526/2  4648/8527/2  4652/8528/2
usemtl Metal Texture
f  4652/8505/3  4648/8506/3  4647/8507/3  4653/8508/3
usemtl Metal Texture
f  4654/8509/4  4650/8510/4  4649/8511/4  4651/8512/4
usemtl Metal Texture
f  4653/8529/5  4647/8530/5  4650/8531/5  4654/8532/5
usemtl Metal Texture
f  4654/8533/6  4651/8534/6  4652/8535/6  4653/8536/6

o entity72_brush3
usemtl Metal Texture
f  4655/8537/1  4656/8538/1  4657/8539/1  4658/8540/1
usemtl Metal Texture
f  4658/8541/23  4657/8542/23  4659/8543/23  4660/8544/23
usemtl Metal Texture
f  4661/8545/37  4656/8546/37  4655/8547/37  4662/8548/37
usemtl Metal Texture
f  4663/8461/2  4660/8462/2  4659/8463/2  4664/8464/2
usemtl Metal Texture
f  4665/8549/3  4664/8550/3  4659/8551/3  4657/8552/3  4656/8553/3  4661/8554/3  4666/8555/3  4667/8556/3
usemtl Metal Texture
f  4668/8557/4  4669/8558/4  4662/8559/4  4655/8560/4  4658/8561/4  4660/8562/4  4663/8563/4  4670/8564/4
usemtl Metal Texture
f  4666/8481/5  4661/8482/5  4662/8483/5  4669/8484/5
usemtl Metal Texture
f  4670/8565/13  4663/8566/13  4664/8567/13  4665/8568/13
usemtl Metal Texture
f  4667/8569/14  4666/8570/14  4669/8571/14  4668/8572/14
usemtl Metal Texture
f  4670/8573/6  4665/8574/6  4667/8575/6  4668/8576/6

o entity72_brush4
usemtl Metal Texture
f  4671/8577/1  4672/8578/1  4673/8579/1  4674/8580/1
usemtl Metal Texture
f  4675/8581/2  4673/8582/2  4672/8583/2  4676/8584/2
usemtl Metal Texture
f  4676/8505/3  4672/8506/3  4671/8507/3  4677/8508/3
usemtl Metal Texture
f  4678/8509/4  4674/8510/4  4673/8511/4  4675/8512/4
usemtl Metal Texture
f  4677/8585/5  4671/8586/5  4674/8587/5  4678/8588/5
usemtl Metal Texture
f  4678/8589/6  4675/8590/6  4676/8591/6  4677/8592/6

o entity72_brush5
usemtl Metal Texture
f  4679/8593/1  4680/8594/1  4681/8595/1  4682/8596/1
usemtl Metal Texture
f  4683/8597/2  4681/8598/2  4680/8599/2  4684/8600/2
usemtl Metal Texture
f  4684/8505/3  4680/8506/3  4679/8507/3  4685/8508/3
usemtl Metal Texture
f  4686/8509/4  4682/8510/4  4681/8511/4  4683/8512/4
usemtl Metal Texture
f  4685/8601/5  4679/8602/5  4682/8603/5  4686/8604/5
usemtl Metal Texture
f  4686/8605/6  4683/8606/6  4684/8607/6  4685/8608/6

o entity73_brush0
usemtl Metal Texture
f  4687/8609/1  4688/8610/1  4689/8611/1  4690/8612/1
usemtl Metal Texture
f  4690/8613/23  4689/8614/23  4691/8615/23  4692/8616/23
usemtl Metal Texture
f  4693/8617/37  4688/8618/37  4687/8619/37  4694/8620/37
usemtl Metal Texture
f  4695/8621/2  4692/8622/2  4691/8623/2  4696/8624/2
usemtl Metal Texture
f  4697/8625/3  4696/8626/3  4691/8627/3  4689/8628/3  4688/8629/3  4693/8630/3  4698/8631/3  4699/8632/3
usemtl Metal Texture
f  4700/8633/4  4701/8634/4  4694/8635/4  4687/8636/4  4690/8637/4  4692/8638/4  4695/8639/4  4702/8640/4
usemtl Metal Texture
f  4698/8641/5  4693/8642/5  4694/8643/5  4701/8644/5
usemtl Metal Texture
f  4702/8645/13  4695/8646/13  4696/8647/13  4697/8648/13
usemtl Metal Texture
f  4699/8649/14  4698/8650/14  4701/8651/14  4700/8652/14
usemtl Metal Texture
f  4702/8653/6  4697/8654/6  4699/8655/6  4700/8656/6

o entity73_brush1
usemtl Metal Texture
f  4703/8657/1  4704/8658/1  4705/8659/1  4706/8660/1
usemtl Metal Texture
f  4707/8661/2  4705/8662/2  4704/8663/2  4708/8664/2
usemtl Metal Texture
f  4708/8665/3  4704/8666/3  4703/8667/3  4709/8668/3
usemtl Metal Texture
f  4710/8669/4  4706/8670/4  4705/8671/4  4707/8672/4
usemtl Metal Texture
f  4709/8673/5  4703/8674/5  4706/8675/5  4710/8676/5
usemtl Metal Texture
f  4710/8677/6  4707/8678/6  4708/8679/6  4709/8680/6

o entity73_brush2
usemtl Metal Texture
f  4711/8681/1  4712/8682/1  4713/8683/1  4714/8684/1
usemtl Metal Texture
f  4715/8685/2  4713/8686/2  4712/8687/2  4716/8688/2
usemtl Metal Texture
f  4716/8665/3  4712/8666/3  4711/8667/3  4717/8668/3
usemtl Metal Texture
f  4718/8669/4  4714/8670/4  4713/8671/4  4715/8672/4
usemtl Metal Texture
f  4717/8689/5  4711/8690/5  4714/8691/5  4718/8692/5
usemtl Metal Texture
f  4718/8693/6  4715/8694/6  4716/8695/6  4717/8696/6

o entity73_brush3
usemtl Metal Texture
f  4719/8697/1  4720/8698/1  4721/8699/1  4722/8700/1
usemtl Metal Texture
f  4722/8701/23  4721/8702/23  4723/8703/23  4724/8704/23
usemtl Metal Texture
f  4725/8705/37  4720/8706/37  4719/8707/37  4726/8708/37
usemtl Metal Texture
f  4727/8621/2  4724/8622/2  4723/8623/2  4728/8624/2
usemtl Metal Texture
f  4729/8709/3  4728/8710/3  4723/8711/3  4721/8712/3  4720/8713/3  4725/8714/3  4730/8715/3  4731/8716/3
usemtl Metal Texture
f  4732/8717/4  4733/8718/4  4726/8719/4  4719/8720/4  4722/8721/4  4724/8722/4  4727/8723/4  4734/8724/4
usemtl Metal Texture
f  4730/8641/5  4725/8642/5  4726/8643/5  4733/8644/5
usemtl Metal Texture
f  4734/8725/13  4727/8726/13  4728/8727/13  4729/8728/13
usemtl Metal Texture
f  4731/8729/14  4730/8730/14  4733/8731/14  4732/8732/14
usemtl Metal Texture
f  4734/8733/6  4729/8734/6  4731/8735/6  4732/8736/6

o entity73_brush4
usemtl Metal Texture
f  4735/8737/1  4736/8738/1  4737/8739/1  4738/8740/1
usemtl Metal Texture
f  4739/8741/2  4737/8742/2  4736/8743/2  4740/8744/2
usemtl Metal Texture
f  4740/8665/3  4736/8666/3  4735/8667/3  4741/8668/3
usemtl Metal Texture
f  4742/8669/4  4738/8670/4  4737/8671/4  4739/8672/4
usemtl Metal Texture
f  4741/8745/5  4735/8746/5  4738/8747/5  4742/8748/5
usemtl Metal Texture
f  4742/8749/6  4739/8750/6  4740/8751/6  4741/8752/6

o entity73_brush5
usemtl Metal Texture
f  4743/8753/1  4744/8754/1  4745/8755/1  4746/8756/1
usemtl Metal Texture
f  4747/8757/2  4745/8758/2  4744/8759/2  4748/8760/2
usemtl Metal Texture
f  4748/8665/3  4744/8666/3  4743/8667/3  4749/8668/3
usemtl Metal Texture
f  4750/8669/4  4746/8670/4  4745/8671/4  4747/8672/4
usemtl Metal Texture
f  4749/8761/5  4743/8762/5  4746/8763/5  4750/8764/5
usemtl Metal Texture
f  4750/8765/6  4747/8766/6  4748/8767/6  4749/8768/6

o entity73_brush6
usemtl Metal Texture
f  4751/8697/1  4752/8698/1  4753/8699/1  4754/8700/1
usemtl Metal Texture
f  4754/8769/23  4753/8770/23  4755/8771/23  4756/8772/23
usemtl Metal Texture
f  4757/8773/37  4752/8774/37  4751/8775/37  4758/8776/37
usemtl Metal Texture
f  4759/8777/2  4756/8778/2  4755/8779/2  4760/8780/2
usemtl Metal Texture
f  4761/8781/3  4760/8782/3  4755/8783/3  4753/8784/3  4752/8785/3  4757/8786/3  4762/8787/3  4763/8788/3
usemtl Metal Texture
f  4764/8789/4  4765/8790/4  4758/8791/4  4751/8792/4  4754/8793/4  4756/8794/4  4759/8795/4  4766/8796/4
usemtl Metal Texture
f  4762/8797/5  4757/8798/5  4758/8799/5  4765/8800/5
usemtl Metal Texture
f  4766/8801/13  4759/8802/13  4760/8803/13  4761/8804/13
usemtl Metal Texture
f  4763/8805/14  4762/8806/14  4765/8807/14  4764/8808/14
usemtl Metal Texture
f  4766/8733/6  4761/8734/6  4763/8735/6  4764/8736/6

o entity73_brush7
usemtl Metal Texture
f  4767/8609/1  4768/8610/1  4769/8611/1  4770/8612/1
usemtl Metal Texture
f  4770/8809/23  4769/8810/23  4771/8811/23  4772/8812/23
usemtl Metal Texture
f  4773/8813/37  4768/8814/37  4767/8815/37  4774/8816/37
usemtl Metal Texture
f  4775/8777/2  4772/8778/2  4771/8779/2  4776/8780/2
usemtl Metal Texture
f  4777/8817/3  4776/8818/3  4771/8819/3  4769/8820/3  4768/8821/3  4773/8822/3  4778/8823/3  4779/8824/3
usemtl Metal Texture
f  4780/8825/4  4781/8826/4  4774/8827/4  4767/8828/4  4770/8829/4  4772/8830/4  4775/8831/4  4782/8832/4
usemtl Metal Texture
f  4778/8797/5  4773/8798/5  4774/8799/5  4781/8800/5
usemtl Metal Texture
f  4782/8833/13  4775/8834/13  4776/8835/13  4777/8836/13
usemtl Metal Texture
f  4779/8837/14  4778/8838/14  4781/8839/14  4780/8840/14
usemtl Metal Texture
f  4782/8653/6  4777/8654/6  4779/8655/6  4780/8656/6

o entity74_brush0
usemtl Metal Texture
f  4783/8841/1  4784/8842/1  4785/8843/1  4786/8844/1
usemtl Metal Texture
f  4786/8845/23  4785/8846/23  4787/8847/23  4788/8848/23
usemtl Metal Texture
f  4789/8849/37  4784/8850/37  4783/8851/37  4790/8852/37
usemtl Metal Texture
f  4791/8853/2  4788/8854/2  4787/8855/2  4792/8856/2
usemtl Metal Texture
f  4793/8857/3  4792/8858/3  4787/8859/3  4785/8860/3  4784/8861/3  4789/8862/3  4794/8863/3  4795/8864/3
usemtl Metal Texture
f  4796/8865/4  4797/8866/4  4790/8867/4  4783/8868/4  4786/8869/4  4788/8870/4  4791/8871/4  4798/8872/4
usemtl Metal Texture
f  4794/8873/5  4789/8874/5  4790/8875/5  4797/8876/5
usemtl Metal Texture
f  4798/8877/13  4791/8878/13  4792/8879/13  4793/8880/13
usemtl Metal Texture
f  4795/8881/14  4794/8882/14  4797/8883/14  4796/8884/14
usemtl Metal Texture
f  4798/8885/6  4793/8886/6  4795/8887/6  4796/8888/6

o entity74_brush1
usemtl Metal Texture
f  4799/8889/1  4800/8890/1  4801/8891/1  4802/8892/1
usemtl Metal Texture
f  4803/8893/2  4801/8894/2  4800/8895/2  4804/8896/2
usemtl Metal Texture
f  4804/8897/3  4800/8898/3  4799/8899/3  4805/8900/3
usemtl Metal Texture
f  4806/8901/4  4802/8902/4  4801/8903/4  4803/8904/4
usemtl Metal Texture
f  4805/8905/5  4799/8906/5  4802/8907/5  4806/8908/5
usemtl Metal Texture
f  4806/8909/6  4803/8910/6  4804/8911/6  4805/8912/6

o entity74_brush2
usemtl Metal Texture
f  4807/8913/1  4808/8914/1  4809/8915/1  4810/8916/1
usemtl Metal Texture
f  4810/8917/23  4809/8918/23  4811/8919/23  4812/8920/23
usemtl Metal Texture
f  4813/8921/37  4808/8922/37  4807/8923/37  4814/8924/37
usemtl Metal Texture
f  4815/8853/2  4812/8854/2  4811/8855/2  4816/8856/2
usemtl Metal Texture
f  4817/8925/3  4816/8926/3  4811/8927/3  4809/8928/3  4808/8929/3  4813/8930/3  4818/8931/3  4819/8932/3
usemtl Metal Texture
f  4820/8933/4  4821/8934/4  4814/8935/4  4807/8936/4  4810/8937/4  4812/8938/4  4815/8939/4  4822/8940/4
usemtl Metal Texture
f  4818/8873/5  4813/8874/5  4814/8875/5  4821/8876/5
usemtl Metal Texture
f  4822/8941/13  4815/8942/13  4816/8943/13  4817/8944/13
usemtl Metal Texture
f  4819/8945/14  4818/8946/14  4821/8947/14  4820/8948/14
usemtl Metal Texture
f  4822/8949/6  4817/8950/6  4819/8951/6  4820/8952/6

o entity74_brush3
usemtl Metal Texture
f  4823/8953/1  4824/8954/1  4825/8955/1  4826/8956/1
usemtl Metal Texture
f  4827/8957/2  4825/8958/2  4824/8959/2  4828/8960/2
usemtl Metal Texture
f  4828/8897/3  4824/8961/3  4823/8962/3  4829/8900/3
usemtl Metal Texture
f  4830/8901/4  4826/8963/4  4825/8964/4  4827/8904/4
usemtl Metal Texture
f  4829/8965/5  4823/8966/5  4826/8967/5  4830/8968/5
usemtl Metal Texture
f  4830/8969/6  4827/8970/6  4828/8971/6  4829/8972/6

o entity74_brush4
usemtl Metal Texture
f  4831/8973/1  4832/8974/1  4833/8975/1  4834/8976/1
usemtl Metal Texture
f  4835/8977/2  4833/8978/2  4832/8979/2  4836/8980/2
usemtl Metal Texture
f  4836/8897/3  4832/8981/3  4831/8982/3  4837/8900/3
usemtl Metal Texture
f  4838/8901/4  4834/8983/4  4833/8984/4  4835/8904/4
usemtl Metal Texture
f  4837/8985/5  4831/8986/5  4834/8987/5  4838/8988/5
usemtl Metal Texture
f  4838/8989/6  4835/8990/6  4836/8991/6  4837/8992/6

o entity74_brush5
usemtl Metal Texture
f  4839/8913/1  4840/8914/1  4841/8915/1  4842/8916/1
usemtl Metal Texture
f  4842/8993/23  4841/8994/23  4843/8995/23  4844/8996/23
usemtl Metal Texture
f  4845/8997/37  4840/8998/37  4839/8999/37  4846/9000/37
usemtl Metal Texture
f  4847/9001/2  4844/9002/2  4843/9003/2  4848/9004/2
usemtl Metal Texture
f  4849/9005/3  4848/9006/3  4843/9007/3  4841/9008/3  4840/9009/3  4845/9010/3  4850/9011/3  4851/9012/3
usemtl Metal Texture
f  4852/9013/4  4853/9014/4  4846/9015/4  4839/9016/4  4842/9017/4  4844/9018/4  4847/9019/4  4854/9020/4
usemtl Metal Texture
f  4850/9021/5  4845/9022/5  4846/9023/5  4853/9024/5
usemtl Metal Texture
f  4854/9025/13  4847/9026/13  4848/9027/13  4849/9028/13
usemtl Metal Texture
f  4851/9029/14  4850/9030/14  4853/9031/14  4852/9032/14
usemtl Metal Texture
f  4854/8949/6  4849/8950/6  4851/8951/6  4852/8952/6

o entity74_brush6
usemtl Metal Texture
f  4855/8841/1  4856/8842/1  4857/8843/1  4858/8844/1
usemtl Metal Texture
f  4858/9033/23  4857/9034/23  4859/9035/23  4860/9036/23
usemtl Metal Texture
f  4861/9037/37  4856/9038/37  4855/9039/37  4862/9040/37
usemtl Metal Texture
f  4863/9001/2  4860/9002/2  4859/9003/2  4864/9004/2
usemtl Metal Texture
f  4865/9041/3  4864/9042/3  4859/9043/3  4857/9044/3  4856/9045/3  4861/9046/3  4866/9047/3  4867/9048/3
usemtl Metal Texture
f  4868/9049/4  4869/9050/4  4862/9051/4  4855/9052/4  4858/9053/4  4860/9054/4  4863/9055/4  4870/9056/4
usemtl Metal Texture
f  4866/9021/5  4861/9022/5  4862/9023/5  4869/9024/5
usemtl Metal Texture
f  4870/9057/13  4863/9058/13  4864/9059/13  4865/9060/13
usemtl Metal Texture
f  4867/9061/14  4866/9062/14  4869/9063/14  4868/9064/14
usemtl Metal Texture
f  4870/8885/6  4865/8886/6  4867/8887/6  4868/8888/6

o entity74_brush7
usemtl Metal Texture
f  4871/8913/1  4872/8914/1  4873/8915/1  4874/8916/1
usemtl Metal Texture
f  4874/9065/23  4873/9066/23  4875/9067/23  4876/9068/23
usemtl Metal Texture
f  4877/9069/37  4872/9070/37  4871/9071/37  4878/9072/37
usemtl Metal Texture
f  4879/9073/2  4876/9074/2  4875/9075/2  4880/9076/2
usemtl Metal Texture
f  4881/9077/3  4880/9078/3  4875/9079/3  4873/9080/3  4872/9081/3  4877/9082/3  4882/9083/3  4883/9084/3
usemtl Metal Texture
f  4884/9085/4  4885/9086/4  4878/9087/4  4871/9088/4  4874/9089/4  4876/9090/4  4879/9091/4  4886/9092/4
usemtl Metal Texture
f  4882/9093/5  4877/9094/5  4878/9095/5  4885/9096/5
usemtl Metal Texture
f  4886/9097/13  4879/9098/13  4880/9099/13  4881/9100/13
usemtl Metal Texture
f  4883/9101/14  4882/9102/14  4885/9103/14  4884/9104/14
usemtl Metal Texture
f  4886/8949/6  4881/8950/6  4883/8951/6  4884/8952/6

o entity74_brush8
usemtl Metal Texture
f  4887/8841/1  4888/8842/1  4889/8843/1  4890/8844/1
usemtl Metal Texture
f  4890/9105/23  4889/9106/23  4891/9107/23  4892/9108/23
usemtl Metal Texture
f  4893/9109/37  4888/9110/37  4887/9111/37  4894/9112/37
usemtl Metal Texture
f  4895/9073/2  4892/9074/2  4891/9075/2  4896/9076/2
usemtl Metal Texture
f  4897/9113/3  4896/9114/3  4891/9115/3  4889/9116/3  4888/9117/3  4893/9118/3  4898/9119/3  4899/9120/3
usemtl Metal Texture
f  4900/9121/4  4901/9122/4  4894/9123/4  4887/9124/4  4890/9125/4  4892/9126/4  4895/9127/4  4902/9128/4
usemtl Metal Texture
f  4898/9093/5  4893/9094/5  4894/9095/5  4901/9096/5
usemtl Metal Texture
f  4902/9129/13  4895/9130/13  4896/9131/13  4897/9132/13
usemtl Metal Texture
f  4899/9133/14  4898/9134/14  4901/9135/14  4900/9136/14
usemtl Metal Texture
f  4902/8885/6  4897/8886/6  4899/8887/6  4900/8888/6

o entity74_brush9
usemtl Metal Texture
f  4903/8973/1  4904/8974/1  4905/8975/1  4906/8976/1
usemtl Metal Texture
f  4907/9137/2  4905/9138/2  4904/9139/2  4908/9140/2
usemtl Metal Texture
f  4908/8897/3  4904/8981/3  4903/8982/3  4909/8900/3
usemtl Metal Texture
f  4910/8901/4  4906/8983/4  4905/8984/4  4907/8904/4
usemtl Metal Texture
f  4909/8985/5  4903/8986/5  4906/8987/5  4910/8988/5
usemtl Metal Texture
f  4910/8989/6  4907/8990/6  4908/8991/6  4909/8992/6

o entity75_brush0
usemtl Metal Texture
f  4911/9141/1  4912/9142/1  4913/9143/1  4914/9144/1
usemtl Metal Texture
f  4914/9145/23  4913/9146/23  4915/9147/23  4916/9148/23
usemtl Metal Texture
f  4917/9149/37  4912/9150/37  4911/9151/37  4918/9152/37
usemtl Metal Texture
f  4919/9153/2  4916/9154/2  4915/9155/2  4920/9156/2
usemtl Metal Texture
f  4921/9157/3  4920/9158/3  4915/9159/3  4913/9160/3  4912/9161/3  4917/9162/3  4922/9163/3  4923/9164/3
usemtl Metal Texture
f  4924/9165/4  4925/9166/4  4918/9167/4  4911/9168/4  4914/9169/4  4916/9170/4  4919/9171/4  4926/9172/4
usemtl Metal Texture
f  4922/9173/5  4917/9174/5  4918/9175/5  4925/9176/5
usemtl Metal Texture
f  4926/9177/13  4919/9178/13  4920/9179/13  4921/9180/13
usemtl Metal Texture
f  4923/9181/14  4922/9182/14  4925/9183/14  4924/9184/14
usemtl Metal Texture
f  4926/9185/6  4921/9186/6  4923/9187/6  4924/9188/6

o entity75_brush1
usemtl Metal Texture
f  4927/9189/1  4928/9190/1  4929/9191/1  4930/9192/1
usemtl Metal Texture
f  4931/8902/271  4929/9193/271  4928/9194/271  4932/8903/271
usemtl Metal Texture
f  4932/9195/2  4928/9196/2  4927/9197/2  4933/9198/2
usemtl Metal Texture
f  4934/9199/5  4930/9200/5  4929/9201/5  4931/9202/5
usemtl Metal Texture
f  4933/9203/272  4927/9204/272  4930/9205/272  4934/9206/272
usemtl Metal Texture
f  4934/9207/6  4931/9208/6  4932/9209/6  4933/9210/6

o entity75_brush2
usemtl Metal Texture
f  4935/9211/1  4936/9212/1  4937/9213/1  4938/9214/1
usemtl Metal Texture
f  4939/8902/271  4937/9193/271  4936/9194/271  4940/8903/271
usemtl Metal Texture
f  4940/9215/2  4936/9216/2  4935/9217/2  4941/9218/2
usemtl Metal Texture
f  4942/9219/5  4938/9220/5  4937/9221/5  4939/9222/5
usemtl Metal Texture
f  4941/9203/272  4935/9204/272  4938/9205/272  4942/9206/272
usemtl Metal Texture
f  4942/9223/6  4939/9224/6  4940/9225/6  4941/9226/6

o entity75_brush3
usemtl Metal Texture
f  4943/8913/1  4944/8914/1  4945/8915/1  4946/8916/1
usemtl Metal Texture
f  4946/9227/23  4945/9228/23  4947/9229/23  4948/9230/23
usemtl Metal Texture
f  4949/9231/37  4944/9232/37  4943/9233/37  4950/9234/37
usemtl Metal Texture
f  4951/9153/2  4948/9154/2  4947/9155/2  4952/9156/2
usemtl Metal Texture
f  4953/9235/3  4952/9236/3  4947/9237/3  4945/9238/3  4944/9239/3  4949/9240/3  4954/9241/3  4955/9242/3
usemtl Metal Texture
f  4956/9243/4  4957/9244/4  4950/9245/4  4943/9246/4  4946/9247/4  4948/9248/4  4951/9249/4  4958/9250/4
usemtl Metal Texture
f  4954/9173/5  4949/9174/5  4950/9175/5  4957/9176/5
usemtl Metal Texture
f  4958/9251/13  4951/9252/13  4952/9253/13  4953/9254/13
usemtl Metal Texture
f  4955/9255/14  4954/9256/14  4957/9257/14  4956/9258/14
usemtl Metal Texture
f  4958/9259/6  4953/9260/6  4955/9261/6  4956/9262/6

o entity75_brush4
usemtl Metal Texture
f  4959/9263/1  4960/9264/1  4961/9265/1  4962/9266/1
usemtl Metal Texture
f  4963/8902/271  4961/9193/271  4960/9194/271  4964/8903/271
usemtl Metal Texture
f  4964/9267/2  4960/9268/2  4959/9269/2  4965/9270/2
usemtl Metal Texture
f  4966/9271/5  4962/9272/5  4961/9273/5  4963/9274/5
usemtl Metal Texture
f  4965/9203/272  4959/9204/272  4962/9205/272  4966/9206/272
usemtl Metal Texture
f  4966/9275/6  4963/9276/6  4964/9277/6  4965/9278/6

o entity75_brush5
usemtl Metal Texture
f  4967/9279/1  4968/9280/1  4969/9281/1  4970/9282/1
usemtl Metal Texture
f  4971/8902/271  4969/9193/271  4968/9194/271  4972/8903/271
usemtl Metal Texture
f  4972/9283/2  4968/9284/2  4967/9285/2  4973/9286/2
usemtl Metal Texture
f  4974/9287/5  4970/9288/5  4969/9289/5  4971/9290/5
usemtl Metal Texture
f  4973/9203/272  4967/9204/272  4970/9205/272  4974/9206/272
usemtl Metal Texture
f  4974/9291/6  4971/9292/6  4972/9293/6  4973/9294/6

o entity76_brush0
usemtl Metal Texture
f  4975/9295/1  4976/9296/1  4977/9297/1  4978/9298/1
usemtl Metal Texture
f  4978/9299/23  4977/9300/23  4979/9301/23  4980/9302/23
usemtl Metal Texture
f  4981/9303/37  4976/9304/37  4975/9305/37  4982/9306/37
usemtl Metal Texture
f  4983/9153/2  4980/9154/2  4979/9155/2  4984/9156/2
usemtl Metal Texture
f  4985/9307/3  4984/9308/3  4979/9309/3  4977/9310/3  4976/9311/3  4981/9312/3  4986/9313/3  4987/9314/3
usemtl Metal Texture
f  4988/9315/4  4989/9316/4  4982/9317/4  4975/9318/4  4978/9319/4  4980/9320/4  4983/9321/4  4990/9322/4
usemtl Metal Texture
f  4986/9173/5  4981/9174/5  4982/9175/5  4989/9176/5
usemtl Metal Texture
f  4990/9323/13  4983/9324/13  4984/9325/13  4985/9326/13
usemtl Metal Texture
f  4987/9327/14  4986/9328/14  4989/9329/14  4988/9330/14
usemtl Metal Texture
f  4990/9331/6  4985/9332/6  4987/9333/6  4988/9334/6

o entity76_brush1
usemtl Metal Texture
f  4991/9335/1  4992/9336/1  4993/9337/1  4994/9338/1
usemtl Metal Texture
f  4995/9339/271  4993/9340/271  4992/9341/271  4996/9342/271
usemtl Metal Texture
f  4996/9343/2  4992/9344/2  4991/9345/2  4997/9346/2
usemtl Metal Texture
f  4998/9199/5  4994/9200/5  4993/9201/5  4995/9202/5
usemtl Metal Texture
f  4997/9347/272  4991/9348/272  4994/9349/272  4998/9350/272
usemtl Metal Texture
f  4998/9351/6  4995/9352/6  4996/9353/6  4997/9354/6

o entity76_brush2
usemtl Metal Texture
f  4999/9355/1  5000/9356/1  5001/9357/1  5002/9358/1
usemtl Metal Texture
f  5003/9339/271  5001/9340/271  5000/9341/271  5004/9342/271
usemtl Metal Texture
f  5004/9215/2  5000/9216/2  4999/9217/2  5005/9218/2
usemtl Metal Texture
f  5006/9219/5  5002/9220/5  5001/9221/5  5003/9222/5
usemtl Metal Texture
f  5005/9347/272  4999/9348/272  5002/9349/272  5006/9350/272
usemtl Metal Texture
f  5006/9359/6  5003/9360/6  5004/9361/6  5005/9362/6

o entity76_brush3
usemtl Metal Texture
f  5007/9363/1  5008/9364/1  5009/9365/1  5010/9366/1
usemtl Metal Texture
f  5010/9367/23  5009/9368/23  5011/9369/23  5012/9370/23
usemtl Metal Texture
f  5013/9371/37  5008/9372/37  5007/9373/37  5014/9374/37
usemtl Metal Texture
f  5015/9153/2  5012/9154/2  5011/9155/2  5016/9156/2
usemtl Metal Texture
f  5017/9375/3  5016/9376/3  5011/9377/3  5009/9378/3  5008/9379/3  5013/9380/3  5018/9381/3  5019/9382/3
usemtl Metal Texture
f  5020/9383/4  5021/9384/4  5014/9385/4  5007/9386/4  5010/9387/4  5012/9388/4  5015/9389/4  5022/9390/4
usemtl Metal Texture
f  5018/9173/5  5013/9174/5  5014/9175/5  5021/9176/5
usemtl Metal Texture
f  5022/9391/13  5015/9392/13  5016/9393/13  5017/9394/13
usemtl Metal Texture
f  5019/9395/14  5018/9396/14  5021/9397/14  5020/9398/14
usemtl Metal Texture
f  5022/9399/6  5017/9400/6  5019/9401/6  5020/9402/6

o entity76_brush4
usemtl Metal Texture
f  5023/9403/1  5024/9404/1  5025/9405/1  5026/9406/1
usemtl Metal Texture
f  5027/9339/271  5025/9340/271  5024/9341/271  5028/9342/271
usemtl Metal Texture
f  5028/9267/2  5024/9268/2  5023/9269/2  5029/9270/2
usemtl Metal Texture
f  5030/9271/5  5026/9272/5  5025/9273/5  5027/9274/5
usemtl Metal Texture
f  5029/9347/272  5023/9348/272  5026/9349/272  5030/9350/272
usemtl Metal Texture
f  5030/9407/6  5027/9408/6  5028/9409/6  5029/9410/6

o entity76_brush5
usemtl Metal Texture
f  5031/9411/1  5032/9412/1  5033/9413/1  5034/9414/1
usemtl Metal Texture
f  5035/9339/271  5033/9340/271  5032/9341/271  5036/9342/271
usemtl Metal Texture
f  5036/9283/2  5032/9284/2  5031/9285/2  5037/9286/2
usemtl Metal Texture
f  5038/9415/5  5034/9416/5  5033/9417/5  5035/9418/5
usemtl Metal Texture
f  5037/9347/272  5031/9348/272  5034/9349/272  5038/9350/272
usemtl Metal Texture
f  5038/9419/6  5035/9420/6  5036/9421/6  5037/9422/6

o entity77_brush0
usemtl Metal Texture
f  5039/9423/1  5040/9424/1  5041/9425/1  5042/9426/1
usemtl Metal Texture
f  5042/9427/23  5041/9428/23  5043/9429/23  5044/9430/23
usemtl Metal Texture
f  5045/9431/37  5040/9432/37  5039/9433/37  5046/9434/37
usemtl Metal Texture
f  5047/8621/2  5044/8622/2  5043/8623/2  5048/8624/2
usemtl Metal Texture
f  5049/9435/3  5048/9436/3  5043/9437/3  5041/9438/3  5040/9439/3  5045/9440/3  5050/9441/3  5051/9442/3
usemtl Metal Texture
f  5052/9443/4  5053/9444/4  5046/9445/4  5039/9446/4  5042/9447/4  5044/9448/4  5047/9449/4  5054/9450/4
usemtl Metal Texture
f  5050/8641/5  5045/8642/5  5046/8643/5  5053/8644/5
usemtl Metal Texture
f  5054/9451/13  5047/9452/13  5048/9453/13  5049/9454/13
usemtl Metal Texture
f  5051/9455/14  5050/9456/14  5053/9457/14  5052/9458/14
usemtl Metal Texture
f  5054/9459/6  5049/9460/6  5051/9461/6  5052/9462/6

o entity77_brush1
usemtl Metal Texture
f  5055/9463/1  5056/9464/1  5057/9465/1  5058/9466/1
usemtl Metal Texture
f  5059/8661/2  5057/8662/2  5056/8663/2  5060/8664/2
usemtl Metal Texture
f  5060/9467/3  5056/9468/3  5055/9469/3  5061/9470/3
usemtl Metal Texture
f  5062/9471/4  5058/9472/4  5057/9473/4  5059/9474/4
usemtl Metal Texture
f  5061/8673/5  5055/8674/5  5058/8675/5  5062/8676/5
usemtl Metal Texture
f  5062/9475/6  5059/9476/6  5060/9477/6  5061/9478/6

o entity77_brush2
usemtl Metal Texture
f  5063/9479/1  5064/9480/1  5065/9481/1  5066/9482/1
usemtl Metal Texture
f  5067/8685/2  5065/8686/2  5064/8687/2  5068/8688/2
usemtl Metal Texture
f  5068/9467/3  5064/9468/3  5063/9469/3  5069/9470/3
usemtl Metal Texture
f  5070/9471/4  5066/9472/4  5065/9473/4  5067/9474/4
usemtl Metal Texture
f  5069/8689/5  5063/8690/5  5066/8691/5  5070/8692/5
usemtl Metal Texture
f  5070/9483/6  5067/9484/6  5068/9485/6  5069/9486/6

o entity77_brush3
usemtl Metal Texture
f  5071/9487/1  5072/9488/1  5073/9489/1  5074/9490/1
usemtl Metal Texture
f  5074/9491/23  5073/9492/23  5075/9493/23  5076/9494/23
usemtl Metal Texture
f  5077/9495/37  5072/9496/37  5071/9497/37  5078/9498/37
usemtl Metal Texture
f  5079/8621/2  5076/8622/2  5075/8623/2  5080/8624/2
usemtl Metal Texture
f  5081/9499/3  5080/9500/3  5075/9501/3  5073/9502/3  5072/9503/3  5077/9504/3  5082/9505/3  5083/9506/3
usemtl Metal Texture
f  5084/9507/4  5085/9508/4  5078/9509/4  5071/9510/4  5074/9511/4  5076/9512/4  5079/9513/4  5086/9514/4
usemtl Metal Texture
f  5082/8641/5  5077/8642/5  5078/8643/5  5085/8644/5
usemtl Metal Texture
f  5086/9515/13  5079/9516/13  5080/9517/13  5081/9518/13
usemtl Metal Texture
f  5083/9519/14  5082/9520/14  5085/9521/14  5084/9522/14
usemtl Metal Texture
f  5086/9523/6  5081/9524/6  5083/9525/6  5084/9526/6

o entity77_brush4
usemtl Metal Texture
f  5087/9527/1  5088/9528/1  5089/9529/1  5090/9530/1
usemtl Metal Texture
f  5091/8741/2  5089/8742/2  5088/8743/2  5092/8744/2
usemtl Metal Texture
f  5092/9467/3  5088/9468/3  5087/9469/3  5093/9470/3
usemtl Metal Texture
f  5094/9471/4  5090/9472/4  5089/9473/4  5091/9474/4
usemtl Metal Texture
f  5093/8745/5  5087/8746/5  5090/8747/5  5094/8748/5
usemtl Metal Texture
f  5094/9531/6  5091/9532/6  5092/9533/6  5093/9534/6

o entity77_brush5
usemtl Metal Texture
f  5095/9535/1  5096/9536/1  5097/9537/1  5098/9538/1
usemtl Metal Texture
f  5099/8757/2  5097/8758/2  5096/8759/2  5100/8760/2
usemtl Metal Texture
f  5100/9467/3  5096/9468/3  5095/9469/3  5101/9470/3
usemtl Metal Texture
f  5102/9471/4  5098/9472/4  5097/9473/4  5099/9474/4
usemtl Metal Texture
f  5101/8761/5  5095/8762/5  5098/8763/5  5102/8764/5
usemtl Metal Texture
f  5102/9539/6  5099/9540/6  5100/9541/6  5101/9542/6

o entity77_brush6
usemtl Metal Texture
f  5103/9487/1  5104/9488/1  5105/9489/1  5106/9490/1
usemtl Metal Texture
f  5106/9543/23  5105/9544/23  5107/9545/23  5108/9546/23
usemtl Metal Texture
f  5109/9547/37  5104/9548/37  5103/9549/37  5110/9550/37
usemtl Metal Texture
f  5111/8777/2  5108/8778/2  5107/8779/2  5112/8780/2
usemtl Metal Texture
f  5113/9551/3  5112/9552/3  5107/9553/3  5105/9554/3  5104/9555/3  5109/9556/3  5114/9557/3  5115/9558/3
usemtl Metal Texture
f  5116/9559/4  5117/9560/4  5110/9561/4  5103/9562/4  5106/9563/4  5108/9564/4  5111/9565/4  5118/9566/4
usemtl Metal Texture
f  5114/8797/5  5109/8798/5  5110/8799/5  5117/8800/5
usemtl Metal Texture
f  5118/9567/13  5111/9568/13  5112/9569/13  5113/9570/13
usemtl Metal Texture
f  5115/9571/14  5114/9572/14  5117/9573/14  5116/9574/14
usemtl Metal Texture
f  5118/9523/6  5113/9524/6  5115/9525/6  5116/9526/6

o entity77_brush7
usemtl Metal Texture
f  5119/9423/1  5120/9424/1  5121/9425/1  5122/9426/1
usemtl Metal Texture
f  5122/9575/23  5121/9576/23  5123/9577/23  5124/9578/23
usemtl Metal Texture
f  5125/9579/37  5120/9580/37  5119/9581/37  5126/9582/37
usemtl Metal Texture
f  5127/8777/2  5124/8778/2  5123/8779/2  5128/8780/2
usemtl Metal Texture
f  5129/9583/3  5128/9584/3  5123/9585/3  5121/9586/3  5120/9587/3  5125/9588/3  5130/9589/3  5131/9590/3
usemtl Metal Texture
f  5132/9591/4  5133/9592/4  5126/9593/4  5119/9594/4  5122/9595/4  5124/9596/4  5127/9597/4  5134/9598/4
usemtl Metal Texture
f  5130/8797/5  5125/8798/5  5126/8799/5  5133/8800/5
usemtl Metal Texture
f  5134/9599/13  5127/9600/13  5128/9601/13  5129/9602/13
usemtl Metal Texture
f  5131/9603/14  5130/9604/14  5133/9605/14  5132/9606/14
usemtl Metal Texture
f  5134/9459/6  5129/9460/6  5131/9461/6  5132/9462/6

o entity78_brush0
usemtl Metal Texture
f  5135/9607/1  5136/9608/1  5137/9609/1  5138/9610/1
usemtl Metal Texture
f  5138/9611/23  5137/9612/23  5139/8880/23  5140/8877/23
usemtl Metal Texture
f  5141/9613/37  5136/9614/37  5135/9615/37  5142/9616/37
usemtl Metal Texture
f  5143/9617/2  5140/9618/2  5139/9619/2  5144/9620/2
usemtl Metal Texture
f  5145/9621/3  5144/9622/3  5139/9623/3  5137/9624/3  5136/9625/3  5141/9626/3  5146/9627/3  5147/9628/3
usemtl Metal Texture
f  5148/9629/4  5149/9630/4  5142/9631/4  5135/9632/4  5138/9633/4  5140/9634/4  5143/9635/4  5150/9636/4
usemtl Metal Texture
f  5146/9637/5  5141/9638/5  5142/9639/5  5149/9640/5
usemtl Metal Texture
f  5150/9641/13  5143/9642/13  5144/9643/13  5145/9644/13
usemtl Metal Texture
f  5147/8849/14  5146/8850/14  5149/8851/14  5148/9645/14
usemtl Metal Texture
f  5150/9646/6  5145/9647/6  5147/9648/6  5148/9649/6

o entity78_brush1
usemtl Metal Texture
f  5151/9650/1  5152/9651/1  5153/9652/1  5154/9653/1
usemtl Metal Texture
f  5155/9654/2  5153/9655/2  5152/9656/2  5156/9657/2
usemtl Metal Texture
f  5156/9658/3  5152/9659/3  5151/9660/3  5157/9661/3
usemtl Metal Texture
f  5158/9662/4  5154/9663/4  5153/9664/4  5155/9665/4
usemtl Metal Texture
f  5157/9666/5  5151/9667/5  5154/9668/5  5158/9669/5
usemtl Metal Texture
f  5158/9670/6  5155/9671/6  5156/9672/6  5157/9673/6

o entity78_brush2
usemtl Metal Texture
f  5159/9674/1  5160/9675/1  5161/9676/1  5162/9677/1
usemtl Metal Texture
f  5163/9678/2  5161/9679/2  5160/9680/2  5164/9681/2
usemtl Metal Texture
f  5164/9658/3  5160/9659/3  5159/9660/3  5165/9661/3
usemtl Metal Texture
f  5166/9662/4  5162/9663/4  5161/9664/4  5163/9665/4
usemtl Metal Texture
f  5165/9682/5  5159/9683/5  5162/9684/5  5166/9685/5
usemtl Metal Texture
f  5166/9686/6  5163/9687/6  5164/9688/6  5165/9689/6

o entity78_brush3
usemtl Metal Texture
f  5167/9607/1  5168/9608/1  5169/9609/1  5170/9610/1
usemtl Metal Texture
f  5170/9690/23  5169/9691/23  5171/8944/23  5172/8941/23
usemtl Metal Texture
f  5173/9692/37  5168/9693/37  5167/9694/37  5174/9695/37
usemtl Metal Texture
f  5175/9696/2  5172/9697/2  5171/9698/2  5176/9699/2
usemtl Metal Texture
f  5177/9700/3  5176/9701/3  5171/9702/3  5169/9703/3  5168/9704/3  5173/9705/3  5178/9706/3  5179/9707/3
usemtl Metal Texture
f  5180/9708/4  5181/9709/4  5174/9710/4  5167/9711/4  5170/9712/4  5172/9713/4  5175/9714/4  5182/9715/4
usemtl Metal Texture
f  5178/9716/5  5173/9717/5  5174/9718/5  5181/9719/5
usemtl Metal Texture
f  5182/9720/13  5175/9721/13  5176/9722/13  5177/9723/13
usemtl Metal Texture
f  5179/9724/14  5178/9725/14  5181/9726/14  5180/9727/14
usemtl Metal Texture
f  5182/9646/6  5177/9647/6  5179/9648/6  5180/9649/6

o entity78_brush4
usemtl Metal Texture
f  5183/9728/1  5184/9729/1  5185/9730/1  5186/9731/1
usemtl Metal Texture
f  5187/9732/2  5185/9733/2  5184/9734/2  5188/9735/2
usemtl Metal Texture
f  5188/9658/3  5184/9659/3  5183/9660/3  5189/9661/3
usemtl Metal Texture
f  5190/9662/4  5186/9663/4  5185/9664/4  5187/9665/4
usemtl Metal Texture
f  5189/9736/5  5183/9737/5  5186/9738/5  5190/9739/5
usemtl Metal Texture
f  5190/9740/6  5187/9741/6  5188/9742/6  5189/9743/6

o entity78_brush5
usemtl Metal Texture
f  5191/9744/1  5192/9745/1  5193/9746/1  5194/9747/1
usemtl Metal Texture
f  5195/9748/2  5193/9749/2  5192/9750/2  5196/9751/2
usemtl Metal Texture
f  5196/9658/3  5192/9659/3  5191/9660/3  5197/9661/3
usemtl Metal Texture
f  5198/9662/4  5194/9663/4  5193/9664/4  5195/9665/4
usemtl Metal Texture
f  5197/9752/5  5191/9753/5  5194/9754/5  5198/9755/5
usemtl Metal Texture
f  5198/9756/6  5195/9757/6  5196/9758/6  5197/9759/6

o entity78_brush6
usemtl Metal Texture
f  5199/9760/1  5200/9761/1  5201/9762/1  5202/9763/1
usemtl Metal Texture
f  5202/9764/23  5201/9765/23  5203/9766/23  5204/9767/23
usemtl Metal Texture
f  5205/9768/37  5200/9769/37  5199/9770/37  5206/9771/37
usemtl Metal Texture
f  5207/9696/2  5204/9697/2  5203/9698/2  5208/9699/2
usemtl Metal Texture
f  5209/9772/3  5208/9773/3  5203/9774/3  5201/9775/3  5200/9776/3  5205/9777/3  5210/9778/3  5211/9779/3
usemtl Metal Texture
f  5212/9780/4  5213/9781/4  5206/9782/4  5199/9783/4  5202/9784/4  5204/9785/4  5207/9786/4  5214/9787/4
usemtl Metal Texture
f  5210/9716/5  5205/9717/5  5206/9718/5  5213/9719/5
usemtl Metal Texture
f  5214/9788/13  5207/9789/13  5208/9790/13  5209/9791/13
usemtl Metal Texture
f  5211/9792/14  5210/9793/14  5213/9794/14  5212/9795/14
usemtl Metal Texture
f  5214/9796/6  5209/9797/6  5211/9798/6  5212/9799/6

o entity78_brush7
usemtl Metal Texture
f  5215/9760/1  5216/9761/1  5217/9762/1  5218/9763/1
usemtl Metal Texture
f  5218/9800/23  5217/9801/23  5219/9802/23  5220/9803/23
usemtl Metal Texture
f  5221/9804/37  5216/9456/37  5215/9457/37  5222/9805/37
usemtl Metal Texture
f  5223/9617/2  5220/9618/2  5219/9619/2  5224/9620/2
usemtl Metal Texture
f  5225/9806/3  5224/9807/3  5219/9808/3  5217/9809/3  5216/9810/3  5221/9811/3  5226/9812/3  5227/9813/3
usemtl Metal Texture
f  5228/9814/4  5229/9815/4  5222/9816/4  5215/9817/4  5218/9818/4  5220/9819/4  5223/9820/4  5230/9821/4
usemtl Metal Texture
f  5226/9637/5  5221/9638/5  5222/9639/5  5229/9640/5
usemtl Metal Texture
f  5230/9822/13  5223/9823/13  5224/9824/13  5225/9825/13
usemtl Metal Texture
f  5227/9826/14  5226/9827/14  5229/9828/14  5228/9829/14
usemtl Metal Texture
f  5230/9796/6  5225/9797/6  5227/9798/6  5228/9799/6

o entity79_brush0
usemtl Metal Texture
f  5231/9830/1  5232/9831/1  5233/9832/1  5234/9833/1
usemtl Metal Texture
f  5234/9834/23  5233/9835/23  5235/9836/23  5236/9837/23
usemtl Metal Texture
f  5237/9838/37  5232/9839/37  5231/9840/37  5238/9841/37
usemtl Metal Texture
f  5239/9842/2  5236/9843/2  5235/9844/2  5240/9845/2
usemtl Metal Texture
f  5241/9846/3  5240/9847/3  5235/9848/3  5233/9849/3  5232/9850/3  5237/9851/3  5242/9852/3  5243/9853/3
usemtl Metal Texture
f  5244/9854/4  5245/9855/4  5238/9856/4  5231/9857/4  5234/9858/4  5236/9859/4  5239/9860/4  5246/9861/4
usemtl Metal Texture
f  5242/9862/5  5237/9863/5  5238/9864/5  5245/9865/5
usemtl Metal Texture
f  5246/9866/13  5239/9867/13  5240/9868/13  5241/9869/13
usemtl Metal Texture
f  5243/9870/14  5242/9871/14  5245/9872/14  5244/9873/14
usemtl Metal Texture
f  5246/9874/6  5241/9875/6  5243/9876/6  5244/9877/6

o entity79_brush1
usemtl Metal Texture
f  5247/9878/1  5248/9879/1  5249/9880/1  5250/9881/1
usemtl Metal Texture
f  5251/9882/2  5249/9883/2  5248/9884/2  5252/9885/2
usemtl Metal Texture
f  5252/9886/3  5248/9887/3  5247/9888/3  5253/9889/3
usemtl Metal Texture
f  5254/9890/4  5250/9891/4  5249/9892/4  5251/9893/4
usemtl Metal Texture
f  5253/9894/5  5247/9895/5  5250/9896/5  5254/9897/5
usemtl Metal Texture
f  5254/9898/6  5251/9899/6  5252/9900/6  5253/9901/6

o entity79_brush2
usemtl Metal Texture
f  5255/9902/1  5256/9903/1  5257/9904/1  5258/9905/1
usemtl Metal Texture
f  5259/9906/2  5257/9907/2  5256/9908/2  5260/9909/2
usemtl Metal Texture
f  5260/9886/3  5256/9887/3  5255/9888/3  5261/9889/3
usemtl Metal Texture
f  5262/9890/4  5258/9891/4  5257/9892/4  5259/9893/4
usemtl Metal Texture
f  5261/9910/5  5255/9911/5  5258/9912/5  5262/9913/5
usemtl Metal Texture
f  5262/9914/6  5259/9915/6  5260/9916/6  5261/9917/6

o entity79_brush3
usemtl Metal Texture
f  5263/9918/1  5264/9919/1  5265/9920/1  5266/9921/1
usemtl Metal Texture
f  5266/9922/23  5265/9923/23  5267/9924/23  5268/9925/23
usemtl Metal Texture
f  5269/9926/37  5264/9927/37  5263/9928/37  5270/9929/37
usemtl Metal Texture
f  5271/9842/2  5268/9843/2  5267/9844/2  5272/9845/2
usemtl Metal Texture
f  5273/9930/3  5272/9931/3  5267/9932/3  5265/9933/3  5264/9934/3  5269/9935/3  5274/9936/3  5275/9937/3
usemtl Metal Texture
f  5276/9938/4  5277/9939/4  5270/9940/4  5263/9941/4  5266/9942/4  5268/9943/4  5271/9944/4  5278/9945/4
usemtl Metal Texture
f  5274/9862/5  5269/9863/5  5270/9864/5  5277/9865/5
usemtl Metal Texture
f  5278/9946/13  5271/9947/13  5272/9948/13  5273/9949/13
usemtl Metal Texture
f  5275/9950/14  5274/9951/14  5277/9952/14  5276/9953/14
usemtl Metal Texture
f  5278/9954/6  5273/9955/6  5275/9956/6  5276/9957/6

o entity79_brush4
usemtl Metal Texture
f  5279/9958/1  5280/9959/1  5281/9960/1  5282/9961/1
usemtl Metal Texture
f  5283/9962/2  5281/9963/2  5280/9964/2  5284/9965/2
usemtl Metal Texture
f  5284/9886/3  5280/9887/3  5279/9888/3  5285/9889/3
usemtl Metal Texture
f  5286/9890/4  5282/9891/4  5281/9892/4  5283/9893/4
usemtl Metal Texture
f  5285/9966/5  5279/9967/5  5282/9968/5  5286/9969/5
usemtl Metal Texture
f  5286/9970/6  5283/9971/6  5284/9972/6  5285/9973/6

o entity79_brush5
usemtl Metal Texture
f  5287/9974/1  5288/9975/1  5289/9976/1  5290/9977/1
usemtl Metal Texture
f  5291/9978/2  5289/9979/2  5288/9980/2  5292/9981/2
usemtl Metal Texture
f  5292/9886/3  5288/9887/3  5287/9888/3  5293/9889/3
usemtl Metal Texture
f  5294/9890/4  5290/9891/4  5289/9892/4  5291/9893/4
usemtl Metal Texture
f  5293/9982/5  5287/9983/5  5290/9984/5  5294/9985/5
usemtl Metal Texture
f  5294/9986/6  5291/9987/6  5292/9988/6  5293/9989/6

o entity79_brush6
usemtl Metal Texture
f  5295/9918/1  5296/9919/1  5297/9920/1  5298/9921/1
usemtl Metal Texture
f  5298/9990/23  5297/9991/23  5299/9992/23  5300/9993/23
usemtl Metal Texture
f  5301/9994/37  5296/9995/37  5295/9996/37  5302/9997/37
usemtl Metal Texture
f  5303/9998/2  5300/9999/2  5299/10000/2  5304/10001/2
usemtl Metal Texture
f  5305/10002/3  5304/10003/3  5299/10004/3  5297/10005/3  5296/10006/3  5301/10007/3  5306/10008/3  5307/10009/3
usemtl Metal Texture
f  5308/10010/4  5309/10011/4  5302/10012/4  5295/10013/4  5298/10014/4  5300/10015/4  5303/10016/4  5310/10017/4
usemtl Metal Texture
f  5306/10018/5  5301/10019/5  5302/10020/5  5309/10021/5
usemtl Metal Texture
f  5310/10022/13  5303/10023/13  5304/10024/13  5305/10025/13
usemtl Metal Texture
f  5307/10026/14  5306/10027/14  5309/10028/14  5308/10029/14
usemtl Metal Texture
f  5310/9954/6  5305/9955/6  5307/9956/6  5308/9957/6

o entity79_brush7
usemtl Metal Texture
f  5311/9830/1  5312/9831/1  5313/9832/1  5314/9833/1
usemtl Metal Texture
f  5314/10030/23  5313/10031/23  5315/10032/23  5316/10033/23
usemtl Metal Texture
f  5317/10034/37  5312/10035/37  5311/10036/37  5318/10037/37
usemtl Metal Texture
f  5319/9998/2  5316/9999/2  5315/10000/2  5320/10001/2
usemtl Metal Texture
f  5321/10038/3  5320/10039/3  5315/10040/3  5313/10041/3  5312/10042/3  5317/10043/3  5322/10044/3  5323/10045/3
usemtl Metal Texture
f  5324/10046/4  5325/10047/4  5318/10048/4  5311/10049/4  5314/10050/4  5316/10051/4  5319/10052/4  5326/10053/4
usemtl Metal Texture
f  5322/10018/5  5317/10019/5  5318/10020/5  5325/10021/5
usemtl Metal Texture
f  5326/10054/13  5319/10055/13  5320/10056/13  5321/10057/13
usemtl Metal Texture
f  5323/10058/14  5322/10059/14  5325/10060/14  5324/10061/14
usemtl Metal Texture
f  5326/9874/6  5321/9875/6  5323/9876/6  5324/9877/6

o entity80_brush0
usemtl Metal Texture
f  5327/10062/1  5328/10063/1  5329/10064/1  5330/10065/1
usemtl Metal Texture
f  5330/10066/23  5329/10067/23  5331/10068/23  5332/10069/23
usemtl Metal Texture
f  5333/10070/37  5328/10071/37  5327/10072/37  5334/10073/37
usemtl Metal Texture
f  5335/9842/2  5332/9843/2  5331/9844/2  5336/9845/2
usemtl Metal Texture
f  5337/10074/3  5336/10075/3  5331/10076/3  5329/10077/3  5328/10078/3  5333/10079/3  5338/10080/3  5339/10081/3
usemtl Metal Texture
f  5340/10082/4  5341/10083/4  5334/10084/4  5327/10085/4  5330/10086/4  5332/10087/4  5335/10088/4  5342/10089/4
usemtl Metal Texture
f  5338/9862/5  5333/9863/5  5334/9864/5  5341/9865/5
usemtl Metal Texture
f  5342/10090/13  5335/10091/13  5336/10092/13  5337/10093/13
usemtl Metal Texture
f  5339/10094/14  5338/10095/14  5341/10096/14  5340/10097/14
usemtl Metal Texture
f  5342/10098/6  5337/10099/6  5339/10100/6  5340/10101/6

o entity80_brush1
usemtl Metal Texture
f  5343/10102/1  5344/10103/1  5345/10104/1  5346/10105/1
usemtl Metal Texture
f  5347/9882/2  5345/9883/2  5344/9884/2  5348/9885/2
usemtl Metal Texture
f  5348/10106/3  5344/10107/3  5343/10108/3  5349/10109/3
usemtl Metal Texture
f  5350/10110/4  5346/10111/4  5345/10112/4  5347/10113/4
usemtl Metal Texture
f  5349/9894/5  5343/9895/5  5346/9896/5  5350/9897/5
usemtl Metal Texture
f  5350/10114/6  5347/10115/6  5348/10116/6  5349/10117/6

o entity80_brush2
usemtl Metal Texture
f  5351/10118/1  5352/10119/1  5353/10120/1  5354/10121/1
usemtl Metal Texture
f  5355/9906/2  5353/9907/2  5352/9908/2  5356/9909/2
usemtl Metal Texture
f  5356/10106/3  5352/10107/3  5351/10108/3  5357/10109/3
usemtl Metal Texture
f  5358/10110/4  5354/10111/4  5353/10112/4  5355/10113/4
usemtl Metal Texture
f  5357/9910/5  5351/9911/5  5354/9912/5  5358/9913/5
usemtl Metal Texture
f  5358/10122/6  5355/10123/6  5356/10124/6  5357/10125/6

o entity80_brush3
usemtl Metal Texture
f  5359/10126/1  5360/10127/1  5361/10128/1  5362/10129/1
usemtl Metal Texture
f  5362/10130/23  5361/10131/23  5363/10132/23  5364/10133/23
usemtl Metal Texture
f  5365/10134/37  5360/10135/37  5359/10136/37  5366/10137/37
usemtl Metal Texture
f  5367/9842/2  5364/9843/2  5363/9844/2  5368/9845/2
usemtl Metal Texture
f  5369/10138/3  5368/10139/3  5363/10140/3  5361/10141/3  5360/10142/3  5365/10143/3  5370/10144/3  5371/10145/3
usemtl Metal Texture
f  5372/10146/4  5373/10147/4  5366/10148/4  5359/10149/4  5362/10150/4  5364/10151/4  5367/10152/4  5374/10153/4
usemtl Metal Texture
f  5370/9862/5  5365/9863/5  5366/9864/5  5373/9865/5
usemtl Metal Texture
f  5374/10154/13  5367/10155/13  5368/10156/13  5369/10157/13
usemtl Metal Texture
f  5371/10158/14  5370/10159/14  5373/10160/14  5372/10161/14
usemtl Metal Texture
f  5374/10162/6  5369/10163/6  5371/10164/6  5372/10165/6

o entity80_brush4
usemtl Metal Texture
f  5375/10166/1  5376/10167/1  5377/10168/1  5378/10169/1
usemtl Metal Texture
f  5379/9962/2  5377/9963/2  5376/9964/2  5380/9965/2
usemtl Metal Texture
f  5380/10106/3  5376/10107/3  5375/10108/3  5381/10109/3
usemtl Metal Texture
f  5382/10110/4  5378/10111/4  5377/10112/4  5379/10113/4
usemtl Metal Texture
f  5381/9966/5  5375/9967/5  5378/9968/5  5382/9969/5
usemtl Metal Texture
f  5382/10170/6  5379/10171/6  5380/10172/6  5381/10173/6

o entity80_brush5
usemtl Metal Texture
f  5383/10174/1  5384/10175/1  5385/10176/1  5386/10177/1
usemtl Metal Texture
f  5387/9978/2  5385/9979/2  5384/9980/2  5388/9981/2
usemtl Metal Texture
f  5388/10106/3  5384/10107/3  5383/10108/3  5389/10109/3
usemtl Metal Texture
f  5390/10110/4  5386/10111/4  5385/10112/4  5387/10113/4
usemtl Metal Texture
f  5389/9982/5  5383/9983/5  5386/9984/5  5390/9985/5
usemtl Metal Texture
f  5390/10178/6  5387/10179/6  5388/10180/6  5389/10181/6

o entity80_brush6
usemtl Metal Texture
f  5391/10126/1  5392/10127/1  5393/10128/1  5394/10129/1
usemtl Metal Texture
f  5394/10182/23  5393/10183/23  5395/10184/23  5396/10185/23
usemtl Metal Texture
f  5397/10186/37  5392/10187/37  5391/10188/37  5398/10189/37
usemtl Metal Texture
f  5399/9998/2  5396/9999/2  5395/10000/2  5400/10001/2
usemtl Metal Texture
f  5401/10190/3  5400/10191/3  5395/10192/3  5393/10193/3  5392/10194/3  5397/10195/3  5402/10196/3  5403/10197/3
usemtl Metal Texture
f  5404/10198/4  5405/10199/4  5398/10200/4  5391/10201/4  5394/10202/4  5396/10203/4  5399/10204/4  5406/10205/4
usemtl Metal Texture
f  5402/10018/5  5397/10019/5  5398/10020/5  5405/10021/5
usemtl Metal Texture
f  5406/10206/13  5399/10207/13  5400/10208/13  5401/10209/13
usemtl Metal Texture
f  5403/10210/14  5402/10211/14  5405/10212/14  5404/10213/14
usemtl Metal Texture
f  5406/10162/6  5401/10163/6  5403/10164/6  5404/10165/6

o entity80_brush7
usemtl Metal Texture
f  5407/10062/1  5408/10063/1  5409/10064/1  5410/10065/1
usemtl Metal Texture
f  5410/10214/23  5409/10215/23  5411/10216/23  5412/10217/23
usemtl Metal Texture
f  5413/10218/37  5408/10219/37  5407/10220/37  5414/10221/37
usemtl Metal Texture
f  5415/9998/2  5412/9999/2  5411/10000/2  5416/10001/2
usemtl Metal Texture
f  5417/10222/3  5416/10223/3  5411/10224/3  5409/10225/3  5408/10226/3  5413/10227/3  5418/10228/3  5419/10229/3
usemtl Metal Texture
f  5420/10230/4  5421/10231/4  5414/10232/4  5407/10233/4  5410/10234/4  5412/10235/4  5415/10236/4  5422/10237/4
usemtl Metal Texture
f  5418/10018/5  5413/10019/5  5414/10020/5  5421/10021/5
usemtl Metal Texture
f  5422/10238/13  5415/10239/13  5416/10240/13  5417/10241/13
usemtl Metal Texture
f  5419/10242/14  5418/10243/14  5421/10244/14  5420/10245/14
usemtl Metal Texture
f  5422/10098/6  5417/10099/6  5419/10100/6  5420/10101/6

o entity81_brush0
usemtl Metal Texture
f  5423/9607/1  5424/9608/1  5425/9609/1  5426/9610/1
usemtl Metal Texture
f  5426/10246/23  5425/10247/23  5427/10248/23  5428/10249/23
usemtl Metal Texture
f  5429/10250/37  5424/10251/37  5423/10252/37  5430/10253/37
usemtl Metal Texture
f  5431/10254/2  5428/10255/2  5427/10256/2  5432/10257/2
usemtl Metal Texture
f  5433/10258/3  5432/10259/3  5427/10260/3  5425/10261/3  5424/10262/3  5429/10263/3  5434/10264/3  5435/10265/3
usemtl Metal Texture
f  5436/10266/4  5437/10267/4  5430/10268/4  5423/10269/4  5426/10270/4  5428/10271/4  5431/10272/4  5438/10273/4
usemtl Metal Texture
f  5434/10274/5  5429/10275/5  5430/10276/5  5437/10277/5
usemtl Metal Texture
f  5438/8616/13  5431/10278/13  5432/10279/13  5433/8615/13
usemtl Metal Texture
f  5435/10280/14  5434/10281/14  5437/10282/14  5436/10283/14
usemtl Metal Texture
f  5438/9646/6  5433/9647/6  5435/9648/6  5436/9649/6

o entity81_brush1
usemtl Metal Texture
f  5439/9650/1  5440/9651/1  5441/9652/1  5442/9653/1
usemtl Metal Texture
f  5443/10284/2  5441/10285/2  5440/10286/2  5444/10287/2
usemtl Metal Texture
f  5444/10288/3  5440/10289/3  5439/10290/3  5445/10291/3
usemtl Metal Texture
f  5446/10292/4  5442/10293/4  5441/10294/4  5443/10295/4
usemtl Metal Texture
f  5445/10296/5  5439/10297/5  5442/9894/5  5446/10298/5
usemtl Metal Texture
f  5446/9670/6  5443/9671/6  5444/9672/6  5445/9673/6

o entity81_brush2
usemtl Metal Texture
f  5447/9674/1  5448/9675/1  5449/9676/1  5450/9677/1
usemtl Metal Texture
f  5451/10299/2  5449/10300/2  5448/10301/2  5452/10302/2
usemtl Metal Texture
f  5452/10288/3  5448/10289/3  5447/10290/3  5453/10291/3
usemtl Metal Texture
f  5454/10292/4  5450/10293/4  5449/10294/4  5451/10295/4
usemtl Metal Texture
f  5453/10303/5  5447/10304/5  5450/9910/5  5454/10305/5
usemtl Metal Texture
f  5454/9686/6  5451/9687/6  5452/9688/6  5453/9689/6

o entity81_brush3
usemtl Metal Texture
f  5455/9607/1  5456/9608/1  5457/9609/1  5458/9610/1
usemtl Metal Texture
f  5458/10306/23  5457/10307/23  5459/10308/23  5460/10309/23
usemtl Metal Texture
f  5461/10310/37  5456/10311/37  5455/10312/37  5462/10313/37
usemtl Metal Texture
f  5463/10314/2  5460/10315/2  5459/10316/2  5464/10317/2
usemtl Metal Texture
f  5465/10318/3  5464/10319/3  5459/10320/3  5457/10321/3  5456/10322/3  5461/10323/3  5466/10324/3  5467/10325/3
usemtl Metal Texture
f  5468/10326/4  5469/10327/4  5462/10328/4  5455/10329/4  5458/10330/4  5460/10331/4  5463/10332/4  5470/10333/4
usemtl Metal Texture
f  5466/10334/5  5461/10335/5  5462/10336/5  5469/10337/5
usemtl Metal Texture
f  5470/8704/13  5463/10338/13  5464/10339/13  5465/8703/13
usemtl Metal Texture
f  5467/10340/14  5466/10341/14  5469/10342/14  5468/10343/14
usemtl Metal Texture
f  5470/9646/6  5465/9647/6  5467/9648/6  5468/9649/6

o entity81_brush4
usemtl Metal Texture
f  5471/9728/1  5472/9729/1  5473/9730/1  5474/9731/1
usemtl Metal Texture
f  5475/10344/2  5473/10345/2  5472/10346/2  5476/10347/2
usemtl Metal Texture
f  5476/10288/3  5472/10289/3  5471/10290/3  5477/10291/3
usemtl Metal Texture
f  5478/10292/4  5474/10293/4  5473/10294/4  5475/10295/4
usemtl Metal Texture
f  5477/10348/5  5471/10349/5  5474/10350/5  5478/10351/5
usemtl Metal Texture
f  5478/9740/6  5475/9741/6  5476/9742/6  5477/9743/6

o entity81_brush5
usemtl Metal Texture
f  5479/9744/1  5480/9745/1  5481/9746/1  5482/9747/1
usemtl Metal Texture
f  5483/10352/2  5481/10353/2  5480/10354/2  5484/10355/2
usemtl Metal Texture
f  5484/10288/3  5480/10289/3  5479/10290/3  5485/10291/3
usemtl Metal Texture
f  5486/10292/4  5482/10293/4  5481/10294/4  5483/10295/4
usemtl Metal Texture
f  5485/10356/5  5479/10357/5  5482/10358/5  5486/10359/5
usemtl Metal Texture
f  5486/9756/6  5483/9757/6  5484/9758/6  5485/9759/6

o entity81_brush6
usemtl Metal Texture
f  5487/9760/1  5488/9761/1  5489/9762/1  5490/9763/1
usemtl Metal Texture
f  5490/10360/23  5489/10361/23  5491/10362/23  5492/10363/23
usemtl Metal Texture
f  5493/10364/37  5488/8806/37  5487/8807/37  5494/10365/37
usemtl Metal Texture
f  5495/10314/2  5492/10315/2  5491/10316/2  5496/10317/2
usemtl Metal Texture
f  5497/10366/3  5496/10367/3  5491/10368/3  5489/10369/3  5488/10370/3  5493/10371/3  5498/10372/3  5499/10373/3
usemtl Metal Texture
f  5500/10374/4  5501/10375/4  5494/10376/4  5487/10377/4  5490/10378/4  5492/10379/4  5495/10380/4  5502/10381/4
usemtl Metal Texture
f  5498/10334/5  5493/10335/5  5494/10336/5  5501/10337/5
usemtl Metal Texture
f  5502/8772/13  5495/10382/13  5496/8770/13  5497/8771/13
usemtl Metal Texture
f  5499/10383/14  5498/10384/14  5501/10385/14  5500/10386/14
usemtl Metal Texture
f  5502/9796/6  5497/9797/6  5499/9798/6  5500/9799/6

o entity81_brush7
usemtl Metal Texture
f  5503/9760/1  5504/9761/1  5505/9762/1  5506/9763/1
usemtl Metal Texture
f  5506/10387/23  5505/10388/23  5507/10389/23  5508/10390/23
usemtl Metal Texture
f  5509/8837/37  5504/10391/37  5503/10392/37  5510/8840/37
usemtl Metal Texture
f  5511/10254/2  5508/10255/2  5507/10256/2  5512/10257/2
usemtl Metal Texture
f  5513/10393/3  5512/10394/3  5507/10395/3  5505/10396/3  5504/10397/3  5509/10398/3  5514/10399/3  5515/10400/3
usemtl Metal Texture
f  5516/10401/4  5517/10402/4  5510/10403/4  5503/10404/4  5506/10405/4  5508/10406/4  5511/10407/4  5518/10408/4
usemtl Metal Texture
f  5514/10274/5  5509/10275/5  5510/10276/5  5517/10277/5
usemtl Metal Texture
f  5518/8812/13  5511/8809/13  5512/8810/13  5513/10409/13
usemtl Metal Texture
f  5515/10410/14  5514/10411/14  5517/10412/14  5516/10413/14
usemtl Metal Texture
f  5518/9796/6  5513/9797/6  5515/9798/6  5516/9799/6

o entity82_brush0
usemtl Metal Texture
f  5519/10414/1  5520/10415/1  5521/10416/1  5522/10417/1
usemtl Metal Texture
f  5522/10418/23  5521/10419/23  5523/10420/23  5524/10421/23
usemtl Metal Texture
f  5525/10422/37  5520/10423/37  5519/10424/37  5526/10425/37
usemtl Metal Texture
f  5527/10426/2  5524/10427/2  5523/10428/2  5528/10429/2
usemtl Metal Texture
f  5529/10430/3  5528/10431/3  5523/10432/3  5521/10433/3  5520/10434/3  5525/10435/3  5530/10436/3  5531/10437/3
usemtl Metal Texture
f  5532/10438/4  5533/10439/4  5526/10440/4  5519/10441/4  5522/10442/4  5524/10443/4  5527/10444/4  5534/10445/4
usemtl Metal Texture
f  5530/10446/5  5525/10447/5  5526/10448/5  5533/10449/5
usemtl Metal Texture
f  5534/10450/13  5527/10451/13  5528/10452/13  5529/10453/13
usemtl Metal Texture
f  5531/10454/14  5530/10455/14  5533/10456/14  5532/10457/14
usemtl Metal Texture
f  5534/10458/6  5529/10459/6  5531/10460/6  5532/10461/6

o entity82_brush1
usemtl Metal Texture
f  5535/10462/1  5536/10463/1  5537/10464/1  5538/10465/1
usemtl Metal Texture
f  5539/10466/2  5537/10467/2  5536/10468/2  5540/10469/2
usemtl Metal Texture
f  5540/10470/3  5536/10471/3  5535/10472/3  5541/10473/3
usemtl Metal Texture
f  5542/10474/4  5538/10475/4  5537/10476/4  5539/10477/4
usemtl Metal Texture
f  5541/10478/5  5535/10479/5  5538/10480/5  5542/10481/5
usemtl Metal Texture
f  5542/10482/6  5539/10483/6  5540/10484/6  5541/10485/6

o entity82_brush2
usemtl Metal Texture
f  5543/10414/1  5544/10415/1  5545/10416/1  5546/10417/1
usemtl Metal Texture
f  5546/10486/23  5545/10487/23  5547/10488/23  5548/10489/23
usemtl Metal Texture
f  5549/10490/37  5544/10491/37  5543/10492/37  5550/10493/37
usemtl Metal Texture
f  5551/10494/2  5548/10495/2  5547/10496/2  5552/10497/2
usemtl Metal Texture
f  5553/10498/3  5552/10499/3  5547/10500/3  5545/10501/3  5544/10502/3  5549/10503/3  5554/10504/3  5555/10505/3
usemtl Metal Texture
f  5556/10506/4  5557/10507/4  5550/10508/4  5543/10509/4  5546/10510/4  5548/10511/4  5551/10512/4  5558/10513/4
usemtl Metal Texture
f  5554/10514/5  5549/10515/5  5550/10516/5  5557/10517/5
usemtl Metal Texture
f  5558/10518/13  5551/10519/13  5552/10520/13  5553/10521/13
usemtl Metal Texture
f  5555/10522/14  5554/10523/14  5557/10524/14  5556/10525/14
usemtl Metal Texture
f  5558/10458/6  5553/10459/6  5555/10460/6  5556/10461/6

o entity82_brush3
usemtl Metal Texture
f  5559/10526/1  5560/10527/1  5561/10528/1  5562/10529/1
usemtl Metal Texture
f  5563/10530/2  5561/10531/2  5560/10532/2  5564/10533/2
usemtl Metal Texture
f  5564/10534/3  5560/10535/3  5559/10472/3  5565/10473/3
usemtl Metal Texture
f  5566/10474/4  5562/10475/4  5561/10536/4  5563/10537/4
usemtl Metal Texture
f  5565/10538/5  5559/10539/5  5562/10540/5  5566/10541/5
usemtl Metal Texture
f  5566/10542/6  5563/10543/6  5564/10544/6  5565/10545/6

o entity82_brush4
usemtl Metal Texture
f  5567/10546/1  5568/10547/1  5569/10548/1  5570/10549/1
usemtl Metal Texture
f  5570/10550/23  5569/10551/23  5571/10552/23  5572/10553/23
usemtl Metal Texture
f  5573/10554/37  5568/10555/37  5567/10556/37  5574/10557/37
usemtl Metal Texture
f  5575/10494/2  5572/10495/2  5571/10496/2  5576/10497/2
usemtl Metal Texture
f  5577/10558/3  5576/10559/3  5571/10560/3  5569/10561/3  5568/10562/3  5573/10563/3  5578/10564/3  5579/10565/3
usemtl Metal Texture
f  5580/10566/4  5581/10567/4  5574/10568/4  5567/10569/4  5570/10570/4  5572/10571/4  5575/10572/4  5582/10573/4
usemtl Metal Texture
f  5578/10514/5  5573/10515/5  5574/10516/5  5581/10517/5
usemtl Metal Texture
f  5582/10574/13  5575/10575/13  5576/10576/13  5577/10577/13
usemtl Metal Texture
f  5579/10578/14  5578/10579/14  5581/10580/14  5580/10581/14
usemtl Metal Texture
f  5582/10582/6  5577/10583/6  5579/10584/6  5580/10585/6

o entity82_brush5
usemtl Metal Texture
f  5583/10546/1  5584/10547/1  5585/10548/1  5586/10549/1
usemtl Metal Texture
f  5586/10586/23  5585/10587/23  5587/10588/23  5588/10589/23
usemtl Metal Texture
f  5589/10590/37  5584/10591/37  5583/10592/37  5590/10593/37
usemtl Metal Texture
f  5591/10426/2  5588/10427/2  5587/10428/2  5592/10429/2
usemtl Metal Texture
f  5593/10594/3  5592/10595/3  5587/10596/3  5585/10597/3  5584/10598/3  5589/10599/3  5594/10600/3  5595/10601/3
usemtl Metal Texture
f  5596/10602/4  5597/10603/4  5590/10604/4  5583/10605/4  5586/10606/4  5588/10607/4  5591/10608/4  5598/10609/4
usemtl Metal Texture
f  5594/10446/5  5589/10447/5  5590/10448/5  5597/10449/5
usemtl Metal Texture
f  5598/10610/13  5591/10611/13  5592/10612/13  5593/10613/13
usemtl Metal Texture
f  5595/10614/14  5594/10615/14  5597/10616/14  5596/10617/14
usemtl Metal Texture
f  5598/10582/6  5593/10583/6  5595/10584/6  5596/10585/6

o entity82_brush6
usemtl Metal Texture
f  5599/10618/1  5600/10619/1  5601/10620/1  5602/10621/1
usemtl Metal Texture
f  5602/10622/23  5601/10623/23  5603/10624/23  5604/10625/23
usemtl Metal Texture
f  5605/10626/37  5600/10627/37  5599/10628/37  5606/10629/37
usemtl Metal Texture
f  5607/10494/2  5604/10495/2  5603/10496/2  5608/10497/2
usemtl Metal Texture
f  5609/10630/3  5608/10631/3  5603/10632/3  5601/10633/3  5600/10634/3  5605/10635/3  5610/10636/3  5611/10637/3
usemtl Metal Texture
f  5612/10638/4  5613/10639/4  5606/10640/4  5599/10641/4  5602/10642/4  5604/10643/4  5607/10644/4  5614/10645/4
usemtl Metal Texture
f  5610/10514/5  5605/10515/5  5606/10516/5  5613/10517/5
usemtl Metal Texture
f  5614/10646/13  5607/10647/13  5608/10648/13  5609/10649/13
usemtl Metal Texture
f  5611/10650/14  5610/10651/14  5613/10652/14  5612/10653/14
usemtl Metal Texture
f  5614/10654/6  5609/10655/6  5611/10656/6  5612/10657/6

o entity82_brush7
usemtl Metal Texture
f  5615/10618/1  5616/10619/1  5617/10620/1  5618/10621/1
usemtl Metal Texture
f  5618/10658/23  5617/10659/23  5619/10660/23  5620/10661/23
usemtl Metal Texture
f  5621/10662/37  5616/10663/37  5615/10664/37  5622/10665/37
usemtl Metal Texture
f  5623/10426/2  5620/10427/2  5619/10428/2  5624/10429/2
usemtl Metal Texture
f  5625/10666/3  5624/10667/3  5619/10668/3  5617/10669/3  5616/10670/3  5621/10671/3  5626/10672/3  5627/10673/3
usemtl Metal Texture
f  5628/10674/4  5629/10675/4  5622/10676/4  5615/10677/4  5618/10678/4  5620/10679/4  5623/10680/4  5630/10681/4
usemtl Metal Texture
f  5626/10446/5  5621/10447/5  5622/10448/5  5629/10449/5
usemtl Metal Texture
f  5630/10682/13  5623/10683/13  5624/10684/13  5625/10685/13
usemtl Metal Texture
f  5627/10686/14  5626/10687/14  5629/10688/14  5628/10689/14
usemtl Metal Texture
f  5630/10654/6  5625/10655/6  5627/10656/6  5628/10657/6

o entity82_brush8
usemtl Metal Texture
f  5631/10690/1  5632/10691/1  5633/10692/1  5634/10693/1
usemtl Metal Texture
f  5635/10694/2  5633/10695/2  5632/10696/2  5636/10697/2
usemtl Metal Texture
f  5636/10534/3  5632/10535/3  5631/10472/3  5637/10473/3
usemtl Metal Texture
f  5638/10474/4  5634/10475/4  5633/10536/4  5635/10537/4
usemtl Metal Texture
f  5637/10698/5  5631/10699/5  5634/10700/5  5638/10701/5
usemtl Metal Texture
f  5638/10702/6  5635/10703/6  5636/10704/6  5637/10705/6

o entity83_brush0
usemtl Metal Texture
f  5639/10706/1  5640/10707/1  5641/10708/1  5642/10709/1
usemtl Metal Texture
f  5642/10710/23  5641/10711/23  5643/10712/23  5644/10713/23
usemtl Metal Texture
f  5645/10714/37  5640/10715/37  5639/10716/37  5646/10717/37
usemtl Metal Texture
f  5647/8461/2  5644/8462/2  5643/8463/2  5648/8464/2
usemtl Metal Texture
f  5649/10718/3  5648/10719/3  5643/10720/3  5641/10721/3  5640/10722/3  5645/10723/3  5650/10724/3  5651/10725/3
usemtl Metal Texture
f  5652/10726/4  5653/10727/4  5646/10728/4  5639/10729/4  5642/10730/4  5644/10731/4  5647/10732/4  5654/10733/4
usemtl Metal Texture
f  5650/8481/5  5645/8482/5  5646/8483/5  5653/8484/5
usemtl Metal Texture
f  5654/10734/13  5647/10735/13  5648/10736/13  5649/10737/13
usemtl Metal Texture
f  5651/10738/14  5650/10739/14  5653/10740/14  5652/10741/14
usemtl Metal Texture
f  5654/10742/6  5649/10743/6  5651/10744/6  5652/10745/6

o entity83_brush1
usemtl Metal Texture
f  5655/10746/1  5656/10747/1  5657/10748/1  5658/10749/1
usemtl Metal Texture
f  5659/8501/2  5657/8502/2  5656/8503/2  5660/8504/2
usemtl Metal Texture
f  5660/10750/3  5656/10751/3  5655/10752/3  5661/10753/3
usemtl Metal Texture
f  5662/10754/4  5658/10755/4  5657/10756/4  5659/10757/4
usemtl Metal Texture
f  5661/8513/5  5655/8514/5  5658/8515/5  5662/8516/5
usemtl Metal Texture
f  5662/10758/6  5659/10759/6  5660/10760/6  5661/10761/6

o entity83_brush2
usemtl Metal Texture
f  5663/10762/1  5664/10763/1  5665/10764/1  5666/10765/1
usemtl Metal Texture
f  5667/10766/2  5665/10767/2  5664/10768/2  5668/10769/2
usemtl Metal Texture
f  5668/10750/3  5664/10751/3  5663/10752/3  5669/10753/3
usemtl Metal Texture
f  5670/10754/4  5666/10755/4  5665/10756/4  5667/10757/4
usemtl Metal Texture
f  5669/8529/5  5663/8530/5  5666/8531/5  5670/8532/5
usemtl Metal Texture
f  5670/10770/6  5667/10771/6  5668/10772/6  5669/10773/6

o entity83_brush3
usemtl Metal Texture
f  5671/10774/1  5672/10775/1  5673/10776/1  5674/10777/1
usemtl Metal Texture
f  5674/10778/23  5673/10779/23  5675/10780/23  5676/10781/23
usemtl Metal Texture
f  5677/10782/37  5672/10783/37  5671/10784/37  5678/10785/37
usemtl Metal Texture
f  5679/8461/2  5676/8462/2  5675/8463/2  5680/8464/2
usemtl Metal Texture
f  5681/10786/3  5680/10787/3  5675/10788/3  5673/10789/3  5672/10790/3  5677/10791/3  5682/10792/3  5683/10793/3
usemtl Metal Texture
f  5684/10794/4  5685/10795/4  5678/10796/4  5671/10797/4  5674/10798/4  5676/10799/4  5679/10800/4  5686/10801/4
usemtl Metal Texture
f  5682/8481/5  5677/8482/5  5678/8483/5  5685/8484/5
usemtl Metal Texture
f  5686/10802/13  5679/10803/13  5680/10804/13  5681/10805/13
usemtl Metal Texture
f  5683/10806/14  5682/10807/14  5685/10808/14  5684/10809/14
usemtl Metal Texture
f  5686/10810/6  5681/10811/6  5683/10812/6  5684/10813/6

o entity83_brush4
usemtl Metal Texture
f  5687/10814/1  5688/10815/1  5689/10816/1  5690/10817/1
usemtl Metal Texture
f  5691/8581/2  5689/8582/2  5688/8583/2  5692/8584/2
usemtl Metal Texture
f  5692/10750/3  5688/10751/3  5687/10752/3  5693/10753/3
usemtl Metal Texture
f  5694/10754/4  5690/10755/4  5689/10756/4  5691/10757/4
usemtl Metal Texture
f  5693/8585/5  5687/8586/5  5690/8587/5  5694/8588/5
usemtl Metal Texture
f  5694/10818/6  5691/10819/6  5692/10820/6  5693/10821/6

o entity83_brush5
usemtl Metal Texture
f  5695/10822/1  5696/10823/1  5697/10824/1  5698/10825/1
usemtl Metal Texture
f  5699/8597/2  5697/8598/2  5696/8599/2  5700/8600/2
usemtl Metal Texture
f  5700/10750/3  5696/10751/3  5695/10752/3  5701/10753/3
usemtl Metal Texture
f  5702/10754/4  5698/10755/4  5697/10756/4  5699/10757/4
usemtl Metal Texture
f  5701/8601/5  5695/8602/5  5698/8603/5  5702/8604/5
usemtl Metal Texture
f  5702/10826/6  5699/10827/6  5700/10828/6  5701/10829/6

o entity84_brush0
usemtl black
f  5703/10830/1  5704/10831/1  5705/10832/1  5706/10833/1
usemtl black
f  5707/10834/2  5705/10835/2  5704/10836/2  5708/10837/2
usemtl black
f  5708/10838/3  5704/10839/3  5703/10840/3  5709/10841/3
usemtl black
f  5710/10842/4  5706/10843/4  5705/10844/4  5707/10845/4
usemtl black
f  5709/10846/5  5703/10847/5  5706/10848/5  5710/10849/5
usemtl black
f  5710/10850/6  5707/10851/6  5708/10852/6  5709/10853/6

o entity84_brush1
usemtl black
f  5711/10854/1  5712/10830/1  5713/10833/1  5714/10855/1
usemtl black
f  5715/10856/2  5713/10835/2  5712/10836/2  5716/10857/2
usemtl black
f  5716/10858/3  5712/10840/3  5711/10859/3  5717/10860/3
usemtl black
f  5718/10861/4  5714/10862/4  5713/10843/4  5715/10863/4
usemtl black
f  5717/10864/5  5711/10847/5  5714/10848/5  5718/10865/5
usemtl black
f  5718/10866/6  5715/10850/6  5716/10853/6  5717/10867/6

o entity84_brush2
usemtl black
f  5719/10868/1  5720/10854/1  5721/10855/1  5722/10869/1
usemtl black
f  5723/10834/2  5721/10835/2  5720/10836/2  5724/10837/2
usemtl black
f  5724/10870/3  5720/10859/3  5719/10871/3  5725/10872/3
usemtl black
f  5726/10873/4  5722/10874/4  5721/10862/4  5723/10875/4
usemtl black
f  5725/10846/5  5719/10847/5  5722/10848/5  5726/10849/5
usemtl black
f  5726/10876/6  5723/10866/6  5724/10867/6  5725/10877/6

o entity84_brush3
usemtl black
f  5727/10854/1  5728/10830/1  5729/10833/1  5730/10855/1
usemtl black
f  5731/10834/2  5729/10878/2  5728/10879/2  5732/10837/2
usemtl black
f  5732/10841/3  5728/10880/3  5727/10881/3  5733/10870/3
usemtl black
f  5734/10875/4  5730/10882/4  5729/10883/4  5731/10842/4
usemtl black
f  5733/10846/5  5727/10884/5  5730/10885/5  5734/10849/5
usemtl black
f  5734/10866/6  5731/10850/6  5732/10853/6  5733/10867/6

o entity84_brush4
usemtl black
f  5735/10854/1  5736/10830/1  5737/10886/1  5738/10887/1
usemtl black
f  5739/10888/2  5737/10889/2  5736/10857/2  5740/10879/2
usemtl black
f  5740/10880/3  5736/10858/3  5735/10860/3  5741/10881/3
usemtl black
f  5742/10882/4  5738/10861/4  5737/10863/4  5739/10883/4
usemtl black
f  5741/10884/5  5735/10864/5  5738/10890/5  5742/10891/5
usemtl black
f  5742/10892/6  5739/10893/6  5740/10853/6  5741/10867/6

o entity84_brush5
usemtl black
f  5743/10894/1  5744/10895/1  5745/10896/1  5746/10897/1
usemtl black
f  5747/10888/2  5745/10889/2  5744/10857/2  5748/10879/2
usemtl black
f  5748/10898/3  5744/10899/3  5743/10900/3  5749/10901/3
usemtl black
f  5750/10902/4  5746/10903/4  5745/10904/4  5747/10905/4
usemtl black
f  5749/10884/5  5743/10864/5  5746/10890/5  5750/10891/5
usemtl black
f  5750/10906/6  5747/10907/6  5748/10908/6  5749/10909/6

o entity84_brush6
usemtl black
f  5751/10894/1  5752/10895/1  5753/10910/1  5754/10911/1
usemtl black
f  5755/10856/2  5753/10835/2  5752/10836/2  5756/10857/2
usemtl black
f  5756/10899/3  5752/10912/3  5751/10913/3  5757/10900/3
usemtl black
f  5758/10903/4  5754/10914/4  5753/10915/4  5755/10904/4
usemtl black
f  5757/10864/5  5751/10847/5  5754/10848/5  5758/10865/5
usemtl black
f  5758/10916/6  5755/10917/6  5756/10908/6  5757/10909/6

o entity84_brush7
usemtl black
f  5759/10895/1  5760/10918/1  5761/10919/1  5762/10910/1
usemtl black
f  5763/10834/2  5761/10835/2  5760/10836/2  5764/10837/2
usemtl black
f  5764/10920/3  5760/10921/3  5759/10912/3  5765/10922/3
usemtl black
f  5766/10923/4  5762/10915/4  5761/10924/4  5763/10925/4
usemtl black
f  5765/10846/5  5759/10847/5  5762/10848/5  5766/10849/5
usemtl black
f  5766/10917/6  5763/10926/6  5764/10927/6  5765/10908/6

o entity84_brush8
usemtl black
f  5767/10928/1  5768/10894/1  5769/10911/1  5770/10929/1
usemtl black
f  5771/10834/2  5769/10835/2  5768/10836/2  5772/10837/2
usemtl black
f  5772/10930/3  5768/10913/3  5767/10931/3  5773/10932/3
usemtl black
f  5774/10933/4  5770/10934/4  5769/10914/4  5771/10935/4
usemtl black
f  5773/10846/5  5767/10847/5  5770/10848/5  5774/10849/5
usemtl black
f  5774/10936/6  5771/10916/6  5772/10909/6  5773/10937/6

o entity84_brush9
usemtl black
f  5775/10894/1  5776/10895/1  5777/10910/1  5778/10911/1
usemtl black
f  5779/10834/2  5777/10878/2  5776/10879/2  5780/10837/2
usemtl black
f  5780/10922/3  5776/10898/3  5775/10901/3  5781/10930/3
usemtl black
f  5782/10935/4  5778/10902/4  5777/10905/4  5779/10923/4
usemtl black
f  5781/10846/5  5775/10884/5  5778/10885/5  5782/10849/5
usemtl black
f  5782/10916/6  5779/10917/6  5780/10908/6  5781/10909/6

o entity85_brush0
usemtl black
f  5783/10938/1  5784/10939/1  5785/10940/1  5786/10941/1
usemtl black
f  5787/10942/2  5785/10943/2  5784/10944/2  5788/10945/2
usemtl black
f  5788/10946/3  5784/10947/3  5783/10948/3  5789/10949/3
usemtl black
f  5790/10950/4  5786/10951/4  5785/10952/4  5787/10953/4
usemtl black
f  5789/10954/5  5783/10955/5  5786/10956/5  5790/10957/5
usemtl black
f  5790/10958/6  5787/10959/6  5788/10960/6  5789/10961/6

o entity85_brush1
usemtl Wooden Texture
f  5791/10962/1  5792/10963/1  5793/10964/1  5794/10965/1
usemtl Wooden Texture
f  5795/10966/273  5794/10967/273  5793/10968/273  5796/10969/273
usemtl Wooden Texture
f  5796/10970/2  5793/10971/2  5792/10972/2  5797/10973/2
usemtl Wooden Texture
f  5797/10974/3  5792/10975/3  5791/10976/3  5798/10977/3
usemtl Wooden Texture
f  5798/10978/5  5791/10979/5  5794/10980/5  5795/10981/5
usemtl Wooden Texture
f  5797/10982/6  5798/10983/6  5795/10984/6  5796/10985/6

o entity85_brush2
usemtl Wooden Texture
f  5799/10986/1  5800/10987/1  5801/10988/1  5802/10989/1
usemtl Wooden Texture
f  5803/10966/273  5802/10967/273  5801/10968/273  5804/10969/273
usemtl Wooden Texture
f  5804/10990/2  5801/10991/2  5800/10992/2  5805/10993/2
usemtl Wooden Texture
f  5805/10974/3  5800/10975/3  5799/10976/3  5806/10977/3
usemtl Wooden Texture
f  5806/10994/5  5799/10995/5  5802/10996/5  5803/10997/5
usemtl Wooden Texture
f  5805/10998/6  5806/10999/6  5803/11000/6  5804/11001/6

o entity85_brush3
usemtl Wooden Texture
f  5807/11002/1  5808/11003/1  5809/11004/1  5810/11005/1
usemtl Wooden Texture
f  5811/11006/2  5809/11007/2  5808/11008/2  5812/11009/2
usemtl Wooden Texture
f  5812/10974/3  5808/11010/3  5807/11011/3  5813/10977/3
usemtl Wooden Texture
f  5814/10966/4  5810/11012/4  5809/11013/4  5811/10969/4
usemtl Wooden Texture
f  5813/11014/5  5807/11015/5  5810/11016/5  5814/11017/5
usemtl Wooden Texture
f  5814/11018/6  5811/11019/6  5812/11020/6  5813/11021/6

o entity85_brush4
usemtl black
f  5815/10941/1  5816/11022/1  5817/11023/1  5818/11024/1
usemtl black
f  5819/11025/2  5817/11026/2  5816/10943/2  5820/10942/2
usemtl black
f  5820/11027/3  5816/11028/3  5815/10948/3  5821/10949/3
usemtl black
f  5822/10950/4  5818/10951/4  5817/11029/4  5819/11030/4
usemtl black
f  5821/10957/5  5815/10956/5  5818/11031/5  5822/11032/5
usemtl black
f  5822/11033/6  5819/11034/6  5820/11035/6  5821/10958/6

o entity85_brush5
usemtl black
f  5823/11036/1  5824/11037/1  5825/10939/1  5826/10938/1
usemtl black
f  5827/10945/2  5825/10944/2  5824/11038/2  5828/11039/2
usemtl black
f  5828/10946/3  5824/10947/3  5823/10948/3  5829/10949/3
usemtl black
f  5830/10950/4  5826/10951/4  5825/10952/4  5827/10953/4
usemtl black
f  5829/11040/5  5823/11041/5  5826/10955/5  5830/10954/5
usemtl black
f  5830/10961/6  5827/10960/6  5828/11042/6  5829/11043/6

o entity85_brush6
usemtl black
f  5831/11037/1  5832/11044/1  5833/11045/1  5834/10939/1
usemtl black
f  5835/11046/2  5833/10944/2  5832/11038/2  5836/11047/2
usemtl black
f  5836/11048/3  5832/11028/3  5831/10947/3  5837/11049/3
usemtl black
f  5838/11050/4  5834/10952/4  5833/11029/4  5835/11051/4
usemtl black
f  5837/11052/5  5831/11041/5  5834/10955/5  5838/11053/5
usemtl black
f  5838/10960/6  5835/11054/6  5836/11055/6  5837/11042/6

o entity86_brush0
usemtl black
f  5839/11056/1  5840/11057/1  5841/11058/1  5842/11059/1
usemtl black
f  5843/11060/2  5841/11061/2  5840/10846/2  5844/11062/2
usemtl black
f  5844/11063/3  5840/11064/3  5839/11065/3  5845/11066/3
usemtl black
f  5846/11067/4  5842/11068/4  5841/11069/4  5843/11070/4
usemtl black
f  5845/11071/5  5839/10837/5  5842/11072/5  5846/11073/5
usemtl black
f  5846/11074/6  5843/11075/6  5844/11076/6  5845/11077/6

o entity86_brush1
usemtl Wooden Texture
f  5847/6144/1  5848/11078/1  5849/11079/1  5850/11080/1
usemtl Wooden Texture
f  5851/11081/2  5849/11082/2  5848/11083/2  5852/11084/2
usemtl Wooden Texture
f  5853/11085/28  5850/11086/28  5849/11087/28  5851/11088/28
usemtl Wooden Texture
f  5852/11089/3  5848/11090/3  5847/11091/3  5854/11092/3
usemtl Wooden Texture
f  5854/11093/5  5847/11094/5  5850/11095/5  5853/11096/5
usemtl Wooden Texture
f  5851/11097/6  5852/11098/6  5854/6130/6  5853/11099/6

o entity86_brush2
usemtl Wooden Texture
f  5855/11100/1  5856/11101/1  5857/11102/1  5858/11103/1
usemtl Wooden Texture
f  5859/11104/2  5857/11105/2  5856/11106/2  5860/11107/2
usemtl Wooden Texture
f  5861/11085/28  5858/11086/28  5857/11087/28  5859/11088/28
usemtl Wooden Texture
f  5860/11089/3  5856/11090/3  5855/11091/3  5862/11092/3
usemtl Wooden Texture
f  5862/11108/5  5855/11109/5  5858/11110/5  5861/11111/5
usemtl Wooden Texture
f  5859/11112/6  5860/11113/6  5862/11114/6  5861/11115/6

o entity86_brush3
usemtl Wooden Texture
f  5863/11116/1  5864/11117/1  5865/11118/1  5866/11119/1
usemtl Wooden Texture
f  5867/11120/2  5865/11121/2  5864/11122/2  5868/11123/2
usemtl Wooden Texture
f  5868/11124/3  5864/11125/3  5863/11091/3  5869/11092/3
usemtl Wooden Texture
f  5870/11085/4  5866/11086/4  5865/11126/4  5867/11127/4
usemtl Wooden Texture
f  5869/11128/5  5863/11129/5  5866/11130/5  5870/11131/5
usemtl Wooden Texture
f  5870/11132/6  5867/11133/6  5868/11134/6  5869/11135/6

o entity86_brush4
usemtl black
f  5871/11059/1  5872/11058/1  5873/11136/1  5874/11137/1
usemtl black
f  5875/11138/2  5873/11139/2  5872/11140/2  5876/11060/2
usemtl black
f  5876/11063/3  5872/11141/3  5871/11142/3  5877/11066/3
usemtl black
f  5878/11067/4  5874/11143/4  5873/11144/4  5875/11070/4
usemtl black
f  5877/11073/5  5871/11145/5  5874/11146/5  5878/11147/5
usemtl black
f  5878/11148/6  5875/11149/6  5876/11075/6  5877/11074/6

o entity86_brush5
usemtl black
f  5879/11150/1  5880/11151/1  5881/11057/1  5882/11056/1
usemtl black
f  5883/11062/2  5881/10846/2  5880/11152/2  5884/11153/2
usemtl black
f  5884/11063/3  5880/11064/3  5879/11065/3  5885/11066/3
usemtl black
f  5886/11067/4  5882/11068/4  5881/11069/4  5883/11070/4
usemtl black
f  5885/11154/5  5879/11155/5  5882/10837/5  5886/11071/5
usemtl black
f  5886/11077/6  5883/11076/6  5884/11156/6  5885/11157/6

o entity86_brush6
usemtl black
f  5887/11158/1  5888/11151/1  5889/11057/1  5890/11159/1
usemtl black
f  5891/10846/2  5889/11160/2  5888/11161/2  5892/11152/2
usemtl black
f  5892/11064/3  5888/11141/3  5887/11162/3  5893/11163/3
usemtl black
f  5894/11164/4  5890/11165/4  5889/11144/4  5891/11069/4
usemtl black
f  5893/11155/5  5887/11166/5  5890/11167/5  5894/10837/5
usemtl black
f  5894/11168/6  5891/11076/6  5892/11156/6  5893/11169/6

o entity87_brush0
usemtl black
f  5895/10918/1  5896/11170/1  5897/11171/1  5898/11172/1
usemtl black
f  5899/11173/2  5897/11174/2  5896/11175/2  5900/11176/2
usemtl black
f  5900/11177/3  5896/11178/3  5895/11179/3  5901/11180/3
usemtl black
f  5902/11181/4  5898/11182/4  5897/11183/4  5899/11184/4
usemtl black
f  5901/11185/5  5895/11186/5  5898/11187/5  5902/11188/5
usemtl black
f  5902/11189/6  5899/11190/6  5900/11191/6  5901/10927/6

o entity87_brush1
usemtl Wooden Texture
f  5903/11192/1  5904/11193/1  5905/2619/1  5906/11194/1
usemtl Wooden Texture
f  5907/11195/2  5906/11196/2  5905/11197/2  5908/11198/2
usemtl Wooden Texture
f  5908/11199/3  5905/11200/3  5904/11201/3  5909/11202/3
usemtl Wooden Texture
f  5909/11203/5  5904/11204/5  5903/11205/5  5910/11206/5
usemtl Wooden Texture
f  5910/11207/27  5903/11208/27  5906/11209/27  5907/11210/27
usemtl Wooden Texture
f  5909/11211/6  5910/11212/6  5907/11213/6  5908/2616/6

o entity87_brush2
usemtl Wooden Texture
f  5911/11214/1  5912/11215/1  5913/11216/1  5914/11217/1
usemtl Wooden Texture
f  5915/11218/2  5914/11219/2  5913/11220/2  5916/11221/2
usemtl Wooden Texture
f  5916/11199/3  5913/11200/3  5912/11201/3  5917/11202/3
usemtl Wooden Texture
f  5917/11222/5  5912/11223/5  5911/11224/5  5918/11225/5
usemtl Wooden Texture
f  5918/11207/27  5911/11208/27  5914/11209/27  5915/11210/27
usemtl Wooden Texture
f  5917/11226/6  5918/11227/6  5915/11228/6  5916/11229/6

o entity87_brush3
usemtl Wooden Texture
f  5919/11230/1  5920/11231/1  5921/11232/1  5922/11233/1
usemtl Wooden Texture
f  5923/11234/2  5921/11235/2  5920/11236/2  5924/11237/2
usemtl Wooden Texture
f  5924/11238/3  5920/11200/3  5919/11201/3  5925/11239/3
usemtl Wooden Texture
f  5926/11240/4  5922/11208/4  5921/11209/4  5923/11241/4
usemtl Wooden Texture
f  5925/11242/5  5919/11243/5  5922/11244/5  5926/11245/5
usemtl Wooden Texture
f  5926/11246/6  5923/11247/6  5924/11248/6  5925/11249/6

o entity87_brush4
usemtl black
f  5927/11250/1  5928/11171/1  5929/11251/1  5930/11252/1
usemtl black
f  5931/11253/2  5929/11254/2  5928/11174/2  5932/11173/2
usemtl black
f  5932/11177/3  5928/11178/3  5927/11255/3  5933/11256/3
usemtl black
f  5934/11257/4  5930/11258/4  5929/11183/4  5931/11184/4
usemtl black
f  5933/11188/5  5927/11187/5  5930/11259/5  5934/11260/5
usemtl black
f  5934/11261/6  5931/11262/6  5932/11190/6  5933/11263/6

o entity87_brush5
usemtl black
f  5935/11264/1  5936/11265/1  5937/11170/1  5938/10918/1
usemtl black
f  5939/11176/2  5937/11175/2  5936/11266/2  5940/11267/2
usemtl black
f  5940/11177/3  5936/11178/3  5935/11179/3  5941/11180/3
usemtl black
f  5942/11181/4  5938/11182/4  5937/11183/4  5939/11184/4
usemtl black
f  5941/11268/5  5935/11269/5  5938/11186/5  5942/11185/5
usemtl black
f  5942/10927/6  5939/11191/6  5940/11270/6  5941/11271/6

o entity87_brush6
usemtl black
f  5943/11272/1  5944/11264/1  5945/10918/1  5946/11273/1
usemtl black
f  5947/11176/2  5945/11274/2  5944/11275/2  5948/11267/2
usemtl black
f  5948/11180/3  5944/11276/3  5943/11277/3  5949/11256/3
usemtl black
f  5950/11257/4  5946/11278/4  5945/11279/4  5947/11181/4
usemtl black
f  5949/11268/5  5943/11280/5  5946/11281/5  5950/11185/5
usemtl black
f  5950/11282/6  5947/10927/6  5948/11271/6  5949/11283/6

o entity88_brush0
usemtl black
f  5951/11284/1  5952/11285/1  5953/11286/1  5954/11287/1
usemtl black
f  5955/10957/2  5953/10956/2  5952/10955/2  5956/10954/2
usemtl black
f  5956/11288/3  5952/11289/3  5951/11290/3  5957/11291/3
usemtl black
f  5958/11292/4  5954/11293/4  5953/11289/4  5955/11288/4
usemtl black
f  5957/10945/5  5951/10944/5  5954/10943/5  5958/10942/5
usemtl black
f  5958/11294/6  5955/11286/6  5956/11285/6  5957/11295/6

o entity88_brush1
usemtl Wooden Texture
f  5959/6145/1  5960/11296/1  5961/11297/1  5962/11298/1
usemtl Wooden Texture
f  5963/11299/273  5962/11300/273  5961/11301/273  5964/11302/273
usemtl Wooden Texture
f  5964/11303/2  5961/11304/2  5960/11305/2  5965/11306/2
usemtl Wooden Texture
f  5965/11307/3  5960/11308/3  5959/11309/3  5966/11310/3
usemtl Wooden Texture
f  5966/11311/5  5959/11312/5  5962/11313/5  5963/11314/5
usemtl Wooden Texture
f  5965/11315/6  5966/6131/6  5963/11316/6  5964/11317/6

o entity88_brush2
usemtl Wooden Texture
f  5967/11318/1  5968/11319/1  5969/11320/1  5970/11321/1
usemtl Wooden Texture
f  5971/11299/273  5970/11300/273  5969/11301/273  5972/11302/273
usemtl Wooden Texture
f  5972/11322/2  5969/11323/2  5968/11324/2  5973/11325/2
usemtl Wooden Texture
f  5973/11307/3  5968/11308/3  5967/11309/3  5974/11310/3
usemtl Wooden Texture
f  5974/11326/5  5967/11327/5  5970/11328/5  5971/11329/5
usemtl Wooden Texture
f  5973/11330/6  5974/11331/6  5971/11332/6  5972/11333/6

o entity88_brush3
usemtl Wooden Texture
f  5975/11334/1  5976/4063/1  5977/11335/1  5978/11336/1
usemtl Wooden Texture
f  5979/11337/2  5977/11338/2  5976/11339/2  5980/11340/2
usemtl Wooden Texture
f  5980/11307/3  5976/11341/3  5975/11342/3  5981/11310/3
usemtl Wooden Texture
f  5982/11299/4  5978/11343/4  5977/11344/4  5979/11302/4
usemtl Wooden Texture
f  5981/11345/5  5975/11346/5  5978/11347/5  5982/11348/5
usemtl Wooden Texture
f  5982/11349/6  5979/11350/6  5980/4054/6  5981/11351/6

o entity88_brush4
usemtl black
f  5983/11352/1  5984/11286/1  5985/11353/1  5986/11354/1
usemtl black
f  5987/11032/2  5985/11031/2  5984/10956/2  5988/10957/2
usemtl black
f  5988/11288/3  5984/11289/3  5983/11355/3  5989/11356/3
usemtl black
f  5990/11357/4  5986/11358/4  5985/11289/4  5987/11288/4
usemtl black
f  5989/10942/5  5983/10943/5  5986/11026/5  5990/11025/5
usemtl black
f  5990/11359/6  5987/11353/6  5988/11286/6  5989/11360/6

o entity88_brush5
usemtl black
f  5991/11361/1  5992/11362/1  5993/11285/1  5994/11284/1
usemtl black
f  5995/10954/2  5993/10955/2  5992/11041/2  5996/11040/2
usemtl black
f  5996/11288/3  5992/11289/3  5991/11290/3  5997/11291/3
usemtl black
f  5998/11292/4  5994/11293/4  5993/11289/4  5995/11288/4
usemtl black
f  5997/11039/5  5991/11038/5  5994/10944/5  5998/10945/5
usemtl black
f  5998/11295/6  5995/11285/6  5996/11362/6  5997/11363/6

o entity88_brush6
usemtl black
f  5999/11364/1  6000/11361/1  6001/11284/1  6002/11365/1
usemtl black
f  6003/11053/2  6001/10955/2  6000/11041/2  6004/11052/2
usemtl black
f  6004/11366/3  6000/11290/3  5999/11355/3  6005/11367/3
usemtl black
f  6006/11368/4  6002/11358/4  6001/11293/4  6003/11369/4
usemtl black
f  6005/11047/5  5999/11038/5  6002/10944/5  6006/11046/5
usemtl black
f  6006/11370/6  6003/11295/6  6004/11363/6  6005/11371/6

o entity89_brush0
usemtl black
f  6007/11372/1  6008/11373/1  6009/11374/1  6010/11375/1
usemtl black
f  6011/11376/2  6009/11377/2  6008/11378/2  6012/11379/2
usemtl black
f  6012/11380/3  6008/11381/3  6007/11382/3  6013/11383/3
usemtl black
f  6014/11384/4  6010/11385/4  6009/11386/4  6011/11387/4
usemtl black
f  6013/11388/5  6007/11389/5  6010/11390/5  6014/11391/5
usemtl black
f  6014/11392/6  6011/11393/6  6012/11394/6  6013/11395/6

o entity89_brush1
usemtl Wooden Texture
f  6015/11396/1  6016/11397/1  6017/11398/1  6018/11399/1
usemtl Wooden Texture
f  6019/11400/2  6017/11401/2  6016/11402/2  6020/11403/2
usemtl Wooden Texture
f  6020/11404/3  6016/11405/3  6015/11406/3  6021/11407/3
usemtl Wooden Texture
f  6022/11408/52  6018/11409/52  6017/11410/52  6019/11411/52
usemtl Wooden Texture
f  6021/11412/5  6015/11413/5  6018/11414/5  6022/11415/5
usemtl Wooden Texture
f  6022/11416/6  6019/11417/6  6020/11418/6  6021/11419/6

o entity89_brush2
usemtl Wooden Texture
f  6023/11420/1  6024/11421/1  6025/11422/1  6026/11423/1
usemtl Wooden Texture
f  6027/11424/2  6025/11425/2  6024/11426/2  6028/11427/2
usemtl Wooden Texture
f  6028/11404/3  6024/11405/3  6023/11406/3  6029/11407/3
usemtl Wooden Texture
f  6030/11408/52  6026/11409/52  6025/11410/52  6027/11411/52
usemtl Wooden Texture
f  6029/11428/5  6023/11429/5  6026/11430/5  6030/11431/5
usemtl Wooden Texture
f  6030/11432/6  6027/11433/6  6028/11434/6  6029/11435/6

o entity89_brush3
usemtl Wooden Texture
f  6031/11436/1  6032/11437/1  6033/11438/1  6034/11439/1
usemtl Wooden Texture
f  6035/11440/2  6033/11441/2  6032/11442/2  6036/11443/2
usemtl Wooden Texture
f  6036/11404/3  6032/11405/3  6031/11444/3  6037/11445/3
usemtl Wooden Texture
f  6038/11446/4  6034/11447/4  6033/11410/4  6035/11411/4
usemtl Wooden Texture
f  6037/11448/5  6031/11449/5  6034/11450/5  6038/11451/5
usemtl Wooden Texture
f  6038/11452/6  6035/11453/6  6036/11454/6  6037/11455/6

o entity89_brush4
usemtl black
f  6039/11375/1  6040/11374/1  6041/11456/1  6042/11457/1
usemtl black
f  6043/11458/2  6041/11459/2  6040/11377/2  6044/11460/2
usemtl black
f  6044/11461/3  6040/11381/3  6039/11382/3  6045/11462/3
usemtl black
f  6046/11463/4  6042/11385/4  6041/11386/4  6043/11464/4
usemtl black
f  6045/11465/5  6039/11390/5  6042/11466/5  6046/11467/5
usemtl black
f  6046/11468/6  6043/11469/6  6044/11393/6  6045/11392/6

o entity89_brush5
usemtl black
f  6047/11470/1  6048/11471/1  6049/11373/1  6050/11372/1
usemtl black
f  6051/11379/2  6049/11378/2  6048/11472/2  6052/11473/2
usemtl black
f  6052/11380/3  6048/11381/3  6047/11382/3  6053/11383/3
usemtl black
f  6054/11384/4  6050/11385/4  6049/11386/4  6051/11387/4
usemtl black
f  6053/11474/5  6047/11475/5  6050/11389/5  6054/11388/5
usemtl black
f  6054/11395/6  6051/11394/6  6052/11476/6  6053/11477/6

o entity89_brush6
usemtl black
f  6055/11470/1  6056/11478/1  6057/11479/1  6058/11372/1
usemtl black
f  6059/11480/2  6057/11379/2  6056/11473/2  6060/11481/2
usemtl black
f  6060/11482/3  6056/11483/3  6055/11383/3  6061/11462/3
usemtl black
f  6062/11463/4  6058/11384/4  6057/11484/4  6059/11485/4
usemtl black
f  6061/11486/5  6055/11474/5  6058/11388/5  6062/11487/5
usemtl black
f  6062/11395/6  6059/11488/6  6060/11489/6  6061/11477/6

o entity90_brush0
usemtl black
f  6063/11490/1  6064/11491/1  6065/11492/1  6066/11493/1
usemtl black
f  6067/11494/2  6065/11495/2  6064/11496/2  6068/11497/2
usemtl black
f  6068/11498/3  6064/11499/3  6063/11500/3  6069/11501/3
usemtl black
f  6070/11502/4  6066/11503/4  6065/11504/4  6067/11505/4
usemtl black
f  6069/11506/5  6063/11507/5  6066/11508/5  6070/11509/5
usemtl black
f  6070/11510/6  6067/11511/6  6068/11512/6  6069/11513/6

o entity90_brush1
usemtl Wooden Texture
f  6071/6130/1  6072/11098/1  6073/11097/1  6074/11099/1
usemtl Wooden Texture
f  6075/11514/2  6073/11515/2  6072/11516/2  6076/11517/2
usemtl Wooden Texture
f  6077/11518/28  6074/11519/28  6073/11520/28  6075/11521/28
usemtl Wooden Texture
f  6076/11522/3  6072/11523/3  6071/11524/3  6078/11525/3
usemtl Wooden Texture
f  6078/11526/5  6071/11527/5  6074/11528/5  6077/11529/5
usemtl Wooden Texture
f  6075/11079/6  6076/11078/6  6078/6144/6  6077/11080/6

o entity90_brush2
usemtl Wooden Texture
f  6079/11114/1  6080/11113/1  6081/11112/1  6082/11115/1
usemtl Wooden Texture
f  6083/11530/2  6081/11531/2  6080/11532/2  6084/11533/2
usemtl Wooden Texture
f  6085/11518/28  6082/11519/28  6081/11520/28  6083/11521/28
usemtl Wooden Texture
f  6084/11522/3  6080/11523/3  6079/11524/3  6086/11525/3
usemtl Wooden Texture
f  6086/11534/5  6079/11535/5  6082/11536/5  6085/11537/5
usemtl Wooden Texture
f  6083/11102/6  6084/11101/6  6086/11100/6  6085/11103/6

o entity90_brush3
usemtl Wooden Texture
f  6087/11135/1  6088/11134/1  6089/11133/1  6090/11132/1
usemtl Wooden Texture
f  6091/11538/2  6089/11539/2  6088/11540/2  6092/11541/2
usemtl Wooden Texture
f  6092/11542/3  6088/11543/3  6087/11524/3  6093/11525/3
usemtl Wooden Texture
f  6094/11518/4  6090/11519/4  6089/11544/4  6091/11545/4
usemtl Wooden Texture
f  6093/11546/5  6087/11547/5  6090/11548/5  6094/11549/5
usemtl Wooden Texture
f  6094/11119/6  6091/11118/6  6092/11117/6  6093/11116/6

o entity90_brush4
usemtl black
f  6095/11493/1  6096/11492/1  6097/11550/1  6098/11551/1
usemtl black
f  6099/11552/2  6097/11553/2  6096/11495/2  6100/11554/2
usemtl black
f  6100/11555/3  6096/11499/3  6095/11500/3  6101/11556/3
usemtl black
f  6102/11557/4  6098/11503/4  6097/11504/4  6099/11558/4
usemtl black
f  6101/11559/5  6095/11508/5  6098/11560/5  6102/11561/5
usemtl black
f  6102/11562/6  6099/11563/6  6100/11511/6  6101/11510/6

o entity90_brush5
usemtl black
f  6103/11077/1  6104/11076/1  6105/11491/1  6106/11490/1
usemtl black
f  6107/11497/2  6105/11496/2  6104/11564/2  6108/11565/2
usemtl black
f  6108/11498/3  6104/11499/3  6103/11500/3  6109/11501/3
usemtl black
f  6110/11502/4  6106/11503/4  6105/11504/4  6107/11505/4
usemtl black
f  6109/11566/5  6103/11567/5  6106/11507/5  6110/11506/5
usemtl black
f  6110/11513/6  6107/11512/6  6108/11057/6  6109/11056/6

o entity90_brush6
usemtl black
f  6111/11168/1  6112/11076/1  6113/11491/1  6114/11568/1
usemtl black
f  6115/11569/2  6113/11497/2  6112/11565/2  6116/11570/2
usemtl black
f  6116/11555/3  6112/11498/3  6111/11571/3  6117/11572/3
usemtl black
f  6118/11573/4  6114/11574/4  6113/11505/4  6115/11558/4
usemtl black
f  6117/11575/5  6111/11566/5  6114/11506/5  6118/11576/5
usemtl black
f  6118/11577/6  6115/11512/6  6116/11057/6  6117/11159/6

o entity91_brush0
usemtl black
f  6119/11578/1  6120/11579/1  6121/11580/1  6122/11581/1
usemtl black
f  6123/11582/2  6121/11583/2  6120/11584/2  6124/11585/2
usemtl black
f  6124/11586/3  6120/11587/3  6119/11588/3  6125/11589/3
usemtl black
f  6126/11590/4  6122/11591/4  6121/11592/4  6123/11593/4
usemtl black
f  6125/11594/5  6119/11595/5  6122/11596/5  6126/11597/5
usemtl black
f  6126/11598/6  6123/11599/6  6124/11600/6  6125/11601/6

o entity91_brush1
usemtl Wooden Texture
f  6127/11602/1  6128/11603/1  6129/11604/1  6130/11605/1
usemtl Wooden Texture
f  6131/11606/2  6130/11607/2  6129/11608/2  6132/11609/2
usemtl Wooden Texture
f  6132/11610/3  6129/11611/3  6128/11612/3  6133/11613/3
usemtl Wooden Texture
f  6133/11614/5  6128/11615/5  6127/11616/5  6134/11617/5
usemtl Wooden Texture
f  6134/11618/27  6127/11619/27  6130/11620/27  6131/11621/27
usemtl Wooden Texture
f  6133/11622/6  6134/11623/6  6131/11624/6  6132/11625/6

o entity91_brush2
usemtl Wooden Texture
f  6135/11626/1  6136/11627/1  6137/11628/1  6138/11629/1
usemtl Wooden Texture
f  6139/11630/2  6138/11631/2  6137/11632/2  6140/11633/2
usemtl Wooden Texture
f  6140/11610/3  6137/11611/3  6136/11612/3  6141/11613/3
usemtl Wooden Texture
f  6141/11634/5  6136/11635/5  6135/11636/5  6142/11637/5
usemtl Wooden Texture
f  6142/11618/27  6135/11619/27  6138/11620/27  6139/11621/27
usemtl Wooden Texture
f  6141/11638/6  6142/11639/6  6139/11640/6  6140/11641/6

o entity91_brush3
usemtl Wooden Texture
f  6143/11642/1  6144/11643/1  6145/11644/1  6146/11645/1
usemtl Wooden Texture
f  6147/11646/2  6145/11647/2  6144/11648/2  6148/11649/2
usemtl Wooden Texture
f  6148/11650/3  6144/11611/3  6143/11612/3  6149/11651/3
usemtl Wooden Texture
f  6150/11652/4  6146/11619/4  6145/11620/4  6147/11653/4
usemtl Wooden Texture
f  6149/11654/5  6143/11655/5  6146/11656/5  6150/11657/5
usemtl Wooden Texture
f  6150/11658/6  6147/11659/6  6148/11660/6  6149/11661/6

o entity91_brush4
usemtl black
f  6151/11581/1  6152/11662/1  6153/11663/1  6154/11664/1
usemtl black
f  6155/11665/2  6153/11666/2  6152/11583/2  6156/11582/2
usemtl black
f  6156/11667/3  6152/11668/3  6151/11588/3  6157/11589/3
usemtl black
f  6158/11590/4  6154/11591/4  6153/11669/4  6155/11670/4
usemtl black
f  6157/11597/5  6151/11596/5  6154/11671/5  6158/11672/5
usemtl black
f  6158/11673/6  6155/11674/6  6156/11675/6  6157/11598/6

o entity91_brush5
usemtl black
f  6159/10867/1  6160/11676/1  6161/11579/1  6162/11578/1
usemtl black
f  6163/11585/2  6161/11584/2  6160/11186/2  6164/11185/2
usemtl black
f  6164/11586/3  6160/11587/3  6159/11588/3  6165/11589/3
usemtl black
f  6166/11590/4  6162/11591/4  6161/11592/4  6163/11593/4
usemtl black
f  6165/11176/5  6159/11175/5  6162/11595/5  6166/11594/5
usemtl black
f  6166/11601/6  6163/11600/6  6164/11677/6  6165/10854/6

o entity91_brush6
usemtl black
f  6167/11676/1  6168/11678/1  6169/11679/1  6170/11579/1
usemtl black
f  6171/11585/2  6169/11680/2  6168/11281/2  6172/11185/2
usemtl black
f  6172/11667/3  6168/11681/3  6167/11682/3  6173/11586/3
usemtl black
f  6174/11593/4  6170/11683/4  6169/11684/4  6171/11670/4
usemtl black
f  6173/11176/5  6167/11274/5  6170/11685/5  6174/11594/5
usemtl black
f  6174/11600/6  6171/11686/6  6172/11687/6  6173/11677/6

o entity92_brush0
usemtl black
f  6175/11688/1  6176/11689/1  6177/11690/1  6178/11691/1
usemtl black
f  6179/11692/2  6177/11693/2  6176/11694/2  6180/11695/2
usemtl black
f  6180/11696/3  6176/11697/3  6175/11698/3  6181/11699/3
usemtl black
f  6182/11700/4  6178/11701/4  6177/11702/4  6179/11703/4
usemtl black
f  6181/11704/5  6175/11705/5  6178/11706/5  6182/11707/5
usemtl black
f  6182/11708/6  6179/11709/6  6180/11710/6  6181/11711/6

o entity92_brush1
usemtl Wooden Texture
f  6183/11419/1  6184/11418/1  6185/11417/1  6186/11416/1
usemtl Wooden Texture
f  6187/11712/2  6185/11713/2  6184/11714/2  6188/11715/2
usemtl Wooden Texture
f  6188/11716/3  6184/11717/3  6183/11718/3  6189/11719/3
usemtl Wooden Texture
f  6190/11720/52  6186/11721/52  6185/11722/52  6187/11723/52
usemtl Wooden Texture
f  6189/11724/5  6183/11725/5  6186/11726/5  6190/11727/5
usemtl Wooden Texture
f  6190/11399/6  6187/11398/6  6188/11397/6  6189/11396/6

o entity92_brush2
usemtl Wooden Texture
f  6191/11435/1  6192/11434/1  6193/11433/1  6194/11432/1
usemtl Wooden Texture
f  6195/11728/2  6193/11729/2  6192/11730/2  6196/11731/2
usemtl Wooden Texture
f  6196/11716/3  6192/11717/3  6191/11718/3  6197/11719/3
usemtl Wooden Texture
f  6198/11720/52  6194/11721/52  6193/11722/52  6195/11723/52
usemtl Wooden Texture
f  6197/11732/5  6191/11733/5  6194/11734/5  6198/11735/5
usemtl Wooden Texture
f  6198/11423/6  6195/11422/6  6196/11421/6  6197/11420/6

o entity92_brush3
usemtl Wooden Texture
f  6199/11455/1  6200/11454/1  6201/11453/1  6202/11452/1
usemtl Wooden Texture
f  6203/11736/2  6201/11737/2  6200/11738/2  6204/11739/2
usemtl Wooden Texture
f  6204/11716/3  6200/11717/3  6199/11740/3  6205/11741/3
usemtl Wooden Texture
f  6206/11742/4  6202/11743/4  6201/11722/4  6203/11723/4
usemtl Wooden Texture
f  6205/11744/5  6199/11745/5  6202/11746/5  6206/11747/5
usemtl Wooden Texture
f  6206/11439/6  6203/11438/6  6204/11437/6  6205/11436/6

o entity92_brush4
usemtl black
f  6207/11691/1  6208/11690/1  6209/11748/1  6210/11749/1
usemtl black
f  6211/11750/2  6209/11751/2  6208/11752/2  6212/11692/2
usemtl black
f  6212/11696/3  6208/11753/3  6207/11754/3  6213/11699/3
usemtl black
f  6214/11700/4  6210/11755/4  6209/11756/4  6211/11703/4
usemtl black
f  6213/11707/5  6207/11757/5  6210/11758/5  6214/11759/5
usemtl black
f  6214/11760/6  6211/11761/6  6212/11709/6  6213/11708/6

o entity92_brush5
usemtl black
f  6215/11762/1  6216/11763/1  6217/11689/1  6218/11688/1
usemtl black
f  6219/11695/2  6217/11694/2  6216/11764/2  6220/11765/2
usemtl black
f  6220/11696/3  6216/11697/3  6215/11698/3  6221/11699/3
usemtl black
f  6222/11700/4  6218/11701/4  6217/11702/4  6219/11703/4
usemtl black
f  6221/11766/5  6215/11767/5  6218/11705/5  6222/11704/5
usemtl black
f  6222/11711/6  6219/11710/6  6220/11768/6  6221/11769/6

o entity92_brush6
usemtl black
f  6223/11762/1  6224/11770/1  6225/11771/1  6226/11688/1
usemtl black
f  6227/11694/2  6225/11772/2  6224/11773/2  6228/11764/2
usemtl black
f  6228/11774/3  6224/11775/3  6223/11754/3  6229/11698/3
usemtl black
f  6230/11701/4  6226/11755/4  6225/11776/4  6227/11777/4
usemtl black
f  6229/11767/5  6223/11778/5  6226/11779/5  6230/11705/5
usemtl black
f  6230/11711/6  6227/11780/6  6228/11781/6  6229/11769/6

